作品名,放映開始日,放映終了日,CDタイトル,収録曲,購入,発売会社,品番,備考
鉄腕アトム,1963/01/01,1966/12/31,初盤(?),"OP/鉄腕アトム (歌/上高田少年合唱団)
｢リボンの騎士｣",https://www.amazon.co.jp/s?k=KU-167%20%E5%88%9D%E7%9B%A4%28%3F%29,テイチク,KU-167,混載盤。テレビ素材を使用したフルコーラス版。
鉄腕アトム,1963/01/01,1966/12/31,初盤,"OP/鉄腕アトム (歌/上高田少年合唱団) (ソノラマver）
ED･OP/鉄腕アトム(インスト)
鉄腕アトムのマーチ",https://www.amazon.co.jp/s?k=B-61%20%E5%88%9D%E7%9B%A4,朝日ソノラマ,B-61,---
鉄腕アトム,1963/01/01,1966/12/31,初盤,"OP/鉄腕アトム (歌/クラウン・ポニー・ボーイズ、服部俊博)
鉄腕アトム・マーチ",https://www.amazon.co.jp/s?k=EW-53%20%E5%88%9D%E7%9B%A4,クラウン,EW-53,２→服部俊博は2番部分（ソロ）を歌唱。
鉄腕アトム,1963/01/01,1966/12/31,オリジナル版懐かしのアニメソング大全[1]1963～1967,OP/鉄腕アトム (歌/上高田少年合唱団),https://www.amazon.co.jp/s?k=TOCT-8513%20%E3%82%AA%E3%83%AA%E3%82%B8%E3%83%8A%E3%83%AB%E7%89%88%E6%87%90%E3%81%8B%E3%81%97%E3%81%AE%E3%82%A2%E3%83%8B%E3%83%A1%E3%82%BD%E3%83%B3%E3%82%B0%E5%A4%A7%E5%85%A8%5B1%5D1963%EF%BD%9E1967,東芝EMI,TOCT-8513,---
鉄腕アトム,1963/01/01,1966/12/31,復刻 手塚治虫作品傑作集/鉄腕アトム,OP/鉄腕アトム (歌/上高田少年合唱団),https://www.amazon.co.jp/s?k=TECD-25414%20%E5%BE%A9%E5%88%BB%20%E6%89%8B%E5%A1%9A%E6%B2%BB%E8%99%AB%E4%BD%9C%E5%93%81%E5%82%91%E4%BD%9C%E9%9B%86/%E9%89%84%E8%85%95%E3%82%A2%E3%83%88%E3%83%A0,テイチク,TECD-25414,---
鉄腕アトム,1963/01/01,1966/12/31,虫プロ アンソロジー 1963～1971,ED･OP/鉄腕アトム(インスト),https://www.amazon.co.jp/s?k=MECB-2009%20%E8%99%AB%E3%83%97%E3%83%AD%20%E3%82%A2%E3%83%B3%E3%82%BD%E3%83%AD%E3%82%B8%E3%83%BC%201963%EF%BD%9E1971,トライエム,MECB-2009,TV音源を収録。
鉄腕アトム,1963/01/01,1966/12/31,青春のかけら テレビまんがコレクション,OP/鉄腕アトム (歌/クラウン・ポニー・ボーイズ、服部俊博),https://www.amazon.co.jp/s?k=CRCN-25107%20%E9%9D%92%E6%98%A5%E3%81%AE%E3%81%8B%E3%81%91%E3%82%89%20%E3%83%86%E3%83%AC%E3%83%93%E3%81%BE%E3%82%93%E3%81%8C%E3%82%B3%E3%83%AC%E3%82%AF%E3%82%B7%E3%83%A7%E3%83%B3,日本クラウン,CRCN-25107,ソロ歌唱(2番部分)を取り入れたのは残念で仕方が無い。 解説ではカバーと書いてあるが、オリジナルでほぼ間違いはないと思われる。
鉄腕アトム,1963/01/01,1966/12/31,懐かしのミュージッククリップ45 「鉄腕アトム」,"OP/鉄腕アトム (歌/上高田少年合唱団)
ED･OP/鉄腕アトム(インスト)
ロボット･マーチ",https://www.amazon.co.jp/s?k=TOCT-10612%20%E6%87%90%E3%81%8B%E3%81%97%E3%81%AE%E3%83%9F%E3%83%A5%E3%83%BC%E3%82%B8%E3%83%83%E3%82%AF%E3%82%AF%E3%83%AA%E3%83%83%E3%83%9745%20%E3%80%8C%E9%89%84%E8%85%95%E3%82%A2%E3%83%88%E3%83%A0%E3%80%8D,東芝EMI,TOCT-10612,---
鉄腕アトム,1963/01/01,1966/12/31,懐しのテレビ・ラジオ主題歌全曲集２,ロボット･マーチ,https://www.amazon.co.jp/s?k=KICS-287%20%E6%87%90%E3%81%97%E3%81%AE%E3%83%86%E3%83%AC%E3%83%93%E3%83%BB%E3%83%A9%E3%82%B8%E3%82%AA%E4%B8%BB%E9%A1%8C%E6%AD%8C%E5%85%A8%E6%9B%B2%E9%9B%86%EF%BC%92,キングレコード,KICS-287,---
鉄腕アトム,1963/01/01,1966/12/31,21世紀に遺したい アニメソング大全ミレニアムボックス(6枚組),"OP/鉄腕アトム (歌/上高田少年合唱団)
ED･OP/鉄腕アトム(インスト)",https://www.amazon.co.jp/s?k=TOCT-24381%EF%BD%9E6%2021%E4%B8%96%E7%B4%80%E3%81%AB%E9%81%BA%E3%81%97%E3%81%9F%E3%81%84%20%E3%82%A2%E3%83%8B%E3%83%A1%E3%82%BD%E3%83%B3%E3%82%B0%E5%A4%A7%E5%85%A8%E3%83%9F%E3%83%AC%E3%83%8B%E3%82%A2%E3%83%A0%E3%83%9C%E3%83%83%E3%82%AF%E3%82%B9%286%E6%9E%9A%E7%B5%84%29,東芝EMI,TOCT-24381～6,---
鉄腕アトム,1963/01/01,1966/12/31,アニメ主題歌大全集(10枚組･通信販売のみ),ロボット･マーチ,https://www.amazon.co.jp/s?k=GES-31000%EF%BD%9E9%20%E3%82%A2%E3%83%8B%E3%83%A1%E4%B8%BB%E9%A1%8C%E6%AD%8C%E5%A4%A7%E5%85%A8%E9%9B%86%2810%E6%9E%9A%E7%B5%84%EF%BD%A5%E9%80%9A%E4%BF%A1%E8%B2%A9%E5%A3%B2%E3%81%AE%E3%81%BF%29,コロムビアファミリークラブ,GES-31000～9,１はソノラマVerを収録。
鉄腕アトム,1963/01/01,1966/12/31,朝日ソノラマ主題歌コレクション１,ロボット･マーチ,https://www.amazon.co.jp/s?k=TOCT-25071%EF%BD%9E2%20%E6%9C%9D%E6%97%A5%E3%82%BD%E3%83%8E%E3%83%A9%E3%83%9E%E4%B8%BB%E9%A1%8C%E6%AD%8C%E3%82%B3%E3%83%AC%E3%82%AF%E3%82%B7%E3%83%A7%E3%83%B3%EF%BC%91,東芝EMI,TOCT-25071～2,---
鉄腕アトム,1963/01/01,1966/12/31,永久保存盤 朝日ソノラマ大全集(5枚組),ロボット･マーチ,https://www.amazon.co.jp/s?k=COCX-34642%EF%BD%9E6%20%E6%B0%B8%E4%B9%85%E4%BF%9D%E5%AD%98%E7%9B%A4%20%E6%9C%9D%E6%97%A5%E3%82%BD%E3%83%8E%E3%83%A9%E3%83%9E%E5%A4%A7%E5%85%A8%E9%9B%86%285%E6%9E%9A%E7%B5%84%29,日本コロムビア,COCX-34642～6,---
鉄腕アトム,1963/01/01,1966/12/31,「鉄腕アトム」ソング・コレクション,"OP/鉄腕アトム (歌/上高田少年合唱団)
ロボット･マーチ",https://www.amazon.co.jp/s?k=KICA-8002%20%E3%80%8C%E9%89%84%E8%85%95%E3%82%A2%E3%83%88%E3%83%A0%E3%80%8D%E3%82%BD%E3%83%B3%E3%82%B0%E3%83%BB%E3%82%B3%E3%83%AC%E3%82%AF%E3%82%B7%E3%83%A7%E3%83%B3,キングレコード,KICA-8002,１はソノラマVerと2曲収録。
仙人部落,1963/09/04,1964/02/23,21世紀に遺したい アニメソング大全ミレニアムボックス(6枚組),OP/仙人部落のテーマ,https://www.amazon.co.jp/s?k=TOCT-24381%EF%BD%9E6%2021%E4%B8%96%E7%B4%80%E3%81%AB%E9%81%BA%E3%81%97%E3%81%9F%E3%81%84%20%E3%82%A2%E3%83%8B%E3%83%A1%E3%82%BD%E3%83%B3%E3%82%B0%E5%A4%A7%E5%85%A8%E3%83%9F%E3%83%AC%E3%83%8B%E3%82%A2%E3%83%A0%E3%83%9C%E3%83%83%E3%82%AF%E3%82%B9%286%E6%9E%9A%E7%B5%84%29,東芝EMI,TOCT-24381～6,---
仙人部落,1963/09/04,1964/02/23,オリジナル版懐かしのアニメソング大全 補遺編,OP/仙人部落のテーマ,https://www.amazon.co.jp/s?k=TOCT-9257%20%E3%82%AA%E3%83%AA%E3%82%B8%E3%83%8A%E3%83%AB%E7%89%88%E6%87%90%E3%81%8B%E3%81%97%E3%81%AE%E3%82%A2%E3%83%8B%E3%83%A1%E3%82%BD%E3%83%B3%E3%82%B0%E5%A4%A7%E5%85%A8%20%E8%A3%9C%E9%81%BA%E7%B7%A8,東芝EMI,TOCT-9257,---
仙人部落,1963/09/04,1964/02/23,エイケン アンソロジー 1963～1972,OP/仙人部落のテーマ,https://www.amazon.co.jp/s?k=MECB-2010%20%E3%82%A8%E3%82%A4%E3%82%B1%E3%83%B3%20%E3%82%A2%E3%83%B3%E3%82%BD%E3%83%AD%E3%82%B8%E3%83%BC%201963%EF%BD%9E1972,トライエム,MECB-2010,---
鉄人28号 [第１期］,1963/10/20,1965/05/27,初盤,"OP/鉄人28号 (ソノラマver）
ED/正太郎のマーチ",https://www.amazon.co.jp/s?k=B-62%EF%BC%88%E5%88%9D%E5%9B%9E%E7%99%BA%E5%A3%B2%E5%88%86%EF%BC%89%20%E5%88%9D%E7%9B%A4,朝日ソノラマ,B-62（初回発売分）,---
鉄人28号 [第１期］,1963/10/20,1965/05/27,初盤,"OP/鉄人28号 (ソノラマver）
ED/進め正太郎",https://www.amazon.co.jp/s?k=B-62%20%E5%88%9D%E7%9B%A4,朝日ソノラマ,B-62,---
鉄人28号 [第１期］,1963/10/20,1965/05/27,オリジナル版懐かしのアニメソング大全[1]1963～1967,"OP/鉄人28号
ED/正太郎のマーチ",https://www.amazon.co.jp/s?k=TOCT-8513%20%E3%82%AA%E3%83%AA%E3%82%B8%E3%83%8A%E3%83%AB%E7%89%88%E6%87%90%E3%81%8B%E3%81%97%E3%81%AE%E3%82%A2%E3%83%8B%E3%83%A1%E3%82%BD%E3%83%B3%E3%82%B0%E5%A4%A7%E5%85%A8%5B1%5D1963%EF%BD%9E1967,東芝EMI,TOCT-8513,１はTV音源に最も近いものが収録されている。「グリコ」歌詞入り。
鉄人28号 [第１期］,1963/10/20,1965/05/27,懐かしのミュージッククリップ30 「鉄人28号」,"OP/鉄人28号
ED/正太郎のマーチ
ED/進め正太郎",https://www.amazon.co.jp/s?k=TOCT-10153%20%E6%87%90%E3%81%8B%E3%81%97%E3%81%AE%E3%83%9F%E3%83%A5%E3%83%BC%E3%82%B8%E3%83%83%E3%82%AF%E3%82%AF%E3%83%AA%E3%83%83%E3%83%9730%20%E3%80%8C%E9%89%84%E4%BA%BA28%E5%8F%B7%E3%80%8D,東芝EMI,TOCT-10153,---
鉄人28号 [第１期］,1963/10/20,1965/05/27,21世紀に遺したい アニメソング大全ミレニアムボックス(6枚組),"OP/鉄人28号
ED/正太郎のマーチ",https://www.amazon.co.jp/s?k=TOCT-24381%EF%BD%9E6%2021%E4%B8%96%E7%B4%80%E3%81%AB%E9%81%BA%E3%81%97%E3%81%9F%E3%81%84%20%E3%82%A2%E3%83%8B%E3%83%A1%E3%82%BD%E3%83%B3%E3%82%B0%E5%A4%A7%E5%85%A8%E3%83%9F%E3%83%AC%E3%83%8B%E3%82%A2%E3%83%A0%E3%83%9C%E3%83%83%E3%82%AF%E3%82%B9%286%E6%9E%9A%E7%B5%84%29,東芝EMI,TOCT-24381～6,---
鉄人28号 [第１期］,1963/10/20,1965/05/27,アニメ主題歌大全集(10枚組･通信販売のみ),ED/進め正太郎,https://www.amazon.co.jp/s?k=GES-31000%EF%BD%9E9%20%E3%82%A2%E3%83%8B%E3%83%A1%E4%B8%BB%E9%A1%8C%E6%AD%8C%E5%A4%A7%E5%85%A8%E9%9B%86%2810%E6%9E%9A%E7%B5%84%EF%BD%A5%E9%80%9A%E4%BF%A1%E8%B2%A9%E5%A3%B2%E3%81%AE%E3%81%BF%29,コロムビアファミリークラブ,GES-31000～9,１はソノラマVer。
鉄人28号 [第１期］,1963/10/20,1965/05/27,朝日ソノラマ主題歌コレクション１,"ED/正太郎のマーチ
ED/進め正太郎",https://www.amazon.co.jp/s?k=TOCT-25071%EF%BD%9E2%20%E6%9C%9D%E6%97%A5%E3%82%BD%E3%83%8E%E3%83%A9%E3%83%9E%E4%B8%BB%E9%A1%8C%E6%AD%8C%E3%82%B3%E3%83%AC%E3%82%AF%E3%82%B7%E3%83%A7%E3%83%B3%EF%BC%91,東芝EMI,TOCT-25071～2,---
鉄人28号 [第１期］,1963/10/20,1965/05/27,永久保存盤 朝日ソノラマ大全集(5枚組),"ED/正太郎のマーチ
ED/進め正太郎",https://www.amazon.co.jp/s?k=COCX-34642%EF%BD%9E6%20%E6%B0%B8%E4%B9%85%E4%BF%9D%E5%AD%98%E7%9B%A4%20%E6%9C%9D%E6%97%A5%E3%82%BD%E3%83%8E%E3%83%A9%E3%83%9E%E5%A4%A7%E5%85%A8%E9%9B%86%285%E6%9E%9A%E7%B5%84%29,日本コロムビア,COCX-34642～6,TV・OPクレジットに“朝日ソノラマ”表示があるが、ソノラマからTV同テイクの発売はされていない模様。雑誌付録や他社発売音源にTVに近いものがあるが、詳細不明。
鉄人28号 [第２期］,1965/09/01,1966/05/25,初盤,"OP/鉄人28号 (ソノラマver）
ED/正太郎のマーチ",https://www.amazon.co.jp/s?k=B-62%EF%BC%88%E5%88%9D%E5%9B%9E%E7%99%BA%E5%A3%B2%E5%88%86%EF%BC%89%20%E5%88%9D%E7%9B%A4,朝日ソノラマ,B-62（初回発売分）,---
鉄人28号 [第２期］,1965/09/01,1966/05/25,初盤,"OP/鉄人28号 (ソノラマver）
ED/進め正太郎",https://www.amazon.co.jp/s?k=B-62%20%E5%88%9D%E7%9B%A4,朝日ソノラマ,B-62,---
鉄人28号 [第２期］,1965/09/01,1966/05/25,オリジナル版懐かしのアニメソング大全[1]1963～1967,"OP/鉄人28号
ED/正太郎のマーチ",https://www.amazon.co.jp/s?k=TOCT-8513%20%E3%82%AA%E3%83%AA%E3%82%B8%E3%83%8A%E3%83%AB%E7%89%88%E6%87%90%E3%81%8B%E3%81%97%E3%81%AE%E3%82%A2%E3%83%8B%E3%83%A1%E3%82%BD%E3%83%B3%E3%82%B0%E5%A4%A7%E5%85%A8%5B1%5D1963%EF%BD%9E1967,東芝EMI,TOCT-8513,１はTV音源に最も近いものが収録されている。「グリコ」歌詞入り。
鉄人28号 [第２期］,1965/09/01,1966/05/25,懐かしのミュージッククリップ30 「鉄人28号」,"OP/鉄人28号
ED/正太郎のマーチ
ED/進め正太郎",https://www.amazon.co.jp/s?k=TOCT-10153%20%E6%87%90%E3%81%8B%E3%81%97%E3%81%AE%E3%83%9F%E3%83%A5%E3%83%BC%E3%82%B8%E3%83%83%E3%82%AF%E3%82%AF%E3%83%AA%E3%83%83%E3%83%9730%20%E3%80%8C%E9%89%84%E4%BA%BA28%E5%8F%B7%E3%80%8D,東芝EMI,TOCT-10153,---
鉄人28号 [第２期］,1965/09/01,1966/05/25,21世紀に遺したい アニメソング大全ミレニアムボックス(6枚組),"OP/鉄人28号
ED/正太郎のマーチ",https://www.amazon.co.jp/s?k=TOCT-24381%EF%BD%9E6%2021%E4%B8%96%E7%B4%80%E3%81%AB%E9%81%BA%E3%81%97%E3%81%9F%E3%81%84%20%E3%82%A2%E3%83%8B%E3%83%A1%E3%82%BD%E3%83%B3%E3%82%B0%E5%A4%A7%E5%85%A8%E3%83%9F%E3%83%AC%E3%83%8B%E3%82%A2%E3%83%A0%E3%83%9C%E3%83%83%E3%82%AF%E3%82%B9%286%E6%9E%9A%E7%B5%84%29,東芝EMI,TOCT-24381～6,---
鉄人28号 [第２期］,1965/09/01,1966/05/25,アニメ主題歌大全集(10枚組･通信販売のみ),ED/進め正太郎,https://www.amazon.co.jp/s?k=GES-31000%EF%BD%9E9%20%E3%82%A2%E3%83%8B%E3%83%A1%E4%B8%BB%E9%A1%8C%E6%AD%8C%E5%A4%A7%E5%85%A8%E9%9B%86%2810%E6%9E%9A%E7%B5%84%EF%BD%A5%E9%80%9A%E4%BF%A1%E8%B2%A9%E5%A3%B2%E3%81%AE%E3%81%BF%29,コロムビアファミリークラブ,GES-31000～9,１はソノラマVer。
鉄人28号 [第２期］,1965/09/01,1966/05/25,朝日ソノラマ主題歌コレクション１,"ED/正太郎のマーチ
ED/進め正太郎",https://www.amazon.co.jp/s?k=TOCT-25071%EF%BD%9E2%20%E6%9C%9D%E6%97%A5%E3%82%BD%E3%83%8E%E3%83%A9%E3%83%9E%E4%B8%BB%E9%A1%8C%E6%AD%8C%E3%82%B3%E3%83%AC%E3%82%AF%E3%82%B7%E3%83%A7%E3%83%B3%EF%BC%91,東芝EMI,TOCT-25071～2,---
鉄人28号 [第２期］,1965/09/01,1966/05/25,永久保存盤 朝日ソノラマ大全集(5枚組),"ED/正太郎のマーチ
ED/進め正太郎",https://www.amazon.co.jp/s?k=COCX-34642%EF%BD%9E6%20%E6%B0%B8%E4%B9%85%E4%BF%9D%E5%AD%98%E7%9B%A4%20%E6%9C%9D%E6%97%A5%E3%82%BD%E3%83%8E%E3%83%A9%E3%83%9E%E5%A4%A7%E5%85%A8%E9%9B%86%285%E6%9E%9A%E7%B5%84%29,日本コロムビア,COCX-34642～6,TV・OPクレジットに“朝日ソノラマ”表示があるが、ソノラマからTV同テイクの発売はされていない模様。雑誌付録や他社発売音源にTVに近いものがあるが、詳細不明。
エイトマン,1963/11/07,1964/12/24,初盤,"OP/エイトマン
夜のエイトマン",https://www.amazon.co.jp/s?k=B-66%20%E5%88%9D%E7%9B%A4,朝日ソノラマ,B-66,---
エイトマン,1963/11/07,1964/12/24,オリジナル版懐かしのアニメソング大全[1]1963～1967,OP/エイトマン,https://www.amazon.co.jp/s?k=TOCT-8513%20%E3%82%AA%E3%83%AA%E3%82%B8%E3%83%8A%E3%83%AB%E7%89%88%E6%87%90%E3%81%8B%E3%81%97%E3%81%AE%E3%82%A2%E3%83%8B%E3%83%A1%E3%82%BD%E3%83%B3%E3%82%B0%E5%A4%A7%E5%85%A8%5B1%5D1963%EF%BD%9E1967,東芝EMI,TOCT-8513,---
エイトマン,1963/11/07,1964/12/24,懐かしのミュージッククリップ４ 「エイトマン」,"OP/エイトマン
ED/エイトマン (インスト)
夜のエイトマン",https://www.amazon.co.jp/s?k=TOCT-9359%20%E6%87%90%E3%81%8B%E3%81%97%E3%81%AE%E3%83%9F%E3%83%A5%E3%83%BC%E3%82%B8%E3%83%83%E3%82%AF%E3%82%AF%E3%83%AA%E3%83%83%E3%83%97%EF%BC%94%20%E3%80%8C%E3%82%A8%E3%82%A4%E3%83%88%E3%83%9E%E3%83%B3%E3%80%8D,東芝EMI,TOCT-9359,---
エイトマン,1963/11/07,1964/12/24,21世紀に遺したい アニメソング大全ミレニアムボックス(6枚組),"OP/エイトマン
ED/エイトマン (インスト)",https://www.amazon.co.jp/s?k=TOCT-24381%EF%BD%9E6%2021%E4%B8%96%E7%B4%80%E3%81%AB%E9%81%BA%E3%81%97%E3%81%9F%E3%81%84%20%E3%82%A2%E3%83%8B%E3%83%A1%E3%82%BD%E3%83%B3%E3%82%B0%E5%A4%A7%E5%85%A8%E3%83%9F%E3%83%AC%E3%83%8B%E3%82%A2%E3%83%A0%E3%83%9C%E3%83%83%E3%82%AF%E3%82%B9%286%E6%9E%9A%E7%B5%84%29,東芝EMI,TOCT-24381～6,---
エイトマン,1963/11/07,1964/12/24,アニメ主題歌大全集(10枚組･通信販売のみ),OP/エイトマン,https://www.amazon.co.jp/s?k=GES-31000%EF%BD%9E9%20%E3%82%A2%E3%83%8B%E3%83%A1%E4%B8%BB%E9%A1%8C%E6%AD%8C%E5%A4%A7%E5%85%A8%E9%9B%86%2810%E6%9E%9A%E7%B5%84%EF%BD%A5%E9%80%9A%E4%BF%A1%E8%B2%A9%E5%A3%B2%E3%81%AE%E3%81%BF%29,コロムビアファミリークラブ,GES-31000～9,---
エイトマン,1963/11/07,1964/12/24,エイケン アンソロジー 1963～1972,ED/エイトマン (インスト),https://www.amazon.co.jp/s?k=MECB-2010%20%E3%82%A8%E3%82%A4%E3%82%B1%E3%83%B3%20%E3%82%A2%E3%83%B3%E3%82%BD%E3%83%AD%E3%82%B8%E3%83%BC%201963%EF%BD%9E1972,トライエム,MECB-2010,---
エイトマン,1963/11/07,1964/12/24,朝日ソノラマ主題歌コレクション１,夜のエイトマン,https://www.amazon.co.jp/s?k=TOCT-25071%EF%BD%9E2%20%E6%9C%9D%E6%97%A5%E3%82%BD%E3%83%8E%E3%83%A9%E3%83%9E%E4%B8%BB%E9%A1%8C%E6%AD%8C%E3%82%B3%E3%83%AC%E3%82%AF%E3%82%B7%E3%83%A7%E3%83%B3%EF%BC%91,東芝EMI,TOCT-25071～2,---
エイトマン,1963/11/07,1964/12/24,永久保存盤 朝日ソノラマ大全集(5枚組),夜のエイトマン,https://www.amazon.co.jp/s?k=COCX-34642%EF%BD%9E6%20%E6%B0%B8%E4%B9%85%E4%BF%9D%E5%AD%98%E7%9B%A4%20%E6%9C%9D%E6%97%A5%E3%82%BD%E3%83%8E%E3%83%A9%E3%83%9E%E5%A4%A7%E5%85%A8%E9%9B%86%285%E6%9E%9A%E7%B5%84%29,日本コロムビア,COCX-34642～6,---
狼少年ケン,1963/11/25,1965/08/16,初盤,"ED/狼少年ケン(別テイク)
ジャングルマーチ
ポッポとチッチのうた",https://www.amazon.co.jp/s?k=B-63%20%E5%88%9D%E7%9B%A4,朝日ソノラマ,B-63,---
狼少年ケン,1963/11/25,1965/08/16,懐かしのミュージッククリップ18 「狼少年ケン」,"OP/狼少年ケン
ジャングルマーチ",https://www.amazon.co.jp/s?k=TOCT-9818%20%E6%87%90%E3%81%8B%E3%81%97%E3%81%AE%E3%83%9F%E3%83%A5%E3%83%BC%E3%82%B8%E3%83%83%E3%82%AF%E3%82%AF%E3%83%AA%E3%83%83%E3%83%9718%20%E3%80%8C%E7%8B%BC%E5%B0%91%E5%B9%B4%E3%82%B1%E3%83%B3%E3%80%8D,東芝EMI,TOCT-9818,１は下記のミレニアムボックスと同音源が収録されていると思われるが未確認。下記のソノラマVerの可能性有り。 ２はTVサイズ収録。
狼少年ケン,1963/11/25,1965/08/16,東映動画 アンソロジー〈TV篇〉 1963～1969,OP/狼少年ケン,https://www.amazon.co.jp/s?k=MECB-2013%20%E6%9D%B1%E6%98%A0%E5%8B%95%E7%94%BB%20%E3%82%A2%E3%83%B3%E3%82%BD%E3%83%AD%E3%82%B8%E3%83%BC%E3%80%88TV%E7%AF%87%E3%80%89%201963%EF%BD%9E1969,トライエム,MECB-2013,TV音源（＝フルコーラスSEあり)。
狼少年ケン,1963/11/25,1965/08/16,21世紀に遺したい アニメソング大全ミレニアムボックス(6枚組),OP/狼少年ケン,https://www.amazon.co.jp/s?k=TOCT-24381%EF%BD%9E6%2021%E4%B8%96%E7%B4%80%E3%81%AB%E9%81%BA%E3%81%97%E3%81%9F%E3%81%84%20%E3%82%A2%E3%83%8B%E3%83%A1%E3%82%BD%E3%83%B3%E3%82%B0%E5%A4%A7%E5%85%A8%E3%83%9F%E3%83%AC%E3%83%8B%E3%82%A2%E3%83%A0%E3%83%9C%E3%83%83%E3%82%AF%E3%82%B9%286%E6%9E%9A%E7%B5%84%29,東芝EMI,TOCT-24381～6,TV音源に最も近い（SEなしロング）。
狼少年ケン,1963/11/25,1965/08/16,アニメ主題歌大全集(10枚組･通信販売のみ),ポッポとチッチのうた,https://www.amazon.co.jp/s?k=GES-31000%EF%BD%9E9%20%E3%82%A2%E3%83%8B%E3%83%A1%E4%B8%BB%E9%A1%8C%E6%AD%8C%E5%A4%A7%E5%85%A8%E9%9B%86%2810%E6%9E%9A%E7%B5%84%EF%BD%A5%E9%80%9A%E4%BF%A1%E8%B2%A9%E5%A3%B2%E3%81%AE%E3%81%BF%29,コロムビアファミリークラブ,GES-31000～9,2はEDパターンの1つに近い。１と比較してパーカッションのアレンジや男性ソロ部分の歌い方、
狼少年ケン,1963/11/25,1965/08/16,朝日ソノラマ主題歌コレクション１,"ED/狼少年ケン(別テイク)
ジャングルマーチ
ポッポとチッチのうた",https://www.amazon.co.jp/s?k=TOCT-25071%EF%BD%9E2%20%E6%9C%9D%E6%97%A5%E3%82%BD%E3%83%8E%E3%83%A9%E3%83%9E%E4%B8%BB%E9%A1%8C%E6%AD%8C%E3%82%B3%E3%83%AC%E3%82%AF%E3%82%B7%E3%83%A7%E3%83%B3%EF%BC%91,東芝EMI,TOCT-25071～2,2番の歌い出しなど多数異なっている。（→ソノラマVer）
狼少年ケン,1963/11/25,1965/08/16,永久保存盤 朝日ソノラマ大全集(5枚組),"ED/狼少年ケン(別テイク)
ジャングルマーチ
ポッポとチッチのうた",https://www.amazon.co.jp/s?k=COCX-34642%EF%BD%9E6%20%E6%B0%B8%E4%B9%85%E4%BF%9D%E5%AD%98%E7%9B%A4%20%E6%9C%9D%E6%97%A5%E3%82%BD%E3%83%8E%E3%83%A9%E3%83%9E%E5%A4%A7%E5%85%A8%E9%9B%86%285%E6%9E%9A%E7%B5%84%29,日本コロムビア,COCX-34642～6,---
０戦はやと,1964/01/21,1964/10/27,初盤,"OP・ED/０戦はやと (歌/ひばり児童合唱団)
０戦はやと爆風隊の唄",https://www.amazon.co.jp/s?k=MBK-109%20%E5%88%9D%E7%9B%A4,ビクター,MBK-109,---
０戦はやと,1964/01/21,1964/10/27,オリジナル版懐かしのアニメソング大全[1]1963～1967,OP・ED/０戦はやと (歌/ひばり児童合唱団),https://www.amazon.co.jp/s?k=TOCT-8513%20%E3%82%AA%E3%83%AA%E3%82%B8%E3%83%8A%E3%83%AB%E7%89%88%E6%87%90%E3%81%8B%E3%81%97%E3%81%AE%E3%82%A2%E3%83%8B%E3%83%A1%E3%82%BD%E3%83%B3%E3%82%B0%E5%A4%A7%E5%85%A8%5B1%5D1963%EF%BD%9E1967,東芝EMI,TOCT-8513,---
０戦はやと,1964/01/21,1964/10/27,オリジナル版懐かしのアニメソング大全挿入歌編vol.１,０戦はやと爆風隊の唄,https://www.amazon.co.jp/s?k=TOCT-9258%20%E3%82%AA%E3%83%AA%E3%82%B8%E3%83%8A%E3%83%AB%E7%89%88%E6%87%90%E3%81%8B%E3%81%97%E3%81%AE%E3%82%A2%E3%83%8B%E3%83%A1%E3%82%BD%E3%83%B3%E3%82%B0%E5%A4%A7%E5%85%A8%E6%8C%BF%E5%85%A5%E6%AD%8C%E7%B7%A8vol.%EF%BC%91,東芝EMI,TOCT-9258,---
０戦はやと,1964/01/21,1964/10/27,決定盤!テレビ・アニメ主題歌 オリジナル・サントラ集,OP/０戦はやと (歌/ボーカル･ショップ),https://www.amazon.co.jp/s?k=UICZ-4109%EF%BD%9E10%20%E6%B1%BA%E5%AE%9A%E7%9B%A4%21%E3%83%86%E3%83%AC%E3%83%93%E3%83%BB%E3%82%A2%E3%83%8B%E3%83%A1%E4%B8%BB%E9%A1%8C%E6%AD%8C%20%E3%82%AA%E3%83%AA%E3%82%B8%E3%83%8A%E3%83%AB%E3%83%BB%E3%82%B5%E3%83%B3%E3%83%88%E3%83%A9%E9%9B%86,ユニバーサル,UICZ-4109～10,TV音源。
０戦はやと,1964/01/21,1964/10/27,21世紀に遺したい アニメソング大全ミレニアムボックス(6枚組),"OP・ED/０戦はやと (歌/ひばり児童合唱団)
０戦はやと爆風隊の唄",https://www.amazon.co.jp/s?k=TOCT-24381%EF%BD%9E6%2021%E4%B8%96%E7%B4%80%E3%81%AB%E9%81%BA%E3%81%97%E3%81%9F%E3%81%84%20%E3%82%A2%E3%83%8B%E3%83%A1%E3%82%BD%E3%83%B3%E3%82%B0%E5%A4%A7%E5%85%A8%E3%83%9F%E3%83%AC%E3%83%8B%E3%82%A2%E3%83%A0%E3%83%9C%E3%83%83%E3%82%AF%E3%82%B9%286%E6%9E%9A%E7%B5%84%29,東芝EMI,TOCT-24381～6,---
少年忍者風のフジ丸,1964/06/07,1965/08/31,初盤,"OP・ED/少年忍者風のフジ丸
ED/たたかう少年忍者",https://www.amazon.co.jp/s?k=B-65%20%E5%88%9D%E7%9B%A4,朝日ソノラマ,B-65,---
少年忍者風のフジ丸,1964/06/07,1965/08/31,東映動画 アンソロジー〈TV篇〉 1963～1969,OP・ED/少年忍者風のフジ丸,https://www.amazon.co.jp/s?k=MECB-2013%20%E6%9D%B1%E6%98%A0%E5%8B%95%E7%94%BB%20%E3%82%A2%E3%83%B3%E3%82%BD%E3%83%AD%E3%82%B8%E3%83%BC%E3%80%88TV%E7%AF%87%E3%80%89%201963%EF%BD%9E1969,トライエム,MECB-2013,TV音源（フルコーラス)。｢藤沢薬品｣歌詞入り。
少年忍者風のフジ丸,1964/06/07,1965/08/31,懐かしのミュージッククリップ19 「少年忍者風のフジ丸」,"OP・ED/少年忍者風のフジ丸
ED/たたかう少年忍者",https://www.amazon.co.jp/s?k=TOCT-9819%20%E6%87%90%E3%81%8B%E3%81%97%E3%81%AE%E3%83%9F%E3%83%A5%E3%83%BC%E3%82%B8%E3%83%83%E3%82%AF%E3%82%AF%E3%83%AA%E3%83%83%E3%83%9719%20%E3%80%8C%E5%B0%91%E5%B9%B4%E5%BF%8D%E8%80%85%E9%A2%A8%E3%81%AE%E3%83%95%E3%82%B8%E4%B8%B8%E3%80%8D,東芝EMI,TOCT-9819,１はTV音源（フルコーラス)がお薦め。｢藤沢薬品｣歌詞入り。
少年忍者風のフジ丸,1964/06/07,1965/08/31,21世紀に遺したい アニメソング大全ミレニアムボックス(6枚組),"OP・ED/少年忍者風のフジ丸
ED/たたかう少年忍者",https://www.amazon.co.jp/s?k=TOCT-24381%EF%BD%9E6%2021%E4%B8%96%E7%B4%80%E3%81%AB%E9%81%BA%E3%81%97%E3%81%9F%E3%81%84%20%E3%82%A2%E3%83%8B%E3%83%A1%E3%82%BD%E3%83%B3%E3%82%B0%E5%A4%A7%E5%85%A8%E3%83%9F%E3%83%AC%E3%83%8B%E3%82%A2%E3%83%A0%E3%83%9C%E3%83%83%E3%82%AF%E3%82%B9%286%E6%9E%9A%E7%B5%84%29,東芝EMI,TOCT-24381～6,１はTV音源（フルコーラス)。｢藤沢薬品｣歌詞入り。
少年忍者風のフジ丸,1964/06/07,1965/08/31,朝日ソノラマ主題歌コレクション１,"OP・ED/少年忍者風のフジ丸
ED/たたかう少年忍者",https://www.amazon.co.jp/s?k=TOCT-25071%EF%BD%9E2%20%E6%9C%9D%E6%97%A5%E3%82%BD%E3%83%8E%E3%83%A9%E3%83%9E%E4%B8%BB%E9%A1%8C%E6%AD%8C%E3%82%B3%E3%83%AC%E3%82%AF%E3%82%B7%E3%83%A7%E3%83%B3%EF%BC%91,東芝EMI,TOCT-25071～2,---
少年忍者風のフジ丸,1964/06/07,1965/08/31,永久保存盤 朝日ソノラマ大全集(5枚組),"OP・ED/少年忍者風のフジ丸
ED/たたかう少年忍者",https://www.amazon.co.jp/s?k=COCX-34642%EF%BD%9E6%20%E6%B0%B8%E4%B9%85%E4%BF%9D%E5%AD%98%E7%9B%A4%20%E6%9C%9D%E6%97%A5%E3%82%BD%E3%83%8E%E3%83%A9%E3%83%9E%E5%A4%A7%E5%85%A8%E9%9B%86%285%E6%9E%9A%E7%B5%84%29,日本コロムビア,COCX-34642～6,---
ビッグX,1964/08/03,1965/09/27,初盤,OP・ED/ビッグX,https://www.amazon.co.jp/s?k=B-73%20%E5%88%9D%E7%9B%A4,朝日ソノラマ,B-73,声のキーやテンポがTVと多少異なる。
ビッグX,1964/08/03,1965/09/27,テレビまんが主題歌のあゆみ(2枚組),OP・ED/ビッグX,https://www.amazon.co.jp/s?k=COCX-33498%EF%BD%9E9%20%E3%83%86%E3%83%AC%E3%83%93%E3%81%BE%E3%82%93%E3%81%8C%E4%B8%BB%E9%A1%8C%E6%AD%8C%E3%81%AE%E3%81%82%E3%82%86%E3%81%BF%282%E6%9E%9A%E7%B5%84%29,日本コロムビア,COCX-33498～9,声のキーやテンポがTVと多少異なる。
ビッグX,1964/08/03,1965/09/27,アニメ主題歌メモリアル２(10枚組）,OP・ED/ビッグX,https://www.amazon.co.jp/s?k=COCC-13591%EF%BD%9E600%20%E3%82%A2%E3%83%8B%E3%83%A1%E4%B8%BB%E9%A1%8C%E6%AD%8C%E3%83%A1%E3%83%A2%E3%83%AA%E3%82%A2%E3%83%AB%EF%BC%92%2810%E6%9E%9A%E7%B5%84%EF%BC%89,日本コロムビア,COCC-13591～600,---
ビッグX,1964/08/03,1965/09/27,21世紀に遺したい アニメソング大全ミレニアムボックス(6枚組),OP・ED/ビッグX,https://www.amazon.co.jp/s?k=TOCT-24381%EF%BD%9E6%2021%E4%B8%96%E7%B4%80%E3%81%AB%E9%81%BA%E3%81%97%E3%81%9F%E3%81%84%20%E3%82%A2%E3%83%8B%E3%83%A1%E3%82%BD%E3%83%B3%E3%82%B0%E5%A4%A7%E5%85%A8%E3%83%9F%E3%83%AC%E3%83%8B%E3%82%A2%E3%83%A0%E3%83%9C%E3%83%83%E3%82%AF%E3%82%B9%286%E6%9E%9A%E7%B5%84%29,東芝EMI,TOCT-24381～6,---
ビッグX,1964/08/03,1965/09/27,アニメ主題歌大全集(10枚組･通信販売のみ),OP・ED/ビッグX,https://www.amazon.co.jp/s?k=GES-31000%EF%BD%9E9%20%E3%82%A2%E3%83%8B%E3%83%A1%E4%B8%BB%E9%A1%8C%E6%AD%8C%E5%A4%A7%E5%85%A8%E9%9B%86%2810%E6%9E%9A%E7%B5%84%EF%BD%A5%E9%80%9A%E4%BF%A1%E8%B2%A9%E5%A3%B2%E3%81%AE%E3%81%BF%29,コロムビアファミリークラブ,GES-31000～9,---
ビッグX,1964/08/03,1965/09/27,懐かしのミュージッククリップ22 「ビッグX」,OP・ED/ビッグX,https://www.amazon.co.jp/s?k=TOCT-9892%20%E6%87%90%E3%81%8B%E3%81%97%E3%81%AE%E3%83%9F%E3%83%A5%E3%83%BC%E3%82%B8%E3%83%83%E3%82%AF%E3%82%AF%E3%83%AA%E3%83%83%E3%83%9722%20%E3%80%8C%E3%83%93%E3%83%83%E3%82%B0X%E3%80%8D,東芝EMI,TOCT-9892,---
ビッグX,1964/08/03,1965/09/27,朝日ソノラマ主題歌コレクション１,OP・ED/ビッグX,https://www.amazon.co.jp/s?k=TOCT-25071%EF%BD%9E2%20%E6%9C%9D%E6%97%A5%E3%82%BD%E3%83%8E%E3%83%A9%E3%83%9E%E4%B8%BB%E9%A1%8C%E6%AD%8C%E3%82%B3%E3%83%AC%E3%82%AF%E3%82%B7%E3%83%A7%E3%83%B3%EF%BC%91,東芝EMI,TOCT-25071～2,---
ビッグX,1964/08/03,1965/09/27,永久保存盤 朝日ソノラマ大全集(5枚組),OP・ED/ビッグX,https://www.amazon.co.jp/s?k=COCX-34642%EF%BD%9E6%20%E6%B0%B8%E4%B9%85%E4%BF%9D%E5%AD%98%E7%9B%A4%20%E6%9C%9D%E6%97%A5%E3%82%BD%E3%83%8E%E3%83%A9%E3%83%9E%E5%A4%A7%E5%85%A8%E9%9B%86%285%E6%9E%9A%E7%B5%84%29,日本コロムビア,COCX-34642～6,---
未来からきた少年 スーパージェッター,1965/01/07,1966/01/20,初盤,"OP/スーパー･ジェッター
流星号のマーチ",https://www.amazon.co.jp/s?k=B-78%20%E5%88%9D%E7%9B%A4,朝日ソノラマ,B-78,---
未来からきた少年 スーパージェッター,1965/01/07,1966/01/20,オリジナル版懐かしのアニメソング大全[1]1963～1967,OP/スーパー･ジェッター,https://www.amazon.co.jp/s?k=TOCT-8513%20%E3%82%AA%E3%83%AA%E3%82%B8%E3%83%8A%E3%83%AB%E7%89%88%E6%87%90%E3%81%8B%E3%81%97%E3%81%AE%E3%82%A2%E3%83%8B%E3%83%A1%E3%82%BD%E3%83%B3%E3%82%B0%E5%A4%A7%E5%85%A8%5B1%5D1963%EF%BD%9E1967,東芝EMI,TOCT-8513,---
未来からきた少年 スーパージェッター,1965/01/07,1966/01/20,オリジナル版懐かしのアニメソング大全挿入歌編vol.１,流星号のマーチ,https://www.amazon.co.jp/s?k=TOCT-9258%20%E3%82%AA%E3%83%AA%E3%82%B8%E3%83%8A%E3%83%AB%E7%89%88%E6%87%90%E3%81%8B%E3%81%97%E3%81%AE%E3%82%A2%E3%83%8B%E3%83%A1%E3%82%BD%E3%83%B3%E3%82%B0%E5%A4%A7%E5%85%A8%E6%8C%BF%E5%85%A5%E6%AD%8C%E7%B7%A8vol.%EF%BC%91,東芝EMI,TOCT-9258,---
未来からきた少年 スーパージェッター,1965/01/07,1966/01/20,懐かしのミュージッククリップ25 「スーパージェッター」,"OP/スーパー･ジェッター
ED/スーパー･ジェッター (インスト）
流星号のマーチ",https://www.amazon.co.jp/s?k=TOCT-9931%20%E6%87%90%E3%81%8B%E3%81%97%E3%81%AE%E3%83%9F%E3%83%A5%E3%83%BC%E3%82%B8%E3%83%83%E3%82%AF%E3%82%AF%E3%83%AA%E3%83%83%E3%83%9725%20%E3%80%8C%E3%82%B9%E3%83%BC%E3%83%91%E3%83%BC%E3%82%B8%E3%82%A7%E3%83%83%E3%82%BF%E3%83%BC%E3%80%8D,東芝EMI,TOCT-9931,---
未来からきた少年 スーパージェッター,1965/01/07,1966/01/20,エイケン アンソロジー 1963～1972,ED/スーパー･ジェッター (インスト）,https://www.amazon.co.jp/s?k=MECB-2010%20%E3%82%A8%E3%82%A4%E3%82%B1%E3%83%B3%20%E3%82%A2%E3%83%B3%E3%82%BD%E3%83%AD%E3%82%B8%E3%83%BC%201963%EF%BD%9E1972,トライエム,MECB-2010,---
未来からきた少年 スーパージェッター,1965/01/07,1966/01/20,21世紀に遺したい アニメソング大全ミレニアムボックス(6枚組),"OP/スーパー･ジェッター
ED/スーパー･ジェッター (インスト）",https://www.amazon.co.jp/s?k=TOCT-24381%EF%BD%9E6%2021%E4%B8%96%E7%B4%80%E3%81%AB%E9%81%BA%E3%81%97%E3%81%9F%E3%81%84%20%E3%82%A2%E3%83%8B%E3%83%A1%E3%82%BD%E3%83%B3%E3%82%B0%E5%A4%A7%E5%85%A8%E3%83%9F%E3%83%AC%E3%83%8B%E3%82%A2%E3%83%A0%E3%83%9C%E3%83%83%E3%82%AF%E3%82%B9%286%E6%9E%9A%E7%B5%84%29,東芝EMI,TOCT-24381～6,---
未来からきた少年 スーパージェッター,1965/01/07,1966/01/20,アニメ主題歌大全集(10枚組･通信販売のみ),"OP/スーパー･ジェッター
流星号のマーチ",https://www.amazon.co.jp/s?k=GES-31000%EF%BD%9E9%20%E3%82%A2%E3%83%8B%E3%83%A1%E4%B8%BB%E9%A1%8C%E6%AD%8C%E5%A4%A7%E5%85%A8%E9%9B%86%2810%E6%9E%9A%E7%B5%84%EF%BD%A5%E9%80%9A%E4%BF%A1%E8%B2%A9%E5%A3%B2%E3%81%AE%E3%81%BF%29,コロムビアファミリークラブ,GES-31000～9,---
宇宙パトロールホッパ,1965/02/01,1965/07/26,初盤,"OP/宇宙パトロール・ホッパ
ED/ジュンの歌
「ホッパ･マーチ」",https://www.amazon.co.jp/s?k=B-75%20%E5%88%9D%E7%9B%A4,朝日ソノラマ,B-75,---
宇宙パトロールホッパ,1965/02/01,1965/07/26,テレビまんが主題歌のあゆみ(2枚組),OP/宇宙パトロール・ホッパ,https://www.amazon.co.jp/s?k=COCX-33498%EF%BD%9E9%20%E3%83%86%E3%83%AC%E3%83%93%E3%81%BE%E3%82%93%E3%81%8C%E4%B8%BB%E9%A1%8C%E6%AD%8C%E3%81%AE%E3%81%82%E3%82%86%E3%81%BF%282%E6%9E%9A%E7%B5%84%29,日本コロムビア,COCX-33498～9,---
宇宙パトロールホッパ,1965/02/01,1965/07/26,テレビまんが懐かしのB面コレクション(2枚組),ED/ジュンの歌,https://www.amazon.co.jp/s?k=COCX-33556%EF%BD%9E7%20%E3%83%86%E3%83%AC%E3%83%93%E3%81%BE%E3%82%93%E3%81%8C%E6%87%90%E3%81%8B%E3%81%97%E3%81%AEB%E9%9D%A2%E3%82%B3%E3%83%AC%E3%82%AF%E3%82%B7%E3%83%A7%E3%83%B3%282%E6%9E%9A%E7%B5%84%29,日本コロムビア,COCX-33556～7,---
宇宙パトロールホッパ,1965/02/01,1965/07/26,懐かしのミュージッククリップ17 「宇宙パトロールホッパ」,"OP/宇宙パトロール・ホッパ
ED/ジュンの歌
ED/宇宙っ子ジュン",https://www.amazon.co.jp/s?k=TOCT-9817%20%E6%87%90%E3%81%8B%E3%81%97%E3%81%AE%E3%83%9F%E3%83%A5%E3%83%BC%E3%82%B8%E3%83%83%E3%82%AF%E3%82%AF%E3%83%AA%E3%83%83%E3%83%9717%20%E3%80%8C%E5%AE%87%E5%AE%99%E3%83%91%E3%83%88%E3%83%AD%E3%83%BC%E3%83%AB%E3%83%9B%E3%83%83%E3%83%91%E3%80%8D,東芝EMI,TOCT-9817,３はレコード化されていないため､TV音源。
宇宙パトロールホッパ,1965/02/01,1965/07/26,21世紀に遺したい アニメソング大全ミレニアムボックス(6枚組),"OP/宇宙パトロール・ホッパ
ED/ジュンの歌
ED/宇宙っ子ジュン",https://www.amazon.co.jp/s?k=TOCT-24381%EF%BD%9E6%2021%E4%B8%96%E7%B4%80%E3%81%AB%E9%81%BA%E3%81%97%E3%81%9F%E3%81%84%20%E3%82%A2%E3%83%8B%E3%83%A1%E3%82%BD%E3%83%B3%E3%82%B0%E5%A4%A7%E5%85%A8%E3%83%9F%E3%83%AC%E3%83%8B%E3%82%A2%E3%83%A0%E3%83%9C%E3%83%83%E3%82%AF%E3%82%B9%286%E6%9E%9A%E7%B5%84%29,東芝EMI,TOCT-24381～6,１は多少テンポが速い。
宇宙パトロールホッパ,1965/02/01,1965/07/26,アニメ主題歌大全集(10枚組･通信販売のみ),"OP/宇宙パトロール・ホッパ
ED/ジュンの歌",https://www.amazon.co.jp/s?k=GES-31000%EF%BD%9E9%20%E3%82%A2%E3%83%8B%E3%83%A1%E4%B8%BB%E9%A1%8C%E6%AD%8C%E5%A4%A7%E5%85%A8%E9%9B%86%2810%E6%9E%9A%E7%B5%84%EF%BD%A5%E9%80%9A%E4%BF%A1%E8%B2%A9%E5%A3%B2%E3%81%AE%E3%81%BF%29,コロムビアファミリークラブ,GES-31000～9,---
宇宙パトロールホッパ,1965/02/01,1965/07/26,朝日ソノラマ主題歌コレクション１,"OP/宇宙パトロール・ホッパ
ED/ジュンの歌",https://www.amazon.co.jp/s?k=TOCT-25071%EF%BD%9E2%20%E6%9C%9D%E6%97%A5%E3%82%BD%E3%83%8E%E3%83%A9%E3%83%9E%E4%B8%BB%E9%A1%8C%E6%AD%8C%E3%82%B3%E3%83%AC%E3%82%AF%E3%82%B7%E3%83%A7%E3%83%B3%EF%BC%91,東芝EMI,TOCT-25071～2,---
宇宙パトロールホッパ,1965/02/01,1965/07/26,永久保存盤 朝日ソノラマ大全集(5枚組),"OP/宇宙パトロール・ホッパ
ED/ジュンの歌",https://www.amazon.co.jp/s?k=COCX-34642%EF%BD%9E6%20%E6%B0%B8%E4%B9%85%E4%BF%9D%E5%AD%98%E7%9B%A4%20%E6%9C%9D%E6%97%A5%E3%82%BD%E3%83%8E%E3%83%A9%E3%83%9E%E5%A4%A7%E5%85%A8%E9%9B%86%285%E6%9E%9A%E7%B5%84%29,日本コロムビア,COCX-34642～6,---
宇宙パトロールホッパ,1965/02/01,1965/07/26,東映動画 アンソロジー〈TV篇〉 1963～1969,ED/宇宙っ子ジュン,https://www.amazon.co.jp/s?k=MECB-2013%20%E6%9D%B1%E6%98%A0%E5%8B%95%E7%94%BB%20%E3%82%A2%E3%83%B3%E3%82%BD%E3%83%AD%E3%82%B8%E3%83%BC%E3%80%88TV%E7%AF%87%E3%80%89%201963%EF%BD%9E1969,トライエム,MECB-2013,TV音源。
パトロールホッパ 宇宙っ子ジュン,1965/08/02,1965/11/29,初盤,"OP/宇宙パトロール・ホッパ
ED/ジュンの歌
「ホッパ･マーチ」",https://www.amazon.co.jp/s?k=B-75%20%E5%88%9D%E7%9B%A4,朝日ソノラマ,B-75,---
パトロールホッパ 宇宙っ子ジュン,1965/08/02,1965/11/29,テレビまんが主題歌のあゆみ(2枚組),OP/宇宙パトロール・ホッパ,https://www.amazon.co.jp/s?k=COCX-33498%EF%BD%9E9%20%E3%83%86%E3%83%AC%E3%83%93%E3%81%BE%E3%82%93%E3%81%8C%E4%B8%BB%E9%A1%8C%E6%AD%8C%E3%81%AE%E3%81%82%E3%82%86%E3%81%BF%282%E6%9E%9A%E7%B5%84%29,日本コロムビア,COCX-33498～9,---
パトロールホッパ 宇宙っ子ジュン,1965/08/02,1965/11/29,テレビまんが懐かしのB面コレクション(2枚組),ED/ジュンの歌,https://www.amazon.co.jp/s?k=COCX-33556%EF%BD%9E7%20%E3%83%86%E3%83%AC%E3%83%93%E3%81%BE%E3%82%93%E3%81%8C%E6%87%90%E3%81%8B%E3%81%97%E3%81%AEB%E9%9D%A2%E3%82%B3%E3%83%AC%E3%82%AF%E3%82%B7%E3%83%A7%E3%83%B3%282%E6%9E%9A%E7%B5%84%29,日本コロムビア,COCX-33556～7,---
パトロールホッパ 宇宙っ子ジュン,1965/08/02,1965/11/29,懐かしのミュージッククリップ17 「宇宙パトロールホッパ」,"OP/宇宙パトロール・ホッパ
ED/ジュンの歌
ED/宇宙っ子ジュン",https://www.amazon.co.jp/s?k=TOCT-9817%20%E6%87%90%E3%81%8B%E3%81%97%E3%81%AE%E3%83%9F%E3%83%A5%E3%83%BC%E3%82%B8%E3%83%83%E3%82%AF%E3%82%AF%E3%83%AA%E3%83%83%E3%83%9717%20%E3%80%8C%E5%AE%87%E5%AE%99%E3%83%91%E3%83%88%E3%83%AD%E3%83%BC%E3%83%AB%E3%83%9B%E3%83%83%E3%83%91%E3%80%8D,東芝EMI,TOCT-9817,３はレコード化されていないため､TV音源。
パトロールホッパ 宇宙っ子ジュン,1965/08/02,1965/11/29,21世紀に遺したい アニメソング大全ミレニアムボックス(6枚組),"OP/宇宙パトロール・ホッパ
ED/ジュンの歌
ED/宇宙っ子ジュン",https://www.amazon.co.jp/s?k=TOCT-24381%EF%BD%9E6%2021%E4%B8%96%E7%B4%80%E3%81%AB%E9%81%BA%E3%81%97%E3%81%9F%E3%81%84%20%E3%82%A2%E3%83%8B%E3%83%A1%E3%82%BD%E3%83%B3%E3%82%B0%E5%A4%A7%E5%85%A8%E3%83%9F%E3%83%AC%E3%83%8B%E3%82%A2%E3%83%A0%E3%83%9C%E3%83%83%E3%82%AF%E3%82%B9%286%E6%9E%9A%E7%B5%84%29,東芝EMI,TOCT-24381～6,１は多少テンポが速い。
パトロールホッパ 宇宙っ子ジュン,1965/08/02,1965/11/29,アニメ主題歌大全集(10枚組･通信販売のみ),"OP/宇宙パトロール・ホッパ
ED/ジュンの歌",https://www.amazon.co.jp/s?k=GES-31000%EF%BD%9E9%20%E3%82%A2%E3%83%8B%E3%83%A1%E4%B8%BB%E9%A1%8C%E6%AD%8C%E5%A4%A7%E5%85%A8%E9%9B%86%2810%E6%9E%9A%E7%B5%84%EF%BD%A5%E9%80%9A%E4%BF%A1%E8%B2%A9%E5%A3%B2%E3%81%AE%E3%81%BF%29,コロムビアファミリークラブ,GES-31000～9,---
パトロールホッパ 宇宙っ子ジュン,1965/08/02,1965/11/29,朝日ソノラマ主題歌コレクション１,"OP/宇宙パトロール・ホッパ
ED/ジュンの歌",https://www.amazon.co.jp/s?k=TOCT-25071%EF%BD%9E2%20%E6%9C%9D%E6%97%A5%E3%82%BD%E3%83%8E%E3%83%A9%E3%83%9E%E4%B8%BB%E9%A1%8C%E6%AD%8C%E3%82%B3%E3%83%AC%E3%82%AF%E3%82%B7%E3%83%A7%E3%83%B3%EF%BC%91,東芝EMI,TOCT-25071～2,---
パトロールホッパ 宇宙っ子ジュン,1965/08/02,1965/11/29,永久保存盤 朝日ソノラマ大全集(5枚組),"OP/宇宙パトロール・ホッパ
ED/ジュンの歌",https://www.amazon.co.jp/s?k=COCX-34642%EF%BD%9E6%20%E6%B0%B8%E4%B9%85%E4%BF%9D%E5%AD%98%E7%9B%A4%20%E6%9C%9D%E6%97%A5%E3%82%BD%E3%83%8E%E3%83%A9%E3%83%9E%E5%A4%A7%E5%85%A8%E9%9B%86%285%E6%9E%9A%E7%B5%84%29,日本コロムビア,COCX-34642～6,---
パトロールホッパ 宇宙っ子ジュン,1965/08/02,1965/11/29,東映動画 アンソロジー〈TV篇〉 1963～1969,ED/宇宙っ子ジュン,https://www.amazon.co.jp/s?k=MECB-2013%20%E6%9D%B1%E6%98%A0%E5%8B%95%E7%94%BB%20%E3%82%A2%E3%83%B3%E3%82%BD%E3%83%AD%E3%82%B8%E3%83%BC%E3%80%88TV%E7%AF%87%E3%80%89%201963%EF%BD%9E1969,トライエム,MECB-2013,TV音源。
宇宙人ピピ,1965/04/08,1966/03/31,初盤,"OP/宇宙人ピピ
ピピのうた",https://www.amazon.co.jp/s?k=B-80%20%E5%88%9D%E7%9B%A4,朝日ソノラマ,B-80,曲名を１「ピピのテーマソング」２「ピピとなかよし」と表記。
宇宙人ピピ,1965/04/08,1966/03/31,アニメ主題歌大全集(10枚組･通信販売のみ),"OP/宇宙人ピピ
ピピのうた",https://www.amazon.co.jp/s?k=GES-31000%EF%BD%9E9%20%E3%82%A2%E3%83%8B%E3%83%A1%E4%B8%BB%E9%A1%8C%E6%AD%8C%E5%A4%A7%E5%85%A8%E9%9B%86%2810%E6%9E%9A%E7%B5%84%EF%BD%A5%E9%80%9A%E4%BF%A1%E8%B2%A9%E5%A3%B2%E3%81%AE%E3%81%BF%29,コロムビアファミリークラブ,GES-31000～9,曲名に関しては上記参照。
宇宙人ピピ,1965/04/08,1966/03/31,朝日ソノラマ主題歌コレクション２,"OP/宇宙人ピピ
ピピのうた",https://www.amazon.co.jp/s?k=TOCT-25073%EF%BD%9E4%20%E6%9C%9D%E6%97%A5%E3%82%BD%E3%83%8E%E3%83%A9%E3%83%9E%E4%B8%BB%E9%A1%8C%E6%AD%8C%E3%82%B3%E3%83%AC%E3%82%AF%E3%82%B7%E3%83%A7%E3%83%B3%EF%BC%92,東芝EMI,TOCT-25073～4,---
宇宙人ピピ,1965/04/08,1966/03/31,永久保存盤 朝日ソノラマ大全集(5枚組),"OP/宇宙人ピピ
ピピのうた",https://www.amazon.co.jp/s?k=COCX-34642%EF%BD%9E6%20%E6%B0%B8%E4%B9%85%E4%BF%9D%E5%AD%98%E7%9B%A4%20%E6%9C%9D%E6%97%A5%E3%82%BD%E3%83%8E%E3%83%A9%E3%83%9E%E5%A4%A7%E5%85%A8%E9%9B%86%285%E6%9E%9A%E7%B5%84%29,日本コロムビア,COCX-34642～6,---
宇宙少年ソラン,1965/05/04,1967/03/28,初盤,"OP/宇宙少年ソラン
ED/いざ行けソラン",https://www.amazon.co.jp/s?k=M-18%20%E5%88%9D%E7%9B%A4,朝日ソノラマ,M-18,---
宇宙少年ソラン,1965/05/04,1967/03/28,オリジナル版懐かしのアニメソング大全[1]1963～1967,"OP/宇宙少年ソラン
ED/いざ行けソラン",https://www.amazon.co.jp/s?k=TOCT-8513%20%E3%82%AA%E3%83%AA%E3%82%B8%E3%83%8A%E3%83%AB%E7%89%88%E6%87%90%E3%81%8B%E3%81%97%E3%81%AE%E3%82%A2%E3%83%8B%E3%83%A1%E3%82%BD%E3%83%B3%E3%82%B0%E5%A4%A7%E5%85%A8%5B1%5D1963%EF%BD%9E1967,東芝EMI,TOCT-8513,---
宇宙少年ソラン,1965/05/04,1967/03/28,21世紀に遺したい アニメソング大全ミレニアムボックス(6枚組),"OP/宇宙少年ソラン
ED/宇宙少年ソラン(インスト)
ED/いざ行けソラン",https://www.amazon.co.jp/s?k=TOCT-24381%EF%BD%9E6%2021%E4%B8%96%E7%B4%80%E3%81%AB%E9%81%BA%E3%81%97%E3%81%9F%E3%81%84%20%E3%82%A2%E3%83%8B%E3%83%A1%E3%82%BD%E3%83%B3%E3%82%B0%E5%A4%A7%E5%85%A8%E3%83%9F%E3%83%AC%E3%83%8B%E3%82%A2%E3%83%A0%E3%83%9C%E3%83%83%E3%82%AF%E3%82%B9%286%E6%9E%9A%E7%B5%84%29,東芝EMI,TOCT-24381～6,---
宇宙少年ソラン,1965/05/04,1967/03/28,アニメ主題歌大全集(10枚組･通信販売のみ),"OP/宇宙少年ソラン
ED/いざ行けソラン",https://www.amazon.co.jp/s?k=GES-31000%EF%BD%9E9%20%E3%82%A2%E3%83%8B%E3%83%A1%E4%B8%BB%E9%A1%8C%E6%AD%8C%E5%A4%A7%E5%85%A8%E9%9B%86%2810%E6%9E%9A%E7%B5%84%EF%BD%A5%E9%80%9A%E4%BF%A1%E8%B2%A9%E5%A3%B2%E3%81%AE%E3%81%BF%29,コロムビアファミリークラブ,GES-31000～9,---
宇宙少年ソラン,1965/05/04,1967/03/28,エイケン アンソロジー 1963～1972,ED/宇宙少年ソラン(インスト),https://www.amazon.co.jp/s?k=MECB-2010%20%E3%82%A8%E3%82%A4%E3%82%B1%E3%83%B3%20%E3%82%A2%E3%83%B3%E3%82%BD%E3%83%AD%E3%82%B8%E3%83%BC%201963%EF%BD%9E1972,トライエム,MECB-2010,---
宇宙エース,1965/05/08,1966/04/28,初盤,OP/星の炎に,https://www.amazon.co.jp/s?k=M-17%20%E5%88%9D%E7%9B%A4,朝日ソノラマ,M-17,---
宇宙エース,1965/05/08,1966/04/28,テレビまんが主題歌のあゆみ(2枚組),OP/星の炎に,https://www.amazon.co.jp/s?k=COCX-33498%EF%BD%9E9%20%E3%83%86%E3%83%AC%E3%83%93%E3%81%BE%E3%82%93%E3%81%8C%E4%B8%BB%E9%A1%8C%E6%AD%8C%E3%81%AE%E3%81%82%E3%82%86%E3%81%BF%282%E6%9E%9A%E7%B5%84%29,日本コロムビア,COCX-33498～9,---
宇宙エース,1965/05/08,1966/04/28,テレビアニメ スーパーヒストリーvol.1,OP/星の炎に,https://www.amazon.co.jp/s?k=COCC-70049%20%E3%83%86%E3%83%AC%E3%83%93%E3%82%A2%E3%83%8B%E3%83%A1%20%E3%82%B9%E3%83%BC%E3%83%91%E3%83%BC%E3%83%92%E3%82%B9%E3%83%88%E3%83%AA%E3%83%BCvol.1,日本コロムビア,COCC-70049,---
宇宙エース,1965/05/08,1966/04/28,21世紀に遺したい アニメソング大全ミレニアムボックス(6枚組),OP/星の炎に,https://www.amazon.co.jp/s?k=TOCT-24381%EF%BD%9E6%2021%E4%B8%96%E7%B4%80%E3%81%AB%E9%81%BA%E3%81%97%E3%81%9F%E3%81%84%20%E3%82%A2%E3%83%8B%E3%83%A1%E3%82%BD%E3%83%B3%E3%82%B0%E5%A4%A7%E5%85%A8%E3%83%9F%E3%83%AC%E3%83%8B%E3%82%A2%E3%83%A0%E3%83%9C%E3%83%83%E3%82%AF%E3%82%B9%286%E6%9E%9A%E7%B5%84%29,東芝EMI,TOCT-24381～6,---
宇宙エース,1965/05/08,1966/04/28,アニメ主題歌大全集(10枚組･通信販売のみ),OP/星の炎に,https://www.amazon.co.jp/s?k=GES-31000%EF%BD%9E9%20%E3%82%A2%E3%83%8B%E3%83%A1%E4%B8%BB%E9%A1%8C%E6%AD%8C%E5%A4%A7%E5%85%A8%E9%9B%86%2810%E6%9E%9A%E7%B5%84%EF%BD%A5%E9%80%9A%E4%BF%A1%E8%B2%A9%E5%A3%B2%E3%81%AE%E3%81%BF%29,コロムビアファミリークラブ,GES-31000～9,---
宇宙エース,1965/05/08,1966/04/28,朝日ソノラマ主題歌コレクション２,OP/星の炎に,https://www.amazon.co.jp/s?k=TOCT-25073%EF%BD%9E4%20%E6%9C%9D%E6%97%A5%E3%82%BD%E3%83%8E%E3%83%A9%E3%83%9E%E4%B8%BB%E9%A1%8C%E6%AD%8C%E3%82%B3%E3%83%AC%E3%82%AF%E3%82%B7%E3%83%A7%E3%83%B3%EF%BC%92,東芝EMI,TOCT-25073～4,---
宇宙エース,1965/05/08,1966/04/28,永久保存盤 朝日ソノラマ大全集(5枚組),OP/星の炎に,https://www.amazon.co.jp/s?k=COCX-34642%EF%BD%9E6%20%E6%B0%B8%E4%B9%85%E4%BF%9D%E5%AD%98%E7%9B%A4%20%E6%9C%9D%E6%97%A5%E3%82%BD%E3%83%8E%E3%83%A9%E3%83%9E%E5%A4%A7%E5%85%A8%E9%9B%86%285%E6%9E%9A%E7%B5%84%29,日本コロムビア,COCX-34642～6,---
遊星少年パピイ,1965/06/03,1966/05/27,初盤,OP/遊星少年パピイ,https://www.amazon.co.jp/s?k=M-19%20%E5%88%9D%E7%9B%A4,朝日ソノラマ,M-19,---
遊星少年パピイ,1965/06/03,1966/05/27,---,おやすみパピイ,https://www.amazon.co.jp/s?k=MB-129,ビクター,MB-129,混載盤「 テレビマンガヒット集」収録
遊星少年パピイ,1965/06/03,1966/05/27,オリジナル版懐かしのアニメソング大全[1]1963～1967,OP/遊星少年パピイ,https://www.amazon.co.jp/s?k=TOCT-8513%20%E3%82%AA%E3%83%AA%E3%82%B8%E3%83%8A%E3%83%AB%E7%89%88%E6%87%90%E3%81%8B%E3%81%97%E3%81%AE%E3%82%A2%E3%83%8B%E3%83%A1%E3%82%BD%E3%83%B3%E3%82%B0%E5%A4%A7%E5%85%A8%5B1%5D1963%EF%BD%9E1967,東芝EMI,TOCT-8513,「グリコ」歌詞入り。
遊星少年パピイ,1965/06/03,1966/05/27,オリジナル版懐かしのアニメソング大全挿入歌編vol.１,おやすみパピイ,https://www.amazon.co.jp/s?k=TOCT-9258%20%E3%82%AA%E3%83%AA%E3%82%B8%E3%83%8A%E3%83%AB%E7%89%88%E6%87%90%E3%81%8B%E3%81%97%E3%81%AE%E3%82%A2%E3%83%8B%E3%83%A1%E3%82%BD%E3%83%B3%E3%82%B0%E5%A4%A7%E5%85%A8%E6%8C%BF%E5%85%A5%E6%AD%8C%E7%B7%A8vol.%EF%BC%91,東芝EMI,TOCT-9258,---
遊星少年パピイ,1965/06/03,1966/05/27,エイケン アンソロジー 1963～1972,ED/遊星少年パピイ（インスト）,https://www.amazon.co.jp/s?k=MECB-2010%20%E3%82%A8%E3%82%A4%E3%82%B1%E3%83%B3%20%E3%82%A2%E3%83%B3%E3%82%BD%E3%83%AD%E3%82%B8%E3%83%BC%201963%EF%BD%9E1972,トライエム,MECB-2010,---
遊星少年パピイ,1965/06/03,1966/05/27,21世紀に遺したい アニメソング大全ミレニアムボックス(6枚組),"OP/遊星少年パピイ
ED/遊星少年パピイ（インスト）",https://www.amazon.co.jp/s?k=TOCT-24381%EF%BD%9E6%2021%E4%B8%96%E7%B4%80%E3%81%AB%E9%81%BA%E3%81%97%E3%81%9F%E3%81%84%20%E3%82%A2%E3%83%8B%E3%83%A1%E3%82%BD%E3%83%B3%E3%82%B0%E5%A4%A7%E5%85%A8%E3%83%9F%E3%83%AC%E3%83%8B%E3%82%A2%E3%83%A0%E3%83%9C%E3%83%83%E3%82%AF%E3%82%B9%286%E6%9E%9A%E7%B5%84%29,東芝EMI,TOCT-24381～6,１は「グリコ」歌詞入り。
遊星少年パピイ,1965/06/03,1966/05/27,朝日ソノラマ主題歌コレクション２,OP/遊星少年パピイ,https://www.amazon.co.jp/s?k=TOCT-25073%EF%BD%9E4%20%E6%9C%9D%E6%97%A5%E3%82%BD%E3%83%8E%E3%83%A9%E3%83%9E%E4%B8%BB%E9%A1%8C%E6%AD%8C%E3%82%B3%E3%83%AC%E3%82%AF%E3%82%B7%E3%83%A7%E3%83%B3%EF%BC%92,東芝EMI,TOCT-25073～4,---
遊星少年パピイ,1965/06/03,1966/05/27,永久保存盤 朝日ソノラマ大全集(5枚組),OP/遊星少年パピイ,https://www.amazon.co.jp/s?k=COCX-34642%EF%BD%9E6%20%E6%B0%B8%E4%B9%85%E4%BF%9D%E5%AD%98%E7%9B%A4%20%E6%9C%9D%E6%97%A5%E3%82%BD%E3%83%8E%E3%83%A9%E3%83%9E%E5%A4%A7%E5%85%A8%E9%9B%86%285%E6%9E%9A%E7%B5%84%29,日本コロムビア,COCX-34642～6,---
W３,1965/06/06,1966/06/27,初盤,OP・ED/ワンダースリー (歌/ボーカル･ショップ､白石冬美､近石真介､小島康男),https://www.amazon.co.jp/s?k=M-20%20%E5%88%9D%E7%9B%A4,朝日ソノラマ,M-20,---
W３,1965/06/06,1966/06/27,---,"OP・ED/ワンダースリー (歌/ボーカル･ショップ､白石冬美､近石真介､小島康男)
ぼくのすてきなママとパパ
シェリーの歌",https://www.amazon.co.jp/s?k=JKL-6507,テイチク,JKL-6507,混載盤「 手塚治虫作品傑作集/鉄腕アトム」収録。
W３,1965/06/06,1966/06/27,オリジナル版懐かしのアニメソング大全[1]1963～1967,OP・ED/ワンダースリー (歌/ボーカル･ショップ､白石冬美､近石真介､小島康男),https://www.amazon.co.jp/s?k=TOCT-8513%20%E3%82%AA%E3%83%AA%E3%82%B8%E3%83%8A%E3%83%AB%E7%89%88%E6%87%90%E3%81%8B%E3%81%97%E3%81%AE%E3%82%A2%E3%83%8B%E3%83%A1%E3%82%BD%E3%83%B3%E3%82%B0%E5%A4%A7%E5%85%A8%5B1%5D1963%EF%BD%9E1967,東芝EMI,TOCT-8513,---
W３,1965/06/06,1966/06/27,テレビまんが主題歌のあゆみ(2枚組),OP・ED/ワンダースリー (歌/ボーカル･ショップ､白石冬美､近石真介､小島康男),https://www.amazon.co.jp/s?k=COCX-33498%EF%BD%9E9%20%E3%83%86%E3%83%AC%E3%83%93%E3%81%BE%E3%82%93%E3%81%8C%E4%B8%BB%E9%A1%8C%E6%AD%8C%E3%81%AE%E3%81%82%E3%82%86%E3%81%BF%282%E6%9E%9A%E7%B5%84%29,日本コロムビア,COCX-33498～9,---
W３,1965/06/06,1966/06/27,アニメ主題歌メモリアル２(10枚組）,OP・ED/ワンダースリー (歌/ボーカル･ショップ､白石冬美､近石真介､小島康男),https://www.amazon.co.jp/s?k=COCC-13591%EF%BD%9E600%20%E3%82%A2%E3%83%8B%E3%83%A1%E4%B8%BB%E9%A1%8C%E6%AD%8C%E3%83%A1%E3%83%A2%E3%83%AA%E3%82%A2%E3%83%AB%EF%BC%92%2810%E6%9E%9A%E7%B5%84%EF%BC%89,日本コロムビア,COCC-13591～600,---
W３,1965/06/06,1966/06/27,復刻 手塚治虫作品傑作集/鉄腕アトム,"OP・ED/ワンダースリー (歌/ボーカル･ショップ､白石冬美､近石真介､小島康男)
ぼくのすてきなママとパパ
シェリーの歌",https://www.amazon.co.jp/s?k=TECD-25414%20%E5%BE%A9%E5%88%BB%20%E6%89%8B%E5%A1%9A%E6%B2%BB%E8%99%AB%E4%BD%9C%E5%93%81%E5%82%91%E4%BD%9C%E9%9B%86/%E9%89%84%E8%85%95%E3%82%A2%E3%83%88%E3%83%A0,テイチク,TECD-25414,---
W３,1965/06/06,1966/06/27,21世紀に遺したい アニメソング大全ミレニアムボックス(6枚組),"OP・ED/ワンダースリー (歌/ボーカル･ショップ､白石冬美､近石真介､小島康男)
（ED）/ワンダースリー（インスト）",https://www.amazon.co.jp/s?k=TOCT-24381%EF%BD%9E6%2021%E4%B8%96%E7%B4%80%E3%81%AB%E9%81%BA%E3%81%97%E3%81%9F%E3%81%84%20%E3%82%A2%E3%83%8B%E3%83%A1%E3%82%BD%E3%83%B3%E3%82%B0%E5%A4%A7%E5%85%A8%E3%83%9F%E3%83%AC%E3%83%8B%E3%82%A2%E3%83%A0%E3%83%9C%E3%83%83%E3%82%AF%E3%82%B9%286%E6%9E%9A%E7%B5%84%29,東芝EMI,TOCT-24381～6,---
W３,1965/06/06,1966/06/27,アニメ主題歌大全集(10枚組･通信販売のみ),"OP・ED/ワンダースリー (歌/ボーカル･ショップ､白石冬美､近石真介､小島康男)
ぼくのすてきなママとパパ",https://www.amazon.co.jp/s?k=GES-31000%EF%BD%9E9%20%E3%82%A2%E3%83%8B%E3%83%A1%E4%B8%BB%E9%A1%8C%E6%AD%8C%E5%A4%A7%E5%85%A8%E9%9B%86%2810%E6%9E%9A%E7%B5%84%EF%BD%A5%E9%80%9A%E4%BF%A1%E8%B2%A9%E5%A3%B2%E3%81%AE%E3%81%BF%29,コロムビアファミリークラブ,GES-31000～9,---
W３,1965/06/06,1966/06/27,虫プロ アンソロジー 1963～1971,（ED）/ワンダースリー（インスト）,https://www.amazon.co.jp/s?k=MECB-2009%20%E8%99%AB%E3%83%97%E3%83%AD%20%E3%82%A2%E3%83%B3%E3%82%BD%E3%83%AD%E3%82%B8%E3%83%BC%201963%EF%BD%9E1971,トライエム,MECB-2009,---
W３,1965/06/06,1966/06/27,懐かしのミュージッククリップ43 「W３」,"OP・ED/ワンダースリー (歌/ボーカル･ショップ､白石冬美､近石真介､小島康男)
（ED）/ワンダースリー（インスト）",https://www.amazon.co.jp/s?k=TOCT-10403%20%E6%87%90%E3%81%8B%E3%81%97%E3%81%AE%E3%83%9F%E3%83%A5%E3%83%BC%E3%82%B8%E3%83%83%E3%82%AF%E3%82%AF%E3%83%AA%E3%83%83%E3%83%9743%20%E3%80%8CW%EF%BC%93%E3%80%8D,東芝EMI,TOCT-10403,---
W３,1965/06/06,1966/06/27,朝日ソノラマ主題歌コレクション２,OP・ED/ワンダースリー (歌/ボーカル･ショップ､白石冬美､近石真介､小島康男),https://www.amazon.co.jp/s?k=TOCT-25073%EF%BD%9E4%20%E6%9C%9D%E6%97%A5%E3%82%BD%E3%83%8E%E3%83%A9%E3%83%9E%E4%B8%BB%E9%A1%8C%E6%AD%8C%E3%82%B3%E3%83%AC%E3%82%AF%E3%82%B7%E3%83%A7%E3%83%B3%EF%BC%92,東芝EMI,TOCT-25073～4,---
W３,1965/06/06,1966/06/27,永久保存盤 朝日ソノラマ大全集(5枚組),OP・ED/ワンダースリー (歌/ボーカル･ショップ､白石冬美､近石真介､小島康男),https://www.amazon.co.jp/s?k=COCX-34642%EF%BD%9E6%20%E6%B0%B8%E4%B9%85%E4%BF%9D%E5%AD%98%E7%9B%A4%20%E6%9C%9D%E6%97%A5%E3%82%BD%E3%83%8E%E3%83%A9%E3%83%9E%E5%A4%A7%E5%85%A8%E9%9B%86%285%E6%9E%9A%E7%B5%84%29,日本コロムビア,COCX-34642～6,１はDVD「虫プロ手塚治虫アニメ主題歌集」(日本コロムビア・COBC-90380)に収録されている。
オバケのQ太郎,1965/08/29,1969/03/26,初盤,"OP/オバケのQ太郎 （1コーラス）
ED/ぼくとQちゃん （2コーラス）",https://www.amazon.co.jp/s?k=M-24%20%E5%88%9D%E7%9B%A4,朝日ソノラマ,M-24,---
オバケのQ太郎,1965/08/29,1969/03/26,初盤,"OP/オバケのQ太郎
OP・ED/オバQ音頭
「オバQかぞえうた」
「ぼくは正太だい」",https://www.amazon.co.jp/s?k=M-47%20%E5%88%9D%E7%9B%A4,朝日ソノラマ,M-47,---
オバケのQ太郎,1965/08/29,1969/03/26,オリジナル版懐かしのアニメソング大全[1]1963～1967,"OP/オバケのQ太郎
ED/ぼくとQちゃん",https://www.amazon.co.jp/s?k=TOCT-8513%20%E3%82%AA%E3%83%AA%E3%82%B8%E3%83%8A%E3%83%AB%E7%89%88%E6%87%90%E3%81%8B%E3%81%97%E3%81%AE%E3%82%A2%E3%83%8B%E3%83%A1%E3%82%BD%E3%83%B3%E3%82%B0%E5%A4%A7%E5%85%A8%5B1%5D1963%EF%BD%9E1967,東芝EMI,TOCT-8513,---
オバケのQ太郎,1965/08/29,1969/03/26,21世紀に遺したい アニメソング大全ミレニアムボックス(6枚組),"OP/オバケのQ太郎
OP・ED/オバQ音頭",https://www.amazon.co.jp/s?k=TOCT-24381%EF%BD%9E6%2021%E4%B8%96%E7%B4%80%E3%81%AB%E9%81%BA%E3%81%97%E3%81%9F%E3%81%84%20%E3%82%A2%E3%83%8B%E3%83%A1%E3%82%BD%E3%83%B3%E3%82%B0%E5%A4%A7%E5%85%A8%E3%83%9F%E3%83%AC%E3%83%8B%E3%82%A2%E3%83%A0%E3%83%9C%E3%83%83%E3%82%AF%E3%82%B9%286%E6%9E%9A%E7%B5%84%29,東芝EMI,TOCT-24381～6,---
オバケのQ太郎,1965/08/29,1969/03/26,朝日ソノラマ主題歌コレクション２,OP・ED/オバQ音頭,https://www.amazon.co.jp/s?k=TOCT-25073%EF%BD%9E4%20%E6%9C%9D%E6%97%A5%E3%82%BD%E3%83%8E%E3%83%A9%E3%83%9E%E4%B8%BB%E9%A1%8C%E6%AD%8C%E3%82%B3%E3%83%AC%E3%82%AF%E3%82%B7%E3%83%A7%E3%83%B3%EF%BC%92,東芝EMI,TOCT-25073～4,---
オバケのQ太郎,1965/08/29,1969/03/26,永久保存盤 朝日ソノラマ大全集(5枚組),OP・ED/オバQ音頭,https://www.amazon.co.jp/s?k=COCX-34642%EF%BD%9E6%20%E6%B0%B8%E4%B9%85%E4%BF%9D%E5%AD%98%E7%9B%A4%20%E6%9C%9D%E6%97%A5%E3%82%BD%E3%83%8E%E3%83%A9%E3%83%9E%E5%A4%A7%E5%85%A8%E9%9B%86%285%E6%9E%9A%E7%B5%84%29,日本コロムビア,COCX-34642～6,---
ジャングル大帝,1965/10/06,1966/09/28,初盤,"OP/ジャングル大帝のテーマ
「星なったママ｣",https://www.amazon.co.jp/s?k=M-28%20%E5%88%9D%E7%9B%A4,朝日ソノラマ,M-28,---
ジャングル大帝,1965/10/06,1966/09/28,---,"OP/ジャングル大帝のテーマ ’（歌は三浦弘の名義）
ED/レオのうた
「ディックとボゥ」
「ライヤのうた」",https://www.amazon.co.jp/s?k=SCS-1,日本コロムビア,SCS-1,---
ジャングル大帝,1965/10/06,1966/09/28,初盤,"OP/ジャングル大帝のうた（進めレオ!主題歌）
「白いたてがみ」",https://www.amazon.co.jp/s?k=M-61%20%E5%88%9D%E7%9B%A4,朝日ソノラマ,M-61,---
ジャングル大帝,1965/10/06,1966/09/28,虫プロ アンソロジー 1963～1971,"OP/ジャングル大帝のテーマ
OP/ジャングル大帝のテーマ（スキャット）
OP/ジャングル大帝のうた（進めレオ!主題歌）",https://www.amazon.co.jp/s?k=MECB-2009%20%E8%99%AB%E3%83%97%E3%83%AD%20%E3%82%A2%E3%83%B3%E3%82%BD%E3%83%AD%E3%82%B8%E3%83%BC%201963%EF%BD%9E1971,トライエム,MECB-2009,TV音源（フルコーラス)。４は１コーラスタイプ（TV版）を収録。３は「三洋電機」歌詞入り。
ジャングル大帝,1965/10/06,1966/09/28,オリジナル版懐かしのアニメソング大全[1]1963～1967,"OP/ジャングル大帝のテーマ（スキャット）
OP/ジャングル大帝のうた（進めレオ!主題歌）",https://www.amazon.co.jp/s?k=TOCT-8513%20%E3%82%AA%E3%83%AA%E3%82%B8%E3%83%8A%E3%83%AB%E7%89%88%E6%87%90%E3%81%8B%E3%81%97%E3%81%AE%E3%82%A2%E3%83%8B%E3%83%A1%E3%82%BD%E3%83%B3%E3%82%B0%E5%A4%A7%E5%85%A8%5B1%5D1963%EF%BD%9E1967,東芝EMI,TOCT-8513,３は「三洋電機」歌詞入り。
ジャングル大帝,1965/10/06,1966/09/28,21世紀に遺したい アニメソング大全ミレニアムボックス(6枚組),"OP/ジャングル大帝のテーマ
OP/ジャングル大帝のテーマ（スキャット）
OP/ジャングル大帝のうた（進めレオ!主題歌）",https://www.amazon.co.jp/s?k=TOCT-24381%EF%BD%9E6%2021%E4%B8%96%E7%B4%80%E3%81%AB%E9%81%BA%E3%81%97%E3%81%9F%E3%81%84%20%E3%82%A2%E3%83%8B%E3%83%A1%E3%82%BD%E3%83%B3%E3%82%B0%E5%A4%A7%E5%85%A8%E3%83%9F%E3%83%AC%E3%83%8B%E3%82%A2%E3%83%A0%E3%83%9C%E3%83%83%E3%82%AF%E3%82%B9%286%E6%9E%9A%E7%B5%84%29,東芝EMI,TOCT-24381～6,３は「三洋電機」歌詞入り。４は１コーラスタイプ（TV版）を収録。
ジャングル大帝,1965/10/06,1966/09/28,アニメ主題歌大全集(10枚組･通信販売のみ),"OP/ジャングル大帝のテーマ
OP/ジャングル大帝のうた（進めレオ!主題歌）",https://www.amazon.co.jp/s?k=GES-31000%EF%BD%9E9%20%E3%82%A2%E3%83%8B%E3%83%A1%E4%B8%BB%E9%A1%8C%E6%AD%8C%E5%A4%A7%E5%85%A8%E9%9B%86%2810%E6%9E%9A%E7%B5%84%EF%BD%A5%E9%80%9A%E4%BF%A1%E8%B2%A9%E5%A3%B2%E3%81%AE%E3%81%BF%29,コロムビアファミリークラブ,GES-31000～9,３は「進めレオ!主題歌」表記。
ジャングル大帝,1965/10/06,1966/09/28,テレビまんが懐かしのB面コレクション(2枚組),ED/レオのうた,https://www.amazon.co.jp/s?k=COCX-33556%EF%BD%9E7%20%E3%83%86%E3%83%AC%E3%83%93%E3%81%BE%E3%82%93%E3%81%8C%E6%87%90%E3%81%8B%E3%81%97%E3%81%AEB%E9%9D%A2%E3%82%B3%E3%83%AC%E3%82%AF%E3%82%B7%E3%83%A7%E3%83%B3%282%E6%9E%9A%E7%B5%84%29,日本コロムビア,COCX-33556～7,---
ジャングル大帝,1965/10/06,1966/09/28,アニメ主題歌メモリアル(10枚組･通信販売）,ED/レオのうた,https://www.amazon.co.jp/s?k=GES-30526%EF%BD%9E35%20%E3%82%A2%E3%83%8B%E3%83%A1%E4%B8%BB%E9%A1%8C%E6%AD%8C%E3%83%A1%E3%83%A2%E3%83%AA%E3%82%A2%E3%83%AB%2810%E6%9E%9A%E7%B5%84%EF%BD%A5%E9%80%9A%E4%BF%A1%E8%B2%A9%E5%A3%B2%EF%BC%89,コロムビアファミリークラブ,GES-30526～35,1はコロムビアVer（歌は三浦弘の名義）。
ジャングル大帝,1965/10/06,1966/09/28,懐かしのミュージッククリップ35 「ジャングル大帝」,"OP/ジャングル大帝のテーマ
OP/ジャングル大帝のテーマ（スキャット）
OP/ジャングル大帝のうた（進めレオ!主題歌）
ED/レオのうた",https://www.amazon.co.jp/s?k=TOCT-10235%20%E6%87%90%E3%81%8B%E3%81%97%E3%81%AE%E3%83%9F%E3%83%A5%E3%83%BC%E3%82%B8%E3%83%83%E3%82%AF%E3%82%AF%E3%83%AA%E3%83%83%E3%83%9735%20%E3%80%8C%E3%82%B8%E3%83%A3%E3%83%B3%E3%82%B0%E3%83%AB%E5%A4%A7%E5%B8%9D%E3%80%8D,東芝EMI,TOCT-10235,４のみ１コーラスタイプ（TV版）と思われる。
ジャングル大帝,1965/10/06,1966/09/28,朝日ソノラマ主題歌コレクション２,OP/ジャングル大帝のテーマ,https://www.amazon.co.jp/s?k=TOCT-25073%EF%BD%9E4%20%E6%9C%9D%E6%97%A5%E3%82%BD%E3%83%8E%E3%83%A9%E3%83%9E%E4%B8%BB%E9%A1%8C%E6%AD%8C%E3%82%B3%E3%83%AC%E3%82%AF%E3%82%B7%E3%83%A7%E3%83%B3%EF%BC%92,東芝EMI,TOCT-25073～4,---
ジャングル大帝,1965/10/06,1966/09/28,永久保存盤 朝日ソノラマ大全集(5枚組),OP/ジャングル大帝のテーマ,https://www.amazon.co.jp/s?k=COCX-34642%EF%BD%9E6%20%E6%B0%B8%E4%B9%85%E4%BF%9D%E5%AD%98%E7%9B%A4%20%E6%9C%9D%E6%97%A5%E3%82%BD%E3%83%8E%E3%83%A9%E3%83%9E%E5%A4%A7%E5%85%A8%E9%9B%86%285%E6%9E%9A%E7%B5%84%29,日本コロムビア,COCX-34642～6,４はTV版とレコード版とでは一部歌詞が違う。レコード版は劇場用で使用されたが、本放送でも使用された可能性あり。 DVD「虫プロ手塚治虫アニメ主題歌集」(日本コロムビア・COBC-90380)にTV版歌詞のフル（2）コーラスが収録されている。
ジャングル大帝 進めレオ!,1966/10/05,1967/03/29,初盤,"OP/ジャングル大帝のテーマ
「星なったママ｣",https://www.amazon.co.jp/s?k=M-28%20%E5%88%9D%E7%9B%A4,朝日ソノラマ,M-28,---
ジャングル大帝 進めレオ!,1966/10/05,1967/03/29,---,"OP/ジャングル大帝のテーマ ’（歌は三浦弘の名義）
ED/レオのうた
「ディックとボゥ」
「ライヤのうた」",https://www.amazon.co.jp/s?k=SCS-1,日本コロムビア,SCS-1,---
ジャングル大帝 進めレオ!,1966/10/05,1967/03/29,初盤,"OP/ジャングル大帝のうた（進めレオ!主題歌）
「白いたてがみ」",https://www.amazon.co.jp/s?k=M-61%20%E5%88%9D%E7%9B%A4,朝日ソノラマ,M-61,---
ジャングル大帝 進めレオ!,1966/10/05,1967/03/29,虫プロ アンソロジー 1963～1971,"OP/ジャングル大帝のテーマ
OP/ジャングル大帝のテーマ（スキャット）
OP/ジャングル大帝のうた（進めレオ!主題歌）",https://www.amazon.co.jp/s?k=MECB-2009%20%E8%99%AB%E3%83%97%E3%83%AD%20%E3%82%A2%E3%83%B3%E3%82%BD%E3%83%AD%E3%82%B8%E3%83%BC%201963%EF%BD%9E1971,トライエム,MECB-2009,TV音源（フルコーラス)。４は１コーラスタイプ（TV版）を収録。３は「三洋電機」歌詞入り。
ジャングル大帝 進めレオ!,1966/10/05,1967/03/29,オリジナル版懐かしのアニメソング大全[1]1963～1967,"OP/ジャングル大帝のテーマ（スキャット）
OP/ジャングル大帝のうた（進めレオ!主題歌）",https://www.amazon.co.jp/s?k=TOCT-8513%20%E3%82%AA%E3%83%AA%E3%82%B8%E3%83%8A%E3%83%AB%E7%89%88%E6%87%90%E3%81%8B%E3%81%97%E3%81%AE%E3%82%A2%E3%83%8B%E3%83%A1%E3%82%BD%E3%83%B3%E3%82%B0%E5%A4%A7%E5%85%A8%5B1%5D1963%EF%BD%9E1967,東芝EMI,TOCT-8513,３は「三洋電機」歌詞入り。
ジャングル大帝 進めレオ!,1966/10/05,1967/03/29,21世紀に遺したい アニメソング大全ミレニアムボックス(6枚組),"OP/ジャングル大帝のテーマ
OP/ジャングル大帝のテーマ（スキャット）
OP/ジャングル大帝のうた（進めレオ!主題歌）",https://www.amazon.co.jp/s?k=TOCT-24381%EF%BD%9E6%2021%E4%B8%96%E7%B4%80%E3%81%AB%E9%81%BA%E3%81%97%E3%81%9F%E3%81%84%20%E3%82%A2%E3%83%8B%E3%83%A1%E3%82%BD%E3%83%B3%E3%82%B0%E5%A4%A7%E5%85%A8%E3%83%9F%E3%83%AC%E3%83%8B%E3%82%A2%E3%83%A0%E3%83%9C%E3%83%83%E3%82%AF%E3%82%B9%286%E6%9E%9A%E7%B5%84%29,東芝EMI,TOCT-24381～6,３は「三洋電機」歌詞入り。４は１コーラスタイプ（TV版）を収録。
ジャングル大帝 進めレオ!,1966/10/05,1967/03/29,アニメ主題歌大全集(10枚組･通信販売のみ),"OP/ジャングル大帝のテーマ
OP/ジャングル大帝のうた（進めレオ!主題歌）",https://www.amazon.co.jp/s?k=GES-31000%EF%BD%9E9%20%E3%82%A2%E3%83%8B%E3%83%A1%E4%B8%BB%E9%A1%8C%E6%AD%8C%E5%A4%A7%E5%85%A8%E9%9B%86%2810%E6%9E%9A%E7%B5%84%EF%BD%A5%E9%80%9A%E4%BF%A1%E8%B2%A9%E5%A3%B2%E3%81%AE%E3%81%BF%29,コロムビアファミリークラブ,GES-31000～9,３は「進めレオ!主題歌」表記。
ジャングル大帝 進めレオ!,1966/10/05,1967/03/29,テレビまんが懐かしのB面コレクション(2枚組),ED/レオのうた,https://www.amazon.co.jp/s?k=COCX-33556%EF%BD%9E7%20%E3%83%86%E3%83%AC%E3%83%93%E3%81%BE%E3%82%93%E3%81%8C%E6%87%90%E3%81%8B%E3%81%97%E3%81%AEB%E9%9D%A2%E3%82%B3%E3%83%AC%E3%82%AF%E3%82%B7%E3%83%A7%E3%83%B3%282%E6%9E%9A%E7%B5%84%29,日本コロムビア,COCX-33556～7,---
ジャングル大帝 進めレオ!,1966/10/05,1967/03/29,アニメ主題歌メモリアル(10枚組･通信販売）,ED/レオのうた,https://www.amazon.co.jp/s?k=GES-30526%EF%BD%9E35%20%E3%82%A2%E3%83%8B%E3%83%A1%E4%B8%BB%E9%A1%8C%E6%AD%8C%E3%83%A1%E3%83%A2%E3%83%AA%E3%82%A2%E3%83%AB%2810%E6%9E%9A%E7%B5%84%EF%BD%A5%E9%80%9A%E4%BF%A1%E8%B2%A9%E5%A3%B2%EF%BC%89,コロムビアファミリークラブ,GES-30526～35,1はコロムビアVer（歌は三浦弘の名義）。
ジャングル大帝 進めレオ!,1966/10/05,1967/03/29,懐かしのミュージッククリップ35 「ジャングル大帝」,"OP/ジャングル大帝のテーマ
OP/ジャングル大帝のテーマ（スキャット）
OP/ジャングル大帝のうた（進めレオ!主題歌）
ED/レオのうた",https://www.amazon.co.jp/s?k=TOCT-10235%20%E6%87%90%E3%81%8B%E3%81%97%E3%81%AE%E3%83%9F%E3%83%A5%E3%83%BC%E3%82%B8%E3%83%83%E3%82%AF%E3%82%AF%E3%83%AA%E3%83%83%E3%83%9735%20%E3%80%8C%E3%82%B8%E3%83%A3%E3%83%B3%E3%82%B0%E3%83%AB%E5%A4%A7%E5%B8%9D%E3%80%8D,東芝EMI,TOCT-10235,４のみ１コーラスタイプ（TV版）と思われる。
ジャングル大帝 進めレオ!,1966/10/05,1967/03/29,朝日ソノラマ主題歌コレクション２,OP/ジャングル大帝のテーマ,https://www.amazon.co.jp/s?k=TOCT-25073%EF%BD%9E4%20%E6%9C%9D%E6%97%A5%E3%82%BD%E3%83%8E%E3%83%A9%E3%83%9E%E4%B8%BB%E9%A1%8C%E6%AD%8C%E3%82%B3%E3%83%AC%E3%82%AF%E3%82%B7%E3%83%A7%E3%83%B3%EF%BC%92,東芝EMI,TOCT-25073～4,---
ジャングル大帝 進めレオ!,1966/10/05,1967/03/29,永久保存盤 朝日ソノラマ大全集(5枚組),OP/ジャングル大帝のテーマ,https://www.amazon.co.jp/s?k=COCX-34642%EF%BD%9E6%20%E6%B0%B8%E4%B9%85%E4%BF%9D%E5%AD%98%E7%9B%A4%20%E6%9C%9D%E6%97%A5%E3%82%BD%E3%83%8E%E3%83%A9%E3%83%9E%E5%A4%A7%E5%85%A8%E9%9B%86%285%E6%9E%9A%E7%B5%84%29,日本コロムビア,COCX-34642～6,４はTV版とレコード版とでは一部歌詞が違う。レコード版は劇場用で使用されたが、本放送でも使用された可能性あり。 DVD「虫プロ手塚治虫アニメ主題歌集」(日本コロムビア・COBC-90380)にTV版歌詞のフル（2）コーラスが収録されている。
ハッスルパンチ,1965/11/01,1966/04/25,初盤,"OP・ED/ハッスルパンチの歌
パンチ･タッチ・ブンの歌
おやすみなさい",https://www.amazon.co.jp/s?k=M-27%20%E5%88%9D%E7%9B%A4,朝日ソノラマ,M-27,---
ハッスルパンチ,1965/11/01,1966/04/25,懐かしのミュージッククリップ24 「ハッスルパンチ」,"OP・ED/ハッスルパンチの歌
パンチ･タッチ・ブンの歌",https://www.amazon.co.jp/s?k=TOCT-9894%20%E6%87%90%E3%81%8B%E3%81%97%E3%81%AE%E3%83%9F%E3%83%A5%E3%83%BC%E3%82%B8%E3%83%83%E3%82%AF%E3%82%AF%E3%83%AA%E3%83%83%E3%83%9724%20%E3%80%8C%E3%83%8F%E3%83%83%E3%82%B9%E3%83%AB%E3%83%91%E3%83%B3%E3%83%81%E3%80%8D,東芝EMI,TOCT-9894,---
ハッスルパンチ,1965/11/01,1966/04/25,東映動画 アンソロジー〈TV篇〉 1963～1969,OP・ED/ハッスルパンチの歌,https://www.amazon.co.jp/s?k=MECB-2013%20%E6%9D%B1%E6%98%A0%E5%8B%95%E7%94%BB%20%E3%82%A2%E3%83%B3%E3%82%BD%E3%83%AD%E3%82%B8%E3%83%BC%E3%80%88TV%E7%AF%87%E3%80%89%201963%EF%BD%9E1969,トライエム,MECB-2013,TV音源（フルコーラス)。
ハッスルパンチ,1965/11/01,1966/04/25,アニメ主題歌大全集(10枚組･通信販売のみ),"OP・ED/ハッスルパンチの歌
おやすみなさい",https://www.amazon.co.jp/s?k=GES-31000%EF%BD%9E9%20%E3%82%A2%E3%83%8B%E3%83%A1%E4%B8%BB%E9%A1%8C%E6%AD%8C%E5%A4%A7%E5%85%A8%E9%9B%86%2810%E6%9E%9A%E7%B5%84%EF%BD%A5%E9%80%9A%E4%BF%A1%E8%B2%A9%E5%A3%B2%E3%81%AE%E3%81%BF%29,コロムビアファミリークラブ,GES-31000～9,---
ハッスルパンチ,1965/11/01,1966/04/25,21世紀に遺したい アニメソング大全ミレニアムボックス(6枚組),OP・ED/ハッスルパンチの歌,https://www.amazon.co.jp/s?k=TOCT-24381%EF%BD%9E6%2021%E4%B8%96%E7%B4%80%E3%81%AB%E9%81%BA%E3%81%97%E3%81%9F%E3%81%84%20%E3%82%A2%E3%83%8B%E3%83%A1%E3%82%BD%E3%83%B3%E3%82%B0%E5%A4%A7%E5%85%A8%E3%83%9F%E3%83%AC%E3%83%8B%E3%82%A2%E3%83%A0%E3%83%9C%E3%83%83%E3%82%AF%E3%82%B9%286%E6%9E%9A%E7%B5%84%29,東芝EMI,TOCT-24381～6,---
ハッスルパンチ,1965/11/01,1966/04/25,朝日ソノラマ主題歌コレクション２,"OP・ED/ハッスルパンチの歌
パンチ･タッチ・ブンの歌
おやすみなさい",https://www.amazon.co.jp/s?k=TOCT-25073%EF%BD%9E4%20%E6%9C%9D%E6%97%A5%E3%82%BD%E3%83%8E%E3%83%A9%E3%83%9E%E4%B8%BB%E9%A1%8C%E6%AD%8C%E3%82%B3%E3%83%AC%E3%82%AF%E3%82%B7%E3%83%A7%E3%83%B3%EF%BC%92,東芝EMI,TOCT-25073～4,---
ハッスルパンチ,1965/11/01,1966/04/25,永久保存盤 朝日ソノラマ大全集(5枚組),"OP・ED/ハッスルパンチの歌
パンチ･タッチ・ブンの歌
おやすみなさい",https://www.amazon.co.jp/s?k=COCX-34642%EF%BD%9E6%20%E6%B0%B8%E4%B9%85%E4%BF%9D%E5%AD%98%E7%9B%A4%20%E6%9C%9D%E6%97%A5%E3%82%BD%E3%83%8E%E3%83%A9%E3%83%9E%E5%A4%A7%E5%85%A8%E9%9B%86%285%E6%9E%9A%E7%B5%84%29,日本コロムビア,COCX-34642～6,---
戦え!オスパー,1965/12/14,1967/10/31,初盤,"OP/戦え!オスパー
ユミのうた",https://www.amazon.co.jp/s?k=CW-443%20%E5%88%9D%E7%9B%A4,日本 クラウン,CW-443,---
戦え!オスパー,1965/12/14,1967/10/31,オリジナル版懐かしのアニメソング大全[1]1963～1967,OP/戦え!オスパー,https://www.amazon.co.jp/s?k=TOCT-8513%20%E3%82%AA%E3%83%AA%E3%82%B8%E3%83%8A%E3%83%AB%E7%89%88%E6%87%90%E3%81%8B%E3%81%97%E3%81%AE%E3%82%A2%E3%83%8B%E3%83%A1%E3%82%BD%E3%83%B3%E3%82%B0%E5%A4%A7%E5%85%A8%5B1%5D1963%EF%BD%9E1967,東芝EMI,TOCT-8513,---
戦え!オスパー,1965/12/14,1967/10/31,青春のかけら テレビまんがコレクション,"OP/戦え!オスパー
ユミのうた",https://www.amazon.co.jp/s?k=CRCN-25107%20%E9%9D%92%E6%98%A5%E3%81%AE%E3%81%8B%E3%81%91%E3%82%89%20%E3%83%86%E3%83%AC%E3%83%93%E3%81%BE%E3%82%93%E3%81%8C%E3%82%B3%E3%83%AC%E3%82%AF%E3%82%B7%E3%83%A7%E3%83%B3,日本クラウン,CRCN-25107,---
戦え!オスパー,1965/12/14,1967/10/31,21世紀に遺したい アニメソング大全ミレニアムボックス(6枚組),OP/戦え!オスパー,https://www.amazon.co.jp/s?k=TOCT-24381%EF%BD%9E6%2021%E4%B8%96%E7%B4%80%E3%81%AB%E9%81%BA%E3%81%97%E3%81%9F%E3%81%84%20%E3%82%A2%E3%83%8B%E3%83%A1%E3%82%BD%E3%83%B3%E3%82%B0%E5%A4%A7%E5%85%A8%E3%83%9F%E3%83%AC%E3%83%8B%E3%82%A2%E3%83%A0%E3%83%9C%E3%83%83%E3%82%AF%E3%82%B9%286%E6%9E%9A%E7%B5%84%29,東芝EMI,TOCT-24381～6,---
おそ松くん,1966/02/05,1967/03/25,初盤,"OP/おそ松くん
おそ松くんのうた
おそ松くん音頭",https://www.amazon.co.jp/s?k=M-13%20%E5%88%9D%E7%9B%A4,朝日ソノラマ,M-13,B-76の後期発売分の再販。３はショートVer。 １のロングVer(スローテンポ＆3コーラス版)はM-37に収録。
おそ松くん,1966/02/05,1967/03/25,---,OP/おそ松くん[新主題歌],https://www.amazon.co.jp/s?k=M-54,朝日ソノラマ,M-54,---
おそ松くん,1966/02/05,1967/03/25,オリジナル版懐かしのアニメソング大全[1]1963～1967,OP/おそ松くん,https://www.amazon.co.jp/s?k=TOCT-8513%20%E3%82%AA%E3%83%AA%E3%82%B8%E3%83%8A%E3%83%AB%E7%89%88%E6%87%90%E3%81%8B%E3%81%97%E3%81%AE%E3%82%A2%E3%83%8B%E3%83%A1%E3%82%BD%E3%83%B3%E3%82%B0%E5%A4%A7%E5%85%A8%5B1%5D1963%EF%BD%9E1967,東芝EMI,TOCT-8513,---
おそ松くん,1966/02/05,1967/03/25,21世紀に遺したい アニメソング大全ミレニアムボックス（6枚組）,"OP/おそ松くん
OP/おそ松くん[新主題歌]",https://www.amazon.co.jp/s?k=TOCT-24381%EF%BD%9E6%2021%E4%B8%96%E7%B4%80%E3%81%AB%E9%81%BA%E3%81%97%E3%81%9F%E3%81%84%20%E3%82%A2%E3%83%8B%E3%83%A1%E3%82%BD%E3%83%B3%E3%82%B0%E5%A4%A7%E5%85%A8%E3%83%9F%E3%83%AC%E3%83%8B%E3%82%A2%E3%83%A0%E3%83%9C%E3%83%83%E3%82%AF%E3%82%B9%EF%BC%886%E6%9E%9A%E7%B5%84%EF%BC%89,東芝EMI,TOCT-24381～6,---
おそ松くん,1966/02/05,1967/03/25,アニメ主題歌大全集(10枚組･通信販売のみ),"OP/おそ松くん
おそ松くんのうた
おそ松くん音頭",https://www.amazon.co.jp/s?k=GES-31000%EF%BD%9E9%20%E3%82%A2%E3%83%8B%E3%83%A1%E4%B8%BB%E9%A1%8C%E6%AD%8C%E5%A4%A7%E5%85%A8%E9%9B%86%2810%E6%9E%9A%E7%B5%84%EF%BD%A5%E9%80%9A%E4%BF%A1%E8%B2%A9%E5%A3%B2%E3%81%AE%E3%81%BF%29,コロムビアファミリークラブ,GES-31000～9,３はショートVerだと思われる。
おそ松くん,1966/02/05,1967/03/25,朝日ソノラマ主題歌コレクション１,"OP/おそ松くん
OP/おそ松くん[新主題歌]
おそ松くんのうた
おそ松くん音頭",https://www.amazon.co.jp/s?k=TOCT-25071%EF%BD%9E2%20%E6%9C%9D%E6%97%A5%E3%82%BD%E3%83%8E%E3%83%A9%E3%83%9E%E4%B8%BB%E9%A1%8C%E6%AD%8C%E3%82%B3%E3%83%AC%E3%82%AF%E3%82%B7%E3%83%A7%E3%83%B3%EF%BC%91,東芝EMI,TOCT-25071～2,---
おそ松くん,1966/02/05,1967/03/25,永久保存盤 朝日ソノラマ大全集(5枚組),"OP/おそ松くん
OP/おそ松くん[新主題歌]
おそ松くんのうた
おそ松くん音頭",https://www.amazon.co.jp/s?k=COCX-34642%EF%BD%9E6%20%E6%B0%B8%E4%B9%85%E4%BF%9D%E5%AD%98%E7%9B%A4%20%E6%9C%9D%E6%97%A5%E3%82%BD%E3%83%8E%E3%83%A9%E3%83%9E%E5%A4%A7%E5%85%A8%E9%9B%86%285%E6%9E%9A%E7%B5%84%29,日本コロムビア,COCX-34642～6,---
レインボー戦隊ロビン,1966/04/23,1967/03/31,初盤,"OP/レインボー戦隊ロビン
ED/ロビンの宇宙旅行",https://www.amazon.co.jp/s?k=M-31%20%E5%88%9D%E7%9B%A4,朝日ソノラマ,M-31,---
レインボー戦隊ロビン,1966/04/23,1967/03/31,---,"OP/進め!ロビン
ED/すてきなリリ",https://www.amazon.co.jp/s?k=M-66,朝日ソノラマ,M-66,---
レインボー戦隊ロビン,1966/04/23,1967/03/31,懐かしのミュージッククリップ12 「レインボー戦隊ロビン」,"OP/レインボー戦隊ロビン
ED/ロビンの宇宙旅行
OP/進め!ロビン
ED/すてきなリリ",https://www.amazon.co.jp/s?k=TOCT-9812%20%E6%87%90%E3%81%8B%E3%81%97%E3%81%AE%E3%83%9F%E3%83%A5%E3%83%BC%E3%82%B8%E3%83%83%E3%82%AF%E3%82%AF%E3%83%AA%E3%83%83%E3%83%9712%20%E3%80%8C%E3%83%AC%E3%82%A4%E3%83%B3%E3%83%9C%E3%83%BC%E6%88%A6%E9%9A%8A%E3%83%AD%E3%83%93%E3%83%B3%E3%80%8D,東芝EMI,TOCT-9812,---
レインボー戦隊ロビン,1966/04/23,1967/03/31,アニメ・ミュージック・カプセル「レインボー戦隊ロビン」,"OP/レインボー戦隊ロビン
ED/ロビンの宇宙旅行
OP/進め!ロビン
ED/すてきなリリ",https://www.amazon.co.jp/s?k=CDSOL-1506%EF%BD%9E8%20%E3%82%A2%E3%83%8B%E3%83%A1%E3%83%BB%E3%83%9F%E3%83%A5%E3%83%BC%E3%82%B8%E3%83%83%E3%82%AF%E3%83%BB%E3%82%AB%E3%83%97%E3%82%BB%E3%83%AB%E3%80%8C%E3%83%AC%E3%82%A4%E3%83%B3%E3%83%9C%E3%83%BC%E6%88%A6%E9%9A%8A%E3%83%AD%E3%83%93%E3%83%B3%E3%80%8D,SOLID,CDSOL-1506～8,---
レインボー戦隊ロビン,1966/04/23,1967/03/31,アニメ主題歌大全集(10枚組･通信販売のみ),"OP/レインボー戦隊ロビン
ED/ロビンの宇宙旅行
OP/進め!ロビン
ED/すてきなリリ",https://www.amazon.co.jp/s?k=GES-31000%EF%BD%9E9%20%E3%82%A2%E3%83%8B%E3%83%A1%E4%B8%BB%E9%A1%8C%E6%AD%8C%E5%A4%A7%E5%85%A8%E9%9B%86%2810%E6%9E%9A%E7%B5%84%EF%BD%A5%E9%80%9A%E4%BF%A1%E8%B2%A9%E5%A3%B2%E3%81%AE%E3%81%BF%29,コロムビアファミリークラブ,GES-31000～9,---
レインボー戦隊ロビン,1966/04/23,1967/03/31,東映動画 アンソロジー〈TV篇〉 1963～1969,"OP/レインボー戦隊ロビン
ED/ロビンの宇宙旅行
OP/進め!ロビン
ED/すてきなリリ",https://www.amazon.co.jp/s?k=MECB-2013%20%E6%9D%B1%E6%98%A0%E5%8B%95%E7%94%BB%20%E3%82%A2%E3%83%B3%E3%82%BD%E3%83%AD%E3%82%B8%E3%83%BC%E3%80%88TV%E7%AF%87%E3%80%89%201963%EF%BD%9E1969,トライエム,MECB-2013,TV音源。
レインボー戦隊ロビン,1966/04/23,1967/03/31,アニメ主題歌メモリアル２(10枚組）,"OP/進め!ロビン
ED/すてきなリリ",https://www.amazon.co.jp/s?k=COCC-13591%EF%BD%9E600%20%E3%82%A2%E3%83%8B%E3%83%A1%E4%B8%BB%E9%A1%8C%E6%AD%8C%E3%83%A1%E3%83%A2%E3%83%AA%E3%82%A2%E3%83%AB%EF%BC%92%2810%E6%9E%9A%E7%B5%84%EF%BC%89,日本コロムビア,COCC-13591～600,良音。
レインボー戦隊ロビン,1966/04/23,1967/03/31,21世紀に遺したい アニメソング大全ミレニアムボックス（6枚組）,"OP/レインボー戦隊ロビン
ED/ロビンの宇宙旅行
OP/進め!ロビン
ED/すてきなリリ",https://www.amazon.co.jp/s?k=TOCT-24381%EF%BD%9E6%2021%E4%B8%96%E7%B4%80%E3%81%AB%E9%81%BA%E3%81%97%E3%81%9F%E3%81%84%20%E3%82%A2%E3%83%8B%E3%83%A1%E3%82%BD%E3%83%B3%E3%82%B0%E5%A4%A7%E5%85%A8%E3%83%9F%E3%83%AC%E3%83%8B%E3%82%A2%E3%83%A0%E3%83%9C%E3%83%83%E3%82%AF%E3%82%B9%EF%BC%886%E6%9E%9A%E7%B5%84%EF%BC%89,東芝EMI,TOCT-24381～6,---
レインボー戦隊ロビン,1966/04/23,1967/03/31,朝日ソノラマ主題歌コレクション２,"OP/レインボー戦隊ロビン
ED/ロビンの宇宙旅行
OP/進め!ロビン
ED/すてきなリリ",https://www.amazon.co.jp/s?k=TOCT-25073%EF%BD%9E4%20%E6%9C%9D%E6%97%A5%E3%82%BD%E3%83%8E%E3%83%A9%E3%83%9E%E4%B8%BB%E9%A1%8C%E6%AD%8C%E3%82%B3%E3%83%AC%E3%82%AF%E3%82%B7%E3%83%A7%E3%83%B3%EF%BC%92,東芝EMI,TOCT-25073～4,---
レインボー戦隊ロビン,1966/04/23,1967/03/31,永久保存盤 朝日ソノラマ大全集(5枚組),"OP/レインボー戦隊ロビン
ED/ロビンの宇宙旅行
OP/進め!ロビン
ED/すてきなリリ",https://www.amazon.co.jp/s?k=COCX-34642%EF%BD%9E6%20%E6%B0%B8%E4%B9%85%E4%BF%9D%E5%AD%98%E7%9B%A4%20%E6%9C%9D%E6%97%A5%E3%82%BD%E3%83%8E%E3%83%A9%E3%83%9E%E5%A4%A7%E5%85%A8%E9%9B%86%285%E6%9E%9A%E7%B5%84%29,日本コロムビア,COCX-34642～6,---
海賊王子,1966/05/02,1966/11/28,初盤,"OP/海賊王子
ED/海賊稼業はやめられない",https://www.amazon.co.jp/s?k=M-42%20%E5%88%9D%E7%9B%A4,朝日ソノラマ,M-42,---
海賊王子,1966/05/02,1966/11/28,東映動画 アンソロジー〈TV篇〉 1963～1969,OP/海賊王子,https://www.amazon.co.jp/s?k=MECB-2013%20%E6%9D%B1%E6%98%A0%E5%8B%95%E7%94%BB%20%E3%82%A2%E3%83%B3%E3%82%BD%E3%83%AD%E3%82%B8%E3%83%BC%E3%80%88TV%E7%AF%87%E3%80%89%201963%EF%BD%9E1969,トライエム,MECB-2013,TV音源(SE入り)。２はTVサイズ収録。
海賊王子,1966/05/02,1966/11/28,懐かしのミュージッククリップ26 「海賊王子」,"OP/海賊王子
ED/海賊稼業はやめられない",https://www.amazon.co.jp/s?k=TOCT-9932%20%E6%87%90%E3%81%8B%E3%81%97%E3%81%AE%E3%83%9F%E3%83%A5%E3%83%BC%E3%82%B8%E3%83%83%E3%82%AF%E3%82%AF%E3%83%AA%E3%83%83%E3%83%9726%20%E3%80%8C%E6%B5%B7%E8%B3%8A%E7%8E%8B%E5%AD%90%E3%80%8D,東芝EMI,TOCT-9932,---
海賊王子,1966/05/02,1966/11/28,21世紀に遺したい アニメソング大全ミレニアムボックス（6枚組）,"OP/海賊王子
ED/海賊稼業はやめられない",https://www.amazon.co.jp/s?k=TOCT-24381%EF%BD%9E6%2021%E4%B8%96%E7%B4%80%E3%81%AB%E9%81%BA%E3%81%97%E3%81%9F%E3%81%84%20%E3%82%A2%E3%83%8B%E3%83%A1%E3%82%BD%E3%83%B3%E3%82%B0%E5%A4%A7%E5%85%A8%E3%83%9F%E3%83%AC%E3%83%8B%E3%82%A2%E3%83%A0%E3%83%9C%E3%83%83%E3%82%AF%E3%82%B9%EF%BC%886%E6%9E%9A%E7%B5%84%EF%BC%89,東芝EMI,TOCT-24381～6,---
海賊王子,1966/05/02,1966/11/28,朝日ソノラマ主題歌コレクション２,"OP/海賊王子
ED/海賊稼業はやめられない",https://www.amazon.co.jp/s?k=TOCT-25073%EF%BD%9E4%20%E6%9C%9D%E6%97%A5%E3%82%BD%E3%83%8E%E3%83%A9%E3%83%9E%E4%B8%BB%E9%A1%8C%E6%AD%8C%E3%82%B3%E3%83%AC%E3%82%AF%E3%82%B7%E3%83%A7%E3%83%B3%EF%BC%92,東芝EMI,TOCT-25073～4,---
海賊王子,1966/05/02,1966/11/28,永久保存盤 朝日ソノラマ大全集(5枚組),"OP/海賊王子
ED/海賊稼業はやめられない",https://www.amazon.co.jp/s?k=COCX-34642%EF%BD%9E6%20%E6%B0%B8%E4%B9%85%E4%BF%9D%E5%AD%98%E7%9B%A4%20%E6%9C%9D%E6%97%A5%E3%82%BD%E3%83%8E%E3%83%A9%E3%83%9E%E5%A4%A7%E5%85%A8%E9%9B%86%285%E6%9E%9A%E7%B5%84%29,日本コロムビア,COCX-34642～6,---
海賊王子,1966/05/02,1966/11/28,テレビまんが懐かしのB面コレクション(2枚組),ED/海賊稼業はやめられない,https://www.amazon.co.jp/s?k=COCX-33556%EF%BD%9E7%20%E3%83%86%E3%83%AC%E3%83%93%E3%81%BE%E3%82%93%E3%81%8C%E6%87%90%E3%81%8B%E3%81%97%E3%81%AEB%E9%9D%A2%E3%82%B3%E3%83%AC%E3%82%AF%E3%82%B7%E3%83%A7%E3%83%B3%282%E6%9E%9A%E7%B5%84%29,日本コロムビア,COCX-33556～7,ステレオ新録音。
海賊王子,1966/05/02,1966/11/28,テレビアニメ スーパーヒストリーvol.２,ED/海賊稼業はやめられない,https://www.amazon.co.jp/s?k=COCC-70050%20%E3%83%86%E3%83%AC%E3%83%93%E3%82%A2%E3%83%8B%E3%83%A1%20%E3%82%B9%E3%83%BC%E3%83%91%E3%83%BC%E3%83%92%E3%82%B9%E3%83%88%E3%83%AA%E3%83%BCvol.%EF%BC%92,日本コロムビア,COCC-70050,ステレオ新録音。１はコロムビアVer(歌/宍倉正信、西六郷少年合唱団）だが、3番を聴くことが出来る。
海賊王子,1966/05/02,1966/11/28,アニメ主題歌メモリアル(10枚組･通信販売）,ED/海賊稼業はやめられない,https://www.amazon.co.jp/s?k=GES-30526%EF%BD%9E35%20%E3%82%A2%E3%83%8B%E3%83%A1%E4%B8%BB%E9%A1%8C%E6%AD%8C%E3%83%A1%E3%83%A2%E3%83%AA%E3%82%A2%E3%83%AB%2810%E6%9E%9A%E7%B5%84%EF%BD%A5%E9%80%9A%E4%BF%A1%E8%B2%A9%E5%A3%B2%EF%BC%89,コロムビアファミリークラブ,GES-30526～35,---
ハリスの旋風,1966/05/05,1967/08/31,初盤,OP・ED/ハリスの旋風,https://www.amazon.co.jp/s?k=M-44%20%E5%88%9D%E7%9B%A4,朝日ソノラマ,M-44,---
ハリスの旋風,1966/05/05,1967/08/31,テレビまんが主題歌のあゆみ(2枚組),OP・ED/ハリスの旋風,https://www.amazon.co.jp/s?k=COCX-33498%EF%BD%9E9%20%E3%83%86%E3%83%AC%E3%83%93%E3%81%BE%E3%82%93%E3%81%8C%E4%B8%BB%E9%A1%8C%E6%AD%8C%E3%81%AE%E3%81%82%E3%82%86%E3%81%BF%282%E6%9E%9A%E7%B5%84%29,日本コロムビア,COCX-33498～9,ステレオ音源。
ハリスの旋風,1966/05/05,1967/08/31,21世紀に遺したい アニメソング大全ミレニアムボックス（6枚組）,OP・ED/ハリスの旋風,https://www.amazon.co.jp/s?k=TOCT-24381%EF%BD%9E6%2021%E4%B8%96%E7%B4%80%E3%81%AB%E9%81%BA%E3%81%97%E3%81%9F%E3%81%84%20%E3%82%A2%E3%83%8B%E3%83%A1%E3%82%BD%E3%83%B3%E3%82%B0%E5%A4%A7%E5%85%A8%E3%83%9F%E3%83%AC%E3%83%8B%E3%82%A2%E3%83%A0%E3%83%9C%E3%83%83%E3%82%AF%E3%82%B9%EF%BC%886%E6%9E%9A%E7%B5%84%EF%BC%89,東芝EMI,TOCT-24381～6,---
ハリスの旋風,1966/05/05,1967/08/31,オリジナル版懐かしのアニメソング大全[1]1963～1967,OP・ED/ハリスの旋風,https://www.amazon.co.jp/s?k=TOCT-8513%20%E3%82%AA%E3%83%AA%E3%82%B8%E3%83%8A%E3%83%AB%E7%89%88%E6%87%90%E3%81%8B%E3%81%97%E3%81%AE%E3%82%A2%E3%83%8B%E3%83%A1%E3%82%BD%E3%83%B3%E3%82%B0%E5%A4%A7%E5%85%A8%5B1%5D1963%EF%BD%9E1967,東芝EMI,TOCT-8513,レコードでは“スタジオ・コーラス”歌唱の表記。曲の違いが感じられない為ここでは同一歌唱者として取り扱う。
遊星仮面,1966/06/03,1967/03/28,初盤,OP/遊星仮面,https://www.amazon.co.jp/s?k=M-45%20%E5%88%9D%E7%9B%A4,朝日ソノラマ,M-45,---
遊星仮面,1966/06/03,1967/03/28,---,"OP/遊星仮面
遊星仮面のテーマ（インスト）",https://www.amazon.co.jp/s?k=KSC-2805,ケイブンシャ,KSC-2805,---
遊星仮面,1966/06/03,1967/03/28,オリジナル版懐かしのアニメソング大全[1]1963～1967,OP/遊星仮面,https://www.amazon.co.jp/s?k=TOCT-8513%20%E3%82%AA%E3%83%AA%E3%82%B8%E3%83%8A%E3%83%AB%E7%89%88%E6%87%90%E3%81%8B%E3%81%97%E3%81%AE%E3%82%A2%E3%83%8B%E3%83%A1%E3%82%BD%E3%83%B3%E3%82%B0%E5%A4%A7%E5%85%A8%5B1%5D1963%EF%BD%9E1967,東芝EMI,TOCT-8513,｢グリコ｣の歌詞入り。
遊星仮面,1966/06/03,1967/03/28,21世紀に遺したい アニメソング大全ミレニアムボックス（6枚組）,OP/遊星仮面,https://www.amazon.co.jp/s?k=TOCT-24381%EF%BD%9E6%2021%E4%B8%96%E7%B4%80%E3%81%AB%E9%81%BA%E3%81%97%E3%81%9F%E3%81%84%20%E3%82%A2%E3%83%8B%E3%83%A1%E3%82%BD%E3%83%B3%E3%82%B0%E5%A4%A7%E5%85%A8%E3%83%9F%E3%83%AC%E3%83%8B%E3%82%A2%E3%83%A0%E3%83%9C%E3%83%83%E3%82%AF%E3%82%B9%EF%BC%886%E6%9E%9A%E7%B5%84%EF%BC%89,東芝EMI,TOCT-24381～6,---
遊星仮面,1966/06/03,1967/03/28,朝日ソノラマ主題歌コレクション２,OP/遊星仮面,https://www.amazon.co.jp/s?k=TOCT-25073%EF%BD%9E4%20%E6%9C%9D%E6%97%A5%E3%82%BD%E3%83%8E%E3%83%A9%E3%83%9E%E4%B8%BB%E9%A1%8C%E6%AD%8C%E3%82%B3%E3%83%AC%E3%82%AF%E3%82%B7%E3%83%A7%E3%83%B3%EF%BC%92,東芝EMI,TOCT-25073～4,---
遊星仮面,1966/06/03,1967/03/28,永久保存盤 朝日ソノラマ大全集(5枚組),OP/遊星仮面,https://www.amazon.co.jp/s?k=COCX-34642%EF%BD%9E6%20%E6%B0%B8%E4%B9%85%E4%BF%9D%E5%AD%98%E7%9B%A4%20%E6%9C%9D%E6%97%A5%E3%82%BD%E3%83%8E%E3%83%A9%E3%83%9E%E5%A4%A7%E5%85%A8%E9%9B%86%285%E6%9E%9A%E7%B5%84%29,日本コロムビア,COCX-34642～6,---
ロボタン,1966/10/04,1968/09/27,初盤,"OP/ロボタンの歌
ED/ロボタンマーチ（ウヒャヒャのキッキキ）",https://www.amazon.co.jp/s?k=KT-3%20%E5%88%9D%E7%9B%A4,テイチク,KT-3,３は未レコード化。
ロボタン,1966/10/04,1968/09/27,オリジナル版懐かしのアニメソング大全[1]1963～1967,"OP/ロボタンの歌
ED/ロボタンマーチ（ウヒャヒャのキッキキ）",https://www.amazon.co.jp/s?k=TOCT-8513%20%E3%82%AA%E3%83%AA%E3%82%B8%E3%83%8A%E3%83%AB%E7%89%88%E6%87%90%E3%81%8B%E3%81%97%E3%81%AE%E3%82%A2%E3%83%8B%E3%83%A1%E3%82%BD%E3%83%B3%E3%82%B0%E5%A4%A7%E5%85%A8%5B1%5D1963%EF%BD%9E1967,東芝EMI,TOCT-8513,１は｢グリコ｣の歌詞入り。
ロボタン,1966/10/04,1968/09/27,アニメ主題歌大全集(10枚組･通信販売のみ),"OP/ロボタンの歌
ED/ロボタンマーチ（ウヒャヒャのキッキキ）",https://www.amazon.co.jp/s?k=GES-31000%EF%BD%9E9%20%E3%82%A2%E3%83%8B%E3%83%A1%E4%B8%BB%E9%A1%8C%E6%AD%8C%E5%A4%A7%E5%85%A8%E9%9B%86%2810%E6%9E%9A%E7%B5%84%EF%BD%A5%E9%80%9A%E4%BF%A1%E8%B2%A9%E5%A3%B2%E3%81%AE%E3%81%BF%29,コロムビアファミリークラブ,GES-31000～9,テイチク音源・ロングVer。他CD等に収録されているものと 冒頭台詞も多少異なる。
ロボタン,1966/10/04,1968/09/27,オリジナル版懐かしのアニメソング大全挿入歌編vol.１,ED/見ちゃったんだヨの唄,https://www.amazon.co.jp/s?k=TOCT-9258%20%E3%82%AA%E3%83%AA%E3%82%B8%E3%83%8A%E3%83%AB%E7%89%88%E6%87%90%E3%81%8B%E3%81%97%E3%81%AE%E3%82%A2%E3%83%8B%E3%83%A1%E3%82%BD%E3%83%B3%E3%82%B0%E5%A4%A7%E5%85%A8%E6%8C%BF%E5%85%A5%E6%AD%8C%E7%B7%A8vol.%EF%BC%91,東芝EMI,TOCT-9258,カラオケを収録。
ロボタン,1966/10/04,1968/09/27,テレビまんが主題歌のあゆみ(2枚組),OP/ロボタンの歌,https://www.amazon.co.jp/s?k=COCX-33498%EF%BD%9E9%20%E3%83%86%E3%83%AC%E3%83%93%E3%81%BE%E3%82%93%E3%81%8C%E4%B8%BB%E9%A1%8C%E6%AD%8C%E3%81%AE%E3%81%82%E3%82%86%E3%81%BF%282%E6%9E%9A%E7%B5%84%29,日本コロムビア,COCX-33498～9,---
ロボタン,1966/10/04,1968/09/27,21世紀に遺したい アニメソング大全ミレニアムボックス（6枚組）,"OP/ロボタンの歌
ED/ロボタンマーチ（ウヒャヒャのキッキキ）
ED/見ちゃったんだヨの唄",https://www.amazon.co.jp/s?k=TOCT-24381%EF%BD%9E6%2021%E4%B8%96%E7%B4%80%E3%81%AB%E9%81%BA%E3%81%97%E3%81%9F%E3%81%84%20%E3%82%A2%E3%83%8B%E3%83%A1%E3%82%BD%E3%83%B3%E3%82%B0%E5%A4%A7%E5%85%A8%E3%83%9F%E3%83%AC%E3%83%8B%E3%82%A2%E3%83%A0%E3%83%9C%E3%83%83%E3%82%AF%E3%82%B9%EF%BC%886%E6%9E%9A%E7%B5%84%EF%BC%89,東芝EMI,TOCT-24381～6,１は｢グリコ｣の歌詞入り。
ロボタン,1966/10/04,1968/09/27,朝日ソノラマ主題歌コレクション３,OP/ロボタンの歌,https://www.amazon.co.jp/s?k=TOCT-25075%EF%BD%9E6%20%E6%9C%9D%E6%97%A5%E3%82%BD%E3%83%8E%E3%83%A9%E3%83%9E%E4%B8%BB%E9%A1%8C%E6%AD%8C%E3%82%B3%E3%83%AC%E3%82%AF%E3%82%B7%E3%83%A7%E3%83%B3%EF%BC%93,東芝EMI,TOCT-25075～6,---
ロボタン,1966/10/04,1968/09/27,永久保存盤 朝日ソノラマ大全集(5枚組),OP/ロボタンの歌,https://www.amazon.co.jp/s?k=COCX-34642%EF%BD%9E6%20%E6%B0%B8%E4%B9%85%E4%BF%9D%E5%AD%98%E7%9B%A4%20%E6%9C%9D%E6%97%A5%E3%82%BD%E3%83%8E%E3%83%A9%E3%83%9E%E5%A4%A7%E5%85%A8%E9%9B%86%285%E6%9E%9A%E7%B5%84%29,日本コロムビア,COCX-34642～6,---
ジャングル大帝 進めレオ!,1966/10/05,1967/03/29,---,---,---,---,---,ジャングル大帝('６５．１０．６～'６６．９．２８)に表記。主題歌データ
がんばれ!マリンキッド,1966/10/06,1966/12/29,初盤,OP/マリン・キッドの歌,https://www.amazon.co.jp/s?k=BS%28H%29-447%20%E5%88%9D%E7%9B%A4,キングレコード,BS(H)-447,---
がんばれ!マリンキッド,1966/10/06,1966/12/29,---,OP/がんばれ!マリンキッド・ゴー!!,https://www.amazon.co.jp/s?k=MB-160,ビクター,MB-160,---
がんばれ!マリンキッド,1966/10/06,1966/12/29,---,"OP/がんばれ!マリンキッド・ゴー!!
ネプティーナのワルツ",https://www.amazon.co.jp/s?k=SBS-50,ビクター,SBS-50,---
がんばれ!マリンキッド,1966/10/06,1966/12/29,アニメ主題歌大全集(10枚組･通信販売のみ),OP/マリン・キッドの歌,https://www.amazon.co.jp/s?k=GES-31000%EF%BD%9E9%20%E3%82%A2%E3%83%8B%E3%83%A1%E4%B8%BB%E9%A1%8C%E6%AD%8C%E5%A4%A7%E5%85%A8%E9%9B%86%2810%E6%9E%9A%E7%B5%84%EF%BD%A5%E9%80%9A%E4%BF%A1%E8%B2%A9%E5%A3%B2%E3%81%AE%E3%81%BF%29,コロムビアファミリークラブ,GES-31000～9,---
がんばれ!マリンキッド,1966/10/06,1966/12/29,テレビ主題歌黄金時代 アニメ＆バラエティ編,OP/マリン・キッドの歌,https://www.amazon.co.jp/s?k=KICS-2185%20%E3%83%86%E3%83%AC%E3%83%93%E4%B8%BB%E9%A1%8C%E6%AD%8C%E9%BB%84%E9%87%91%E6%99%82%E4%BB%A3%20%E3%82%A2%E3%83%8B%E3%83%A1%EF%BC%86%E3%83%90%E3%83%A9%E3%82%A8%E3%83%86%E3%82%A3%E7%B7%A8,キングレコード,KICS-2185,---
がんばれ!マリンキッド,1966/10/06,1966/12/29,21世紀に遺したい アニメソング大全ミレニアムボックス（6枚組）,"OP/がんばれ!マリンキッド・ゴー!!
ネプティーナのワルツ",https://www.amazon.co.jp/s?k=TOCT-24381%EF%BD%9E6%2021%E4%B8%96%E7%B4%80%E3%81%AB%E9%81%BA%E3%81%97%E3%81%9F%E3%81%84%20%E3%82%A2%E3%83%8B%E3%83%A1%E3%82%BD%E3%83%B3%E3%82%B0%E5%A4%A7%E5%85%A8%E3%83%9F%E3%83%AC%E3%83%8B%E3%82%A2%E3%83%A0%E3%83%9C%E3%83%83%E3%82%AF%E3%82%B9%EF%BC%886%E6%9E%9A%E7%B5%84%EF%BC%89,東芝EMI,TOCT-24381～6,---
がんばれ!マリンキッド,1966/10/06,1966/12/29,朝日ソノラマ主題歌コレクション３,OP/がんばれ!マリンキッド・ゴー!!,https://www.amazon.co.jp/s?k=TOCT-25075%EF%BD%9E6%20%E6%9C%9D%E6%97%A5%E3%82%BD%E3%83%8E%E3%83%A9%E3%83%9E%E4%B8%BB%E9%A1%8C%E6%AD%8C%E3%82%B3%E3%83%AC%E3%82%AF%E3%82%B7%E3%83%A7%E3%83%B3%EF%BC%93,東芝EMI,TOCT-25075～6,---
がんばれ!マリンキッド,1966/10/06,1966/12/29,永久保存盤 朝日ソノラマ大全集(5枚組),OP/がんばれ!マリンキッド・ゴー!!,https://www.amazon.co.jp/s?k=COCX-34642%EF%BD%9E6%20%E6%B0%B8%E4%B9%85%E4%BF%9D%E5%AD%98%E7%9B%A4%20%E6%9C%9D%E6%97%A5%E3%82%BD%E3%83%8E%E3%83%A9%E3%83%9E%E5%A4%A7%E5%85%A8%E9%9B%86%285%E6%9E%9A%E7%B5%84%29,日本コロムビア,COCX-34642～6,---
とびだせ!バッチリ,1966/11/14,1967/04/15,初盤,"OP/とびだせ!バッチリ
バッチリ･ソング",https://www.amazon.co.jp/s?k=M-68%20%E5%88%9D%E7%9B%A4,朝日ソノラマ,M-68,---
とびだせ!バッチリ,1966/11/14,1967/04/15,初盤,"OP/とびだせ!バッチリ
バッチリ･ソング",https://www.amazon.co.jp/s?k=MB-159%20%E5%88%9D%E7%9B%A4,ビクター,MB-159,---
とびだせ!バッチリ,1966/11/14,1967/04/15,アニメ主題歌大全集(10枚組･通信販売のみ),"OP/とびだせ!バッチリ
バッチリ･ソング",https://www.amazon.co.jp/s?k=GES-31000%EF%BD%9E9%20%E3%82%A2%E3%83%8B%E3%83%A1%E4%B8%BB%E9%A1%8C%E6%AD%8C%E5%A4%A7%E5%85%A8%E9%9B%86%2810%E6%9E%9A%E7%B5%84%EF%BD%A5%E9%80%9A%E4%BF%A1%E8%B2%A9%E5%A3%B2%E3%81%AE%E3%81%BF%29,コロムビアファミリークラブ,GES-31000～9,---
とびだせ!バッチリ,1966/11/14,1967/04/15,21世紀に遺したい アニメソング大全ミレニアムボックス（6枚組）,OP/とびだせ!バッチリ,https://www.amazon.co.jp/s?k=TOCT-24381%EF%BD%9E6%2021%E4%B8%96%E7%B4%80%E3%81%AB%E9%81%BA%E3%81%97%E3%81%9F%E3%81%84%20%E3%82%A2%E3%83%8B%E3%83%A1%E3%82%BD%E3%83%B3%E3%82%B0%E5%A4%A7%E5%85%A8%E3%83%9F%E3%83%AC%E3%83%8B%E3%82%A2%E3%83%A0%E3%83%9C%E3%83%83%E3%82%AF%E3%82%B9%EF%BC%886%E6%9E%9A%E7%B5%84%EF%BC%89,東芝EMI,TOCT-24381～6,---
とびだせ!バッチリ,1966/11/14,1967/04/15,朝日ソノラマ主題歌コレクション３,"OP/とびだせ!バッチリ
バッチリ･ソング",https://www.amazon.co.jp/s?k=TOCT-25075%EF%BD%9E6%20%E6%9C%9D%E6%97%A5%E3%82%BD%E3%83%8E%E3%83%A9%E3%83%9E%E4%B8%BB%E9%A1%8C%E6%AD%8C%E3%82%B3%E3%83%AC%E3%82%AF%E3%82%B7%E3%83%A7%E3%83%B3%EF%BC%93,東芝EMI,TOCT-25075～6,---
とびだせ!バッチリ,1966/11/14,1967/04/15,永久保存盤 朝日ソノラマ大全集(5枚組),"OP/とびだせ!バッチリ
バッチリ･ソング",https://www.amazon.co.jp/s?k=COCX-34642%EF%BD%9E6%20%E6%B0%B8%E4%B9%85%E4%BF%9D%E5%AD%98%E7%9B%A4%20%E6%9C%9D%E6%97%A5%E3%82%BD%E3%83%8E%E3%83%A9%E3%83%9E%E5%A4%A7%E5%85%A8%E9%9B%86%285%E6%9E%9A%E7%B5%84%29,日本コロムビア,COCX-34642～6,---
魔法使いサリー,1966/12/05,1968/12/30,初盤,"OP/魔法使いサリーのうた
ED/魔法のマンボ",https://www.amazon.co.jp/s?k=M-65%20%E5%88%9D%E7%9B%A4,朝日ソノラマ,M-65,---
魔法使いサリー,1966/12/05,1968/12/30,---,"OP/魔法使いサリーのうた
ED/いたずらのうた",https://www.amazon.co.jp/s?k=M-93,朝日ソノラマ,M-93,---
魔法使いサリー,1966/12/05,1968/12/30,---,"OP/魔法使いサリーのうた
ED/パッパッパッのチョイナ",https://www.amazon.co.jp/s?k=P-22,朝日ソノラマ,P-22,４はTVサイズ。
魔法使いサリー,1966/12/05,1968/12/30,---,"ED/魔法のマンボ
ED/いたずらのうた
ED/パッパッパッのチョイナ",https://www.amazon.co.jp/s?k=KKS-20006,日本コロムビア,KKS-20006,コロムビアまんが大行進･第４集。１はコロムビアVer（歌/ダイヤモンド･シスターズ､薗田憲一とデキシーキング)で収録。２､３はロングVer。
魔法使いサリー,1966/12/05,1968/12/30,アニメ主題歌大全集(10枚組･通信販売のみ),"OP/魔法使いサリーのうた
ED/魔法のマンボ
ED/いたずらのうた",https://www.amazon.co.jp/s?k=GES-31000%EF%BD%9E9%20%E3%82%A2%E3%83%8B%E3%83%A1%E4%B8%BB%E9%A1%8C%E6%AD%8C%E5%A4%A7%E5%85%A8%E9%9B%86%2810%E6%9E%9A%E7%B5%84%EF%BD%A5%E9%80%9A%E4%BF%A1%E8%B2%A9%E5%A3%B2%E3%81%AE%E3%81%BF%29,コロムビアファミリークラブ,GES-31000～9,4はTVサイズ収録。２は冒頭部分にシートドラマの台詞が被っている。
魔法使いサリー,1966/12/05,1968/12/30,21世紀に遺したい アニメソング大全ミレニアムボックス（6枚組）,"OP/魔法使いサリーのうた
ED/魔法のマンボ
ED/いたずらのうた",https://www.amazon.co.jp/s?k=TOCT-24381%EF%BD%9E6%2021%E4%B8%96%E7%B4%80%E3%81%AB%E9%81%BA%E3%81%97%E3%81%9F%E3%81%84%20%E3%82%A2%E3%83%8B%E3%83%A1%E3%82%BD%E3%83%B3%E3%82%B0%E5%A4%A7%E5%85%A8%E3%83%9F%E3%83%AC%E3%83%8B%E3%82%A2%E3%83%A0%E3%83%9C%E3%83%83%E3%82%AF%E3%82%B9%EF%BC%886%E6%9E%9A%E7%B5%84%EF%BC%89,東芝EMI,TOCT-24381～6,4はTVサイズ収録。
魔法使いサリー,1966/12/05,1968/12/30,朝日ソノラマ主題歌コレクション３,"OP/魔法使いサリーのうた
ED/魔法のマンボ
ED/いたずらのうた",https://www.amazon.co.jp/s?k=TOCT-25075%EF%BD%9E6%20%E6%9C%9D%E6%97%A5%E3%82%BD%E3%83%8E%E3%83%A9%E3%83%9E%E4%B8%BB%E9%A1%8C%E6%AD%8C%E3%82%B3%E3%83%AC%E3%82%AF%E3%82%B7%E3%83%A7%E3%83%B3%EF%BC%93,東芝EMI,TOCT-25075～6,---
魔法使いサリー,1966/12/05,1968/12/30,永久保存盤 朝日ソノラマ大全集(5枚組),"OP/魔法使いサリーのうた
ED/魔法のマンボ
ED/いたずらのうた",https://www.amazon.co.jp/s?k=COCX-34642%EF%BD%9E6%20%E6%B0%B8%E4%B9%85%E4%BF%9D%E5%AD%98%E7%9B%A4%20%E6%9C%9D%E6%97%A5%E3%82%BD%E3%83%8E%E3%83%A9%E3%83%9E%E5%A4%A7%E5%85%A8%E9%9B%86%285%E6%9E%9A%E7%B5%84%29,日本コロムビア,COCX-34642～6,---
魔法使いサリー,1966/12/05,1968/12/30,東映動画 アンソロジー〈TV篇〉 1963～1969,"OP/魔法使いサリーのうた
ED/魔法のマンボ
ED/いたずらのうた",https://www.amazon.co.jp/s?k=MECB-2013%20%E6%9D%B1%E6%98%A0%E5%8B%95%E7%94%BB%20%E3%82%A2%E3%83%B3%E3%82%BD%E3%83%AD%E3%82%B8%E3%83%BC%E3%80%88TV%E7%AF%87%E3%80%89%201963%EF%BD%9E1969,トライエム,MECB-2013,１～４のTV音源収録。
魔法使いサリー,1966/12/05,1968/12/30,テレビまんが懐かしのB面コレクション(2枚組),ED/魔法のマンボ,https://www.amazon.co.jp/s?k=COCX-33556%EF%BD%9E7%20%E3%83%86%E3%83%AC%E3%83%93%E3%81%BE%E3%82%93%E3%81%8C%E6%87%90%E3%81%8B%E3%81%97%E3%81%AEB%E9%9D%A2%E3%82%B3%E3%83%AC%E3%82%AF%E3%82%B7%E3%83%A7%E3%83%B3%282%E6%9E%9A%E7%B5%84%29,日本コロムビア,COCX-33556～7,ロングVer。
魔法使いサリー,1966/12/05,1968/12/30,テレビアニメ スーパーヒストリーvol.２,ED/魔法のマンボ,https://www.amazon.co.jp/s?k=COCC-70050%20%E3%83%86%E3%83%AC%E3%83%93%E3%82%A2%E3%83%8B%E3%83%A1%20%E3%82%B9%E3%83%BC%E3%83%91%E3%83%BC%E3%83%92%E3%82%B9%E3%83%88%E3%83%AA%E3%83%BCvol.%EF%BC%92,日本コロムビア,COCC-70050,---
魔法使いサリー,1966/12/05,1968/12/30,アニメ主題歌メモリアル(10枚組･通信販売）,"ED/魔法のマンボ
ED/いたずらのうた
ED/パッパッパッのチョイナ",https://www.amazon.co.jp/s?k=GES-30526%EF%BD%9E35%20%E3%82%A2%E3%83%8B%E3%83%A1%E4%B8%BB%E9%A1%8C%E6%AD%8C%E3%83%A1%E3%83%A2%E3%83%AA%E3%82%A2%E3%83%AB%2810%E6%9E%9A%E7%B5%84%EF%BD%A5%E9%80%9A%E4%BF%A1%E8%B2%A9%E5%A3%B2%EF%BC%89,コロムビアファミリークラブ,GES-30526～35,1はコロムビアVer。2、3はロングVer。
魔法使いサリー,1966/12/05,1968/12/30,歌いつがれる少女の夢～東映動画魔法少女アニメ全集,"ED/魔法のマンボ
ED/いたずらのうた
ED/パッパッパッのチョイナ",https://www.amazon.co.jp/s?k=COCC-11865%EF%BD%9E6%20%E6%AD%8C%E3%81%84%E3%81%A4%E3%81%8C%E3%82%8C%E3%82%8B%E5%B0%91%E5%A5%B3%E3%81%AE%E5%A4%A2%EF%BD%9E%E6%9D%B1%E6%98%A0%E5%8B%95%E7%94%BB%E9%AD%94%E6%B3%95%E5%B0%91%E5%A5%B3%E3%82%A2%E3%83%8B%E3%83%A1%E5%85%A8%E9%9B%86,日本コロムビア,COCC-11865～6,---
悟空の大冒険,1967/01/07,1967/09/30,初盤,"OP/悟空の大冒険マーチ
ED/悟空がすきすき",https://www.amazon.co.jp/s?k=M-75%20%E5%88%9D%E7%9B%A4,朝日ソノラマ,M-75,---
悟空の大冒険,1967/01/07,1967/09/30,---,"ED/悟空音頭
「レッツ!ゴー･ボンダンス」(レッツ!悟空ダンス)",https://www.amazon.co.jp/s?k=M-95,朝日ソノラマ,M-95,---
悟空の大冒険,1967/01/07,1967/09/30,---,"ED/悟空音頭
「レッツ!悟空ダンス」",https://www.amazon.co.jp/s?k=SCS-29,日本コロムビア,SCS-29,---
悟空の大冒険,1967/01/07,1967/09/30,アニメ主題歌大全集(10枚組･通信販売のみ),"OP/悟空の大冒険マーチ
ED/悟空がすきすき",https://www.amazon.co.jp/s?k=GES-31000%EF%BD%9E9%20%E3%82%A2%E3%83%8B%E3%83%A1%E4%B8%BB%E9%A1%8C%E6%AD%8C%E5%A4%A7%E5%85%A8%E9%9B%86%2810%E6%9E%9A%E7%B5%84%EF%BD%A5%E9%80%9A%E4%BF%A1%E8%B2%A9%E5%A3%B2%E3%81%AE%E3%81%BF%29,コロムビアファミリークラブ,GES-31000～9,ソノラマVer。ＴＶ音源に最も近い。
悟空の大冒険,1967/01/07,1967/09/30,懐かしのミュージッククリップ21 「悟空の大冒険」,"OP/悟空の大冒険マーチ
ED/悟空がすきすき",https://www.amazon.co.jp/s?k=TOCT-9891%20%E6%87%90%E3%81%8B%E3%81%97%E3%81%AE%E3%83%9F%E3%83%A5%E3%83%BC%E3%82%B8%E3%83%83%E3%82%AF%E3%82%AF%E3%83%AA%E3%83%83%E3%83%9721%20%E3%80%8C%E6%82%9F%E7%A9%BA%E3%81%AE%E5%A4%A7%E5%86%92%E9%99%BA%E3%80%8D,東芝EMI,TOCT-9891,---
悟空の大冒険,1967/01/07,1967/09/30,21世紀に遺したい アニメソング大全ミレニアムボックス（6枚組）,"OP/悟空の大冒険マーチ
ED/悟空がすきすき
ED/悟空音頭",https://www.amazon.co.jp/s?k=TOCT-24381%EF%BD%9E6%2021%E4%B8%96%E7%B4%80%E3%81%AB%E9%81%BA%E3%81%97%E3%81%9F%E3%81%84%20%E3%82%A2%E3%83%8B%E3%83%A1%E3%82%BD%E3%83%B3%E3%82%B0%E5%A4%A7%E5%85%A8%E3%83%9F%E3%83%AC%E3%83%8B%E3%82%A2%E3%83%A0%E3%83%9C%E3%83%83%E3%82%AF%E3%82%B9%EF%BC%886%E6%9E%9A%E7%B5%84%EF%BC%89,東芝EMI,TOCT-24381～6,---
悟空の大冒険,1967/01/07,1967/09/30,朝日ソノラマ主題歌コレクション３,"OP/悟空の大冒険マーチ
ED/悟空がすきすき
ED/悟空音頭",https://www.amazon.co.jp/s?k=TOCT-25075%EF%BD%9E6%20%E6%9C%9D%E6%97%A5%E3%82%BD%E3%83%8E%E3%83%A9%E3%83%9E%E4%B8%BB%E9%A1%8C%E6%AD%8C%E3%82%B3%E3%83%AC%E3%82%AF%E3%82%B7%E3%83%A7%E3%83%B3%EF%BC%93,東芝EMI,TOCT-25075～6,---
悟空の大冒険,1967/01/07,1967/09/30,永久保存盤 朝日ソノラマ大全集(5枚組),"OP/悟空の大冒険マーチ
ED/悟空がすきすき
ED/悟空音頭",https://www.amazon.co.jp/s?k=COCX-34642%EF%BD%9E6%20%E6%B0%B8%E4%B9%85%E4%BF%9D%E5%AD%98%E7%9B%A4%20%E6%9C%9D%E6%97%A5%E3%82%BD%E3%83%8E%E3%83%A9%E3%83%9E%E5%A4%A7%E5%85%A8%E9%9B%86%285%E6%9E%9A%E7%B5%84%29,日本コロムビア,COCX-34642～6,---
悟空の大冒険,1967/01/07,1967/09/30,テレビまんが主題歌のあゆみ(2枚組),OP/悟空の大冒険マーチ,https://www.amazon.co.jp/s?k=COCX-33498%EF%BD%9E9%20%E3%83%86%E3%83%AC%E3%83%93%E3%81%BE%E3%82%93%E3%81%8C%E4%B8%BB%E9%A1%8C%E6%AD%8C%E3%81%AE%E3%81%82%E3%82%86%E3%81%BF%282%E6%9E%9A%E7%B5%84%29,日本コロムビア,COCX-33498～9,コロムビア（ステレオ）Ｖｅｒ。歌詞の2、3番の順番が逆。 1番の一部歌詞や歌い方が多少異なる。
悟空の大冒険,1967/01/07,1967/09/30,テレビまんが懐かしのB面コレクション(2枚組),ED/悟空がすきすき,https://www.amazon.co.jp/s?k=COCX-33556%EF%BD%9E7%20%E3%83%86%E3%83%AC%E3%83%93%E3%81%BE%E3%82%93%E3%81%8C%E6%87%90%E3%81%8B%E3%81%97%E3%81%AEB%E9%9D%A2%E3%82%B3%E3%83%AC%E3%82%AF%E3%82%B7%E3%83%A7%E3%83%B3%282%E6%9E%9A%E7%B5%84%29,日本コロムビア,COCX-33556～7,コロムビア（ステレオ）Ｖｅｒ。1に関しては上記参照。
悟空の大冒険,1967/01/07,1967/09/30,テレビアニメ スーパーヒストリーvol.２,"OP/悟空の大冒険マーチ
ED/悟空がすきすき",https://www.amazon.co.jp/s?k=COCC-70050%20%E3%83%86%E3%83%AC%E3%83%93%E3%82%A2%E3%83%8B%E3%83%A1%20%E3%82%B9%E3%83%BC%E3%83%91%E3%83%BC%E3%83%92%E3%82%B9%E3%83%88%E3%83%AA%E3%83%BCvol.%EF%BC%92,日本コロムビア,COCC-70050,---
悟空の大冒険,1967/01/07,1967/09/30,アニメ主題歌メモリアル(10枚組･通信販売）,"OP/悟空の大冒険マーチ
ED/悟空がすきすき
ED/悟空音頭",https://www.amazon.co.jp/s?k=GES-30526%EF%BD%9E35%20%E3%82%A2%E3%83%8B%E3%83%A1%E4%B8%BB%E9%A1%8C%E6%AD%8C%E3%83%A1%E3%83%A2%E3%83%AA%E3%82%A2%E3%83%AB%2810%E6%9E%9A%E7%B5%84%EF%BD%A5%E9%80%9A%E4%BF%A1%E8%B2%A9%E5%A3%B2%EF%BC%89,コロムビアファミリークラブ,GES-30526～35,---
悟空の大冒険,1967/01/07,1967/09/30,「悟空の大冒険」オリジナル・サウンドトラック(2枚組),"OP/悟空の大冒険マーチ
ED/悟空がすきすき
ED/悟空音頭",https://www.amazon.co.jp/s?k=CDSOL-1397%EF%BD%9E8%20%E3%80%8C%E6%82%9F%E7%A9%BA%E3%81%AE%E5%A4%A7%E5%86%92%E9%99%BA%E3%80%8D%E3%82%AA%E3%83%AA%E3%82%B8%E3%83%8A%E3%83%AB%E3%83%BB%E3%82%B5%E3%82%A6%E3%83%B3%E3%83%89%E3%83%88%E3%83%A9%E3%83%83%E3%82%AF%282%E6%9E%9A%E7%B5%84%29,SOLID,CDSOL-1397～8,ソノラマVer、コロムビアVerなど様々なタイプを収録。 これらとは別に１はロング(4コーラス)Verなるものが収録されているが詳細は不明 （TV音源使用、もしくはそれに準ずるものかもしれません)。
黄金バット,1967/04/01,1968/03/23,初盤,OP/黄金バット,https://www.amazon.co.jp/s?k=M-80%20%E5%88%9D%E7%9B%A4,朝日ソノラマ,M-80,---
黄金バット,1967/04/01,1968/03/23,---,"OP/黄金バット
ED/黄金バット数え歌",https://www.amazon.co.jp/s?k=SCS-22,日本コロムビア,SCS-22,１はコロムビアＶｅｒ（ステレオ新録音）。台詞のタイミングなど多少異なる。
黄金バット,1967/04/01,1968/03/23,テレビアニメ スーパーヒストリーvol.２,OP/黄金バット,https://www.amazon.co.jp/s?k=COCC-70050%20%E3%83%86%E3%83%AC%E3%83%93%E3%82%A2%E3%83%8B%E3%83%A1%20%E3%82%B9%E3%83%BC%E3%83%91%E3%83%BC%E3%83%92%E3%82%B9%E3%83%88%E3%83%AA%E3%83%BCvol.%EF%BC%92,日本コロムビア,COCC-70050,コロムビアＶｅｒ。
黄金バット,1967/04/01,1968/03/23,アニメ主題歌メモリアル(10枚組･通信販売）,"OP/黄金バット
ED/黄金バット数え歌",https://www.amazon.co.jp/s?k=GES-30526%EF%BD%9E35%20%E3%82%A2%E3%83%8B%E3%83%A1%E4%B8%BB%E9%A1%8C%E6%AD%8C%E3%83%A1%E3%83%A2%E3%83%AA%E3%82%A2%E3%83%AB%2810%E6%9E%9A%E7%B5%84%EF%BD%A5%E9%80%9A%E4%BF%A1%E8%B2%A9%E5%A3%B2%EF%BC%89,コロムビアファミリークラブ,GES-30526～35,１はコロムビアＶｅｒ。
黄金バット,1967/04/01,1968/03/23,テレビまんが主題歌のあゆみ(2枚組),OP/黄金バット,https://www.amazon.co.jp/s?k=COCX-33498%EF%BD%9E9%20%E3%83%86%E3%83%AC%E3%83%93%E3%81%BE%E3%82%93%E3%81%8C%E4%B8%BB%E9%A1%8C%E6%AD%8C%E3%81%AE%E3%81%82%E3%82%86%E3%81%BF%282%E6%9E%9A%E7%B5%84%29,日本コロムビア,COCX-33498～9,コロムビアＶｅｒ。
黄金バット,1967/04/01,1968/03/23,オリジナル版懐かしのアニメソング大全[1]1963～1967,OP/黄金バット,https://www.amazon.co.jp/s?k=TOCT-8513%20%E3%82%AA%E3%83%AA%E3%82%B8%E3%83%8A%E3%83%AB%E7%89%88%E6%87%90%E3%81%8B%E3%81%97%E3%81%AE%E3%82%A2%E3%83%8B%E3%83%A1%E3%82%BD%E3%83%B3%E3%82%B0%E5%A4%A7%E5%85%A8%5B1%5D1963%EF%BD%9E1967,東芝EMI,TOCT-8513,---
黄金バット,1967/04/01,1968/03/23,21世紀に遺したい アニメソング大全ミレニアムボックス（6枚組）,OP/黄金バット,https://www.amazon.co.jp/s?k=TOCT-24381%EF%BD%9E6%2021%E4%B8%96%E7%B4%80%E3%81%AB%E9%81%BA%E3%81%97%E3%81%9F%E3%81%84%20%E3%82%A2%E3%83%8B%E3%83%A1%E3%82%BD%E3%83%B3%E3%82%B0%E5%A4%A7%E5%85%A8%E3%83%9F%E3%83%AC%E3%83%8B%E3%82%A2%E3%83%A0%E3%83%9C%E3%83%83%E3%82%AF%E3%82%B9%EF%BC%886%E6%9E%9A%E7%B5%84%EF%BC%89,東芝EMI,TOCT-24381～6,---
黄金バット,1967/04/01,1968/03/23,朝日ソノラマ主題歌コレクション３,OP/黄金バット,https://www.amazon.co.jp/s?k=TOCT-25075%EF%BD%9E6%20%E6%9C%9D%E6%97%A5%E3%82%BD%E3%83%8E%E3%83%A9%E3%83%9E%E4%B8%BB%E9%A1%8C%E6%AD%8C%E3%82%B3%E3%83%AC%E3%82%AF%E3%82%B7%E3%83%A7%E3%83%B3%EF%BC%93,東芝EMI,TOCT-25075～6,---
黄金バット,1967/04/01,1968/03/23,永久保存盤 朝日ソノラマ大全集(5枚組),OP/黄金バット,https://www.amazon.co.jp/s?k=COCX-34642%EF%BD%9E6%20%E6%B0%B8%E4%B9%85%E4%BF%9D%E5%AD%98%E7%9B%A4%20%E6%9C%9D%E6%97%A5%E3%82%BD%E3%83%8E%E3%83%A9%E3%83%9E%E5%A4%A7%E5%85%A8%E9%9B%86%285%E6%9E%9A%E7%B5%84%29,日本コロムビア,COCX-34642～6,---
かみなり坊やピッカリ・ビー,1967/04/01,1968/03/30,初盤,"OP/ピッカリ・ビーのうた
雲のドライブ",https://www.amazon.co.jp/s?k=M-84%20%E5%88%9D%E7%9B%A4,朝日ソノラマ,M-84,---
かみなり坊やピッカリ・ビー,1967/04/01,1968/03/30,アニメ主題歌大全集(10枚組･通信販売のみ),"OP/ピッカリ・ビーのうた
雲のドライブ",https://www.amazon.co.jp/s?k=GES-31000%EF%BD%9E9%20%E3%82%A2%E3%83%8B%E3%83%A1%E4%B8%BB%E9%A1%8C%E6%AD%8C%E5%A4%A7%E5%85%A8%E9%9B%86%2810%E6%9E%9A%E7%B5%84%EF%BD%A5%E9%80%9A%E4%BF%A1%E8%B2%A9%E5%A3%B2%E3%81%AE%E3%81%BF%29,コロムビアファミリークラブ,GES-31000～9,TV音源に近い。
かみなり坊やピッカリ・ビー,1967/04/01,1968/03/30,朝日ソノラマ主題歌コレクション３,"OP/ピッカリ・ビーのうた
雲のドライブ",https://www.amazon.co.jp/s?k=TOCT-25075%EF%BD%9E6%20%E6%9C%9D%E6%97%A5%E3%82%BD%E3%83%8E%E3%83%A9%E3%83%9E%E4%B8%BB%E9%A1%8C%E6%AD%8C%E3%82%B3%E3%83%AC%E3%82%AF%E3%82%B7%E3%83%A7%E3%83%B3%EF%BC%93,東芝EMI,TOCT-25075～6,---
かみなり坊やピッカリ・ビー,1967/04/01,1968/03/30,永久保存盤 朝日ソノラマ大全集(5枚組),"OP/ピッカリ・ビーのうた
雲のドライブ",https://www.amazon.co.jp/s?k=COCX-34642%EF%BD%9E6%20%E6%B0%B8%E4%B9%85%E4%BF%9D%E5%AD%98%E7%9B%A4%20%E6%9C%9D%E6%97%A5%E3%82%BD%E3%83%8E%E3%83%A9%E3%83%9E%E5%A4%A7%E5%85%A8%E9%9B%86%285%E6%9E%9A%E7%B5%84%29,日本コロムビア,COCX-34642～6,---
かみなり坊やピッカリ・ビー,1967/04/01,1968/03/30,21世紀に遺したい アニメソング大全ミレニアムボックス（6枚組）,"OP/ピッカリ・ビーのうた
雲のドライブ",https://www.amazon.co.jp/s?k=TOCT-24381%EF%BD%9E6%2021%E4%B8%96%E7%B4%80%E3%81%AB%E9%81%BA%E3%81%97%E3%81%9F%E3%81%84%20%E3%82%A2%E3%83%8B%E3%83%A1%E3%82%BD%E3%83%B3%E3%82%B0%E5%A4%A7%E5%85%A8%E3%83%9F%E3%83%AC%E3%83%8B%E3%82%A2%E3%83%A0%E3%83%9C%E3%83%83%E3%82%AF%E3%82%B9%EF%BC%886%E6%9E%9A%E7%B5%84%EF%BC%89,東芝EMI,TOCT-24381～6,---
かみなり坊やピッカリ・ビー,1967/04/01,1968/03/30,テレビアニメ スーパーヒストリーvol.２,OP/ピッカリ・ビーのうた,https://www.amazon.co.jp/s?k=COCC-70050%20%E3%83%86%E3%83%AC%E3%83%93%E3%82%A2%E3%83%8B%E3%83%A1%20%E3%82%B9%E3%83%BC%E3%83%91%E3%83%BC%E3%83%92%E3%82%B9%E3%83%88%E3%83%AA%E3%83%BCvol.%EF%BC%92,日本コロムビア,COCC-70050,スローテンポＶｅｒ。
かみなり坊やピッカリ・ビー,1967/04/01,1968/03/30,アニメ主題歌メモリアル(10枚組･通信販売）,OP/ピッカリ・ビーのうた,https://www.amazon.co.jp/s?k=GES-30526%EF%BD%9E35%20%E3%82%A2%E3%83%8B%E3%83%A1%E4%B8%BB%E9%A1%8C%E6%AD%8C%E3%83%A1%E3%83%A2%E3%83%AA%E3%82%A2%E3%83%AB%2810%E6%9E%9A%E7%B5%84%EF%BD%A5%E9%80%9A%E4%BF%A1%E8%B2%A9%E5%A3%B2%EF%BC%89,コロムビアファミリークラブ,GES-30526～35,---
リボンの騎士,1967/04/02,1968/04/07,初盤,"OP/リボンの騎士(王子編)
ED/リボンのマーチ",https://www.amazon.co.jp/s?k=M-87%20%E5%88%9D%E7%9B%A4,朝日ソノラマ,M-87,１はイントロ中に台詞が入る（ソノラマＶｅｒ）。５は2コーラスＶｅｒ。
リボンの騎士,1967/04/02,1968/04/07,アニメ主題歌大全集(10枚組･通信販売のみ),"OP/リボンの騎士(王子編)
ED/リボンのマーチ",https://www.amazon.co.jp/s?k=GES-31000%EF%BD%9E9%20%E3%82%A2%E3%83%8B%E3%83%A1%E4%B8%BB%E9%A1%8C%E6%AD%8C%E5%A4%A7%E5%85%A8%E9%9B%86%2810%E6%9E%9A%E7%B5%84%EF%BD%A5%E9%80%9A%E4%BF%A1%E8%B2%A9%E5%A3%B2%E3%81%AE%E3%81%BF%29,コロムビアファミリークラブ,GES-31000～9,１はソノラマＶｅｒ。５は2コーラスＶｅｒ。
リボンの騎士,1967/04/02,1968/04/07,21世紀に遺したい アニメソング大全ミレニアムボックス（6枚組）,"OP/リボンの騎士(王子編)
OP/リボンの騎士(王子編・インスト)
OP/リボンの騎士(王女編)
ED/リボンのマーチ",https://www.amazon.co.jp/s?k=TOCT-24381%EF%BD%9E6%2021%E4%B8%96%E7%B4%80%E3%81%AB%E9%81%BA%E3%81%97%E3%81%9F%E3%81%84%20%E3%82%A2%E3%83%8B%E3%83%A1%E3%82%BD%E3%83%B3%E3%82%B0%E5%A4%A7%E5%85%A8%E3%83%9F%E3%83%AC%E3%83%8B%E3%82%A2%E3%83%A0%E3%83%9C%E3%83%83%E3%82%AF%E3%82%B9%EF%BC%886%E6%9E%9A%E7%B5%84%EF%BC%89,東芝EMI,TOCT-24381～6,１はソノラマＶｅｒ。２、３はTV音源。５は2コーラスＶｅｒ。
リボンの騎士,1967/04/02,1968/04/07,テレビまんが主題歌のあゆみ(2枚組),OP/リボンの騎士(王子編),https://www.amazon.co.jp/s?k=COCX-33498%EF%BD%9E9%20%E3%83%86%E3%83%AC%E3%83%93%E3%81%BE%E3%82%93%E3%81%8C%E4%B8%BB%E9%A1%8C%E6%AD%8C%E3%81%AE%E3%81%82%E3%82%86%E3%81%BF%282%E6%9E%9A%E7%B5%84%29,日本コロムビア,COCX-33498～9,1はロングＶｅｒ。
リボンの騎士,1967/04/02,1968/04/07,テレビアニメ スーパーヒストリーvol.２,"OP/リボンの騎士(王子編)
ED/リボンのマーチ",https://www.amazon.co.jp/s?k=COCC-70050%20%E3%83%86%E3%83%AC%E3%83%93%E3%82%A2%E3%83%8B%E3%83%A1%20%E3%82%B9%E3%83%BC%E3%83%91%E3%83%BC%E3%83%92%E3%82%B9%E3%83%88%E3%83%AA%E3%83%BCvol.%EF%BC%92,日本コロムビア,COCC-70050,---
リボンの騎士,1967/04/02,1968/04/07,アニメ主題歌メモリアル(10枚組･通信販売）,"OP/リボンの騎士(王子編)
ED/リボンのマーチ",https://www.amazon.co.jp/s?k=GES-30526%EF%BD%9E35%20%E3%82%A2%E3%83%8B%E3%83%A1%E4%B8%BB%E9%A1%8C%E6%AD%8C%E3%83%A1%E3%83%A2%E3%83%AA%E3%82%A2%E3%83%AB%2810%E6%9E%9A%E7%B5%84%EF%BD%A5%E9%80%9A%E4%BF%A1%E8%B2%A9%E5%A3%B2%EF%BC%89,コロムビアファミリークラブ,GES-30526～35,---
リボンの騎士,1967/04/02,1968/04/07,テレビまんが懐かしのB面コレクション(2枚組),ED/リボンのマーチ,https://www.amazon.co.jp/s?k=COCX-33556%EF%BD%9E7%20%E3%83%86%E3%83%AC%E3%83%93%E3%81%BE%E3%82%93%E3%81%8C%E6%87%90%E3%81%8B%E3%81%97%E3%81%AEB%E9%9D%A2%E3%82%B3%E3%83%AC%E3%82%AF%E3%82%B7%E3%83%A7%E3%83%B3%282%E6%9E%9A%E7%B5%84%29,日本コロムビア,COCX-33556～7,---
リボンの騎士,1967/04/02,1968/04/07,虫プロ アンソロジー 1963～1971,OP/リボンの騎士(王女編),https://www.amazon.co.jp/s?k=MECB-2009%20%E8%99%AB%E3%83%97%E3%83%AD%20%E3%82%A2%E3%83%B3%E3%82%BD%E3%83%AD%E3%82%B8%E3%83%BC%201963%EF%BD%9E1971,トライエム,MECB-2009,TV音源。前奏部分の歌声が「パピパプッパ・・・」で始まる。
リボンの騎士,1967/04/02,1968/04/07,オリジナル版懐かしのアニメソング大全[1]1963～1967,OP/リボンの騎士(王女編),https://www.amazon.co.jp/s?k=TOCT-8513%20%E3%82%AA%E3%83%AA%E3%82%B8%E3%83%8A%E3%83%AB%E7%89%88%E6%87%90%E3%81%8B%E3%81%97%E3%81%AE%E3%82%A2%E3%83%8B%E3%83%A1%E3%82%BD%E3%83%B3%E3%82%B0%E5%A4%A7%E5%85%A8%5B1%5D1963%EF%BD%9E1967,東芝EMI,TOCT-8513,---
リボンの騎士,1967/04/02,1968/04/07,懐かしのミュージッククリップ44 「リボンの騎士」,"OP/リボンの騎士(王子編)
OP/リボンの騎士(王女編)
ED/リボンのマーチ",https://www.amazon.co.jp/s?k=TOCT-10404%20%E6%87%90%E3%81%8B%E3%81%97%E3%81%AE%E3%83%9F%E3%83%A5%E3%83%BC%E3%82%B8%E3%83%83%E3%82%AF%E3%82%AF%E3%83%AA%E3%83%83%E3%83%9744%20%E3%80%8C%E3%83%AA%E3%83%9C%E3%83%B3%E3%81%AE%E9%A8%8E%E5%A3%AB%E3%80%8D,東芝EMI,TOCT-10404,５は2コーラスＶｅｒ。
リボンの騎士,1967/04/02,1968/04/07,朝日ソノラマ主題歌コレクション３,"OP/リボンの騎士(王子編)
ED/リボンのマーチ",https://www.amazon.co.jp/s?k=TOCT-25075%EF%BD%9E6%20%E6%9C%9D%E6%97%A5%E3%82%BD%E3%83%8E%E3%83%A9%E3%83%9E%E4%B8%BB%E9%A1%8C%E6%AD%8C%E3%82%B3%E3%83%AC%E3%82%AF%E3%82%B7%E3%83%A7%E3%83%B3%EF%BC%93,東芝EMI,TOCT-25075～6,---
リボンの騎士,1967/04/02,1968/04/07,永久保存盤 朝日ソノラマ大全集(5枚組),"OP/リボンの騎士(王子編)
ED/リボンのマーチ",https://www.amazon.co.jp/s?k=COCX-34642%EF%BD%9E6%20%E6%B0%B8%E4%B9%85%E4%BF%9D%E5%AD%98%E7%9B%A4%20%E6%9C%9D%E6%97%A5%E3%82%BD%E3%83%8E%E3%83%A9%E3%83%9E%E5%A4%A7%E5%85%A8%E9%9B%86%285%E6%9E%9A%E7%B5%84%29,日本コロムビア,COCX-34642～6,OP・EDのフルコーラス音源は王子編しか存在しない模様。
マッハGoGoGo,1967/04/02,1968/03/31,---,OP/マッハ ゴーゴーゴー （SEなし）以外に「パーマン」「ドンキッコ」主題歌収録。,---,集英社,---,雑誌「少年ブック」付録のレコードなので、単体での発売はされていない。
マッハGoGoGo,1967/04/02,1968/03/31,---,"OP/マッハ ゴーゴーゴー （歌唱者はオリジナルだが
歌い方が異なる。→ソノラマVer）",https://www.amazon.co.jp/s?k=M-82,朝日ソノラマ,M-82,---
マッハGoGoGo,1967/04/02,1968/03/31,---,"OP/マッハ ゴーゴーゴー '(歌/高橋元太郎)
たまにゃのどかに",https://www.amazon.co.jp/s?k=SCS-33,日本コロムビア,SCS-33,---
マッハGoGoGo,1967/04/02,1968/03/31,アニメ主題歌大全集(10枚組･通信販売のみ),-1,https://www.amazon.co.jp/s?k=GES-31000%EF%BD%9E9%20%E3%82%A2%E3%83%8B%E3%83%A1%E4%B8%BB%E9%A1%8C%E6%AD%8C%E5%A4%A7%E5%85%A8%E9%9B%86%2810%E6%9E%9A%E7%B5%84%EF%BD%A5%E9%80%9A%E4%BF%A1%E8%B2%A9%E5%A3%B2%E3%81%AE%E3%81%BF%29,コロムビアファミリークラブ,GES-31000～9,ソノラマVer。
マッハGoGoGo,1967/04/02,1968/03/31,朝日ソノラマ主題歌コレクション３,-1,https://www.amazon.co.jp/s?k=TOCT-25075%EF%BD%9E6%20%E6%9C%9D%E6%97%A5%E3%82%BD%E3%83%8E%E3%83%A9%E3%83%9E%E4%B8%BB%E9%A1%8C%E6%AD%8C%E3%82%B3%E3%83%AC%E3%82%AF%E3%82%B7%E3%83%A7%E3%83%B3%EF%BC%93,東芝EMI,TOCT-25075～6,---
マッハGoGoGo,1967/04/02,1968/03/31,永久保存盤 朝日ソノラマ大全集(5枚組),-1,https://www.amazon.co.jp/s?k=COCX-34642%EF%BD%9E6%20%E6%B0%B8%E4%B9%85%E4%BF%9D%E5%AD%98%E7%9B%A4%20%E6%9C%9D%E6%97%A5%E3%82%BD%E3%83%8E%E3%83%A9%E3%83%9E%E5%A4%A7%E5%85%A8%E9%9B%86%285%E6%9E%9A%E7%B5%84%29,日本コロムビア,COCX-34642～6,---
マッハGoGoGo,1967/04/02,1968/03/31,オリジナル版懐かしのアニメソング大全[2]1967～1968,OP/マッハ ゴーゴーゴー,https://www.amazon.co.jp/s?k=TOCT-8514%20%E3%82%AA%E3%83%AA%E3%82%B8%E3%83%8A%E3%83%AB%E7%89%88%E6%87%90%E3%81%8B%E3%81%97%E3%81%AE%E3%82%A2%E3%83%8B%E3%83%A1%E3%82%BD%E3%83%B3%E3%82%B0%E5%A4%A7%E5%85%A8%5B2%5D1967%EF%BD%9E1968,東芝EMI,TOCT-8514,TV音源(フルコーラス､SE入り)。
マッハGoGoGo,1967/04/02,1968/03/31,21世紀に遺したい アニメソング大全ミレニアムボックス（6枚組）,OP/マッハ ゴーゴーゴー,https://www.amazon.co.jp/s?k=TOCT-24381%EF%BD%9E6%2021%E4%B8%96%E7%B4%80%E3%81%AB%E9%81%BA%E3%81%97%E3%81%9F%E3%81%84%20%E3%82%A2%E3%83%8B%E3%83%A1%E3%82%BD%E3%83%B3%E3%82%B0%E5%A4%A7%E5%85%A8%E3%83%9F%E3%83%AC%E3%83%8B%E3%82%A2%E3%83%A0%E3%83%9C%E3%83%83%E3%82%AF%E3%82%B9%EF%BC%886%E6%9E%9A%E7%B5%84%EF%BC%89,東芝EMI,TOCT-24381～6,---
マッハGoGoGo,1967/04/02,1968/03/31,テレビまんが懐かしのB面コレクション(2枚組),たまにゃのどかに,https://www.amazon.co.jp/s?k=COCX-33556%EF%BD%9E7%20%E3%83%86%E3%83%AC%E3%83%93%E3%81%BE%E3%82%93%E3%81%8C%E6%87%90%E3%81%8B%E3%81%97%E3%81%AEB%E9%9D%A2%E3%82%B3%E3%83%AC%E3%82%AF%E3%82%B7%E3%83%A7%E3%83%B3%282%E6%9E%9A%E7%B5%84%29,日本コロムビア,COCX-33556～7,---
マッハGoGoGo,1967/04/02,1968/03/31,アニメ主題歌メモリアル(10枚組･通信販売）,たまにゃのどかに,https://www.amazon.co.jp/s?k=GES-30526%EF%BD%9E35%20%E3%82%A2%E3%83%8B%E3%83%A1%E4%B8%BB%E9%A1%8C%E6%AD%8C%E3%83%A1%E3%83%A2%E3%83%AA%E3%82%A2%E3%83%AB%2810%E6%9E%9A%E7%B5%84%EF%BD%A5%E9%80%9A%E4%BF%A1%E8%B2%A9%E5%A3%B2%EF%BC%89,コロムビアファミリークラブ,GES-30526～35,1'(歌/高橋元太郎)を収録。 １のTVオリジナルのレコード（SE無し)音源は、今のところ当時発売の雑誌「少年ブック」付録のレコードでしか聴けず、未CD化。
パーマン,1967/04/02,1968/04/14,初盤,"OP/ぼくらのパーマン
ステキなパー子 備考",https://www.amazon.co.jp/s?k=M-90%20%E5%88%9D%E7%9B%A4,朝日ソノラマ,M-90,---
パーマン,1967/04/02,1968/04/14,---,"OP/ぼくらのパーマン
ステキなパー子",https://www.amazon.co.jp/s?k=SCS-23,日本コロムビア,SCS-23,１は別録音(コロムビアVer)。
パーマン,1967/04/02,1968/04/14,オリジナル版懐かしのアニメソング大全[2]1967～1968,OP/ぼくらのパーマン,https://www.amazon.co.jp/s?k=TOCT-8514%20%E3%82%AA%E3%83%AA%E3%82%B8%E3%83%8A%E3%83%AB%E7%89%88%E6%87%90%E3%81%8B%E3%81%97%E3%81%AE%E3%82%A2%E3%83%8B%E3%83%A1%E3%82%BD%E3%83%B3%E3%82%B0%E5%A4%A7%E5%85%A8%5B2%5D1967%EF%BD%9E1968,東芝EMI,TOCT-8514,---
パーマン,1967/04/02,1968/04/14,オリジナル版懐かしのアニメソング大全挿入歌編vol.１,ステキなパー子,https://www.amazon.co.jp/s?k=TOCT-9258%20%E3%82%AA%E3%83%AA%E3%82%B8%E3%83%8A%E3%83%AB%E7%89%88%E6%87%90%E3%81%8B%E3%81%97%E3%81%AE%E3%82%A2%E3%83%8B%E3%83%A1%E3%82%BD%E3%83%B3%E3%82%B0%E5%A4%A7%E5%85%A8%E6%8C%BF%E5%85%A5%E6%AD%8C%E7%B7%A8vol.%EF%BC%91,東芝EMI,TOCT-9258,---
パーマン,1967/04/02,1968/04/14,懐かしのミュージッククリップ39 「パーマン」,"OP/ぼくらのパーマン
ステキなパー子",https://www.amazon.co.jp/s?k=TOCT-10239%20%E6%87%90%E3%81%8B%E3%81%97%E3%81%AE%E3%83%9F%E3%83%A5%E3%83%BC%E3%82%B8%E3%83%83%E3%82%AF%E3%82%AF%E3%83%AA%E3%83%83%E3%83%9739%20%E3%80%8C%E3%83%91%E3%83%BC%E3%83%9E%E3%83%B3%E3%80%8D,東芝EMI,TOCT-10239,---
パーマン,1967/04/02,1968/04/14,21世紀に遺したい アニメソング大全ミレニアムボックス（6枚組）,OP/ぼくらのパーマン,https://www.amazon.co.jp/s?k=TOCT-24381%EF%BD%9E6%2021%E4%B8%96%E7%B4%80%E3%81%AB%E9%81%BA%E3%81%97%E3%81%9F%E3%81%84%20%E3%82%A2%E3%83%8B%E3%83%A1%E3%82%BD%E3%83%B3%E3%82%B0%E5%A4%A7%E5%85%A8%E3%83%9F%E3%83%AC%E3%83%8B%E3%82%A2%E3%83%A0%E3%83%9C%E3%83%83%E3%82%AF%E3%82%B9%EF%BC%886%E6%9E%9A%E7%B5%84%EF%BC%89,東芝EMI,TOCT-24381～6,---
パーマン,1967/04/02,1968/04/14,テレビまんが主題歌のあゆみ(2枚組),OP/ぼくらのパーマン,https://www.amazon.co.jp/s?k=COCX-33498%EF%BD%9E9%20%E3%83%86%E3%83%AC%E3%83%93%E3%81%BE%E3%82%93%E3%81%8C%E4%B8%BB%E9%A1%8C%E6%AD%8C%E3%81%AE%E3%81%82%E3%82%86%E3%81%BF%282%E6%9E%9A%E7%B5%84%29,日本コロムビア,COCX-33498～9,１はコロムビアVer。
パーマン,1967/04/02,1968/04/14,テレビまんが懐かしのB面コレクション(2枚組),ステキなパー子,https://www.amazon.co.jp/s?k=COCX-33556%EF%BD%9E7%20%E3%83%86%E3%83%AC%E3%83%93%E3%81%BE%E3%82%93%E3%81%8C%E6%87%90%E3%81%8B%E3%81%97%E3%81%AEB%E9%9D%A2%E3%82%B3%E3%83%AC%E3%82%AF%E3%82%B7%E3%83%A7%E3%83%B3%282%E6%9E%9A%E7%B5%84%29,日本コロムビア,COCX-33556～7,---
パーマン,1967/04/02,1968/04/14,テレビアニメ スーパーヒストリーvol.２,OP/ぼくらのパーマン,https://www.amazon.co.jp/s?k=COCC-70050%20%E3%83%86%E3%83%AC%E3%83%93%E3%82%A2%E3%83%8B%E3%83%A1%20%E3%82%B9%E3%83%BC%E3%83%91%E3%83%BC%E3%83%92%E3%82%B9%E3%83%88%E3%83%AA%E3%83%BCvol.%EF%BC%92,日本コロムビア,COCC-70050,---
パーマン,1967/04/02,1968/04/14,アニメ主題歌メモリアル(10枚組･通信販売）,"OP/ぼくらのパーマン
ステキなパー子",https://www.amazon.co.jp/s?k=GES-30526%EF%BD%9E35%20%E3%82%A2%E3%83%8B%E3%83%A1%E4%B8%BB%E9%A1%8C%E6%AD%8C%E3%83%A1%E3%83%A2%E3%83%AA%E3%82%A2%E3%83%AB%2810%E6%9E%9A%E7%B5%84%EF%BD%A5%E9%80%9A%E4%BF%A1%E8%B2%A9%E5%A3%B2%EF%BC%89,コロムビアファミリークラブ,GES-30526～35,---
冒険ガボテン島,1967/04/04,1967/12/26,初盤,"OP/冒険ガボテン島
ED/冒険ガボテン島(インスト)",https://www.amazon.co.jp/s?k=M-88%20%E5%88%9D%E7%9B%A4,朝日ソノラマ,M-88,---
冒険ガボテン島,1967/04/04,1967/12/26,オリジナル版懐かしのアニメソング大全[2]1967～1968,"OP/冒険ガボテン島
ED/いつもコンビで",https://www.amazon.co.jp/s?k=TOCT-8514%20%E3%82%AA%E3%83%AA%E3%82%B8%E3%83%8A%E3%83%AB%E7%89%88%E6%87%90%E3%81%8B%E3%81%97%E3%81%AE%E3%82%A2%E3%83%8B%E3%83%A1%E3%82%BD%E3%83%B3%E3%82%B0%E5%A4%A7%E5%85%A8%5B2%5D1967%EF%BD%9E1968,東芝EMI,TOCT-8514,---
冒険ガボテン島,1967/04/04,1967/12/26,21世紀に遺したい アニメソング大全ミレニアムボックス（6枚組）,"OP/冒険ガボテン島
ED/冒険ガボテン島(インスト)
ED/いつもコンビで",https://www.amazon.co.jp/s?k=TOCT-24381%EF%BD%9E6%2021%E4%B8%96%E7%B4%80%E3%81%AB%E9%81%BA%E3%81%97%E3%81%9F%E3%81%84%20%E3%82%A2%E3%83%8B%E3%83%A1%E3%82%BD%E3%83%B3%E3%82%B0%E5%A4%A7%E5%85%A8%E3%83%9F%E3%83%AC%E3%83%8B%E3%82%A2%E3%83%A0%E3%83%9C%E3%83%83%E3%82%AF%E3%82%B9%EF%BC%886%E6%9E%9A%E7%B5%84%EF%BC%89,東芝EMI,TOCT-24381～6,---
冒険ガボテン島,1967/04/04,1967/12/26,テレビまんが主題歌のあゆみ(2枚組),OP/冒険ガボテン島,https://www.amazon.co.jp/s?k=COCX-33498%EF%BD%9E9%20%E3%83%86%E3%83%AC%E3%83%93%E3%81%BE%E3%82%93%E3%81%8C%E4%B8%BB%E9%A1%8C%E6%AD%8C%E3%81%AE%E3%81%82%E3%82%86%E3%81%BF%282%E6%9E%9A%E7%B5%84%29,日本コロムビア,COCX-33498～9,---
冒険ガボテン島,1967/04/04,1967/12/26,テレビまんが懐かしのB面コレクション(2枚組),ED/いつもコンビで,https://www.amazon.co.jp/s?k=COCX-33556%EF%BD%9E7%20%E3%83%86%E3%83%AC%E3%83%93%E3%81%BE%E3%82%93%E3%81%8C%E6%87%90%E3%81%8B%E3%81%97%E3%81%AEB%E9%9D%A2%E3%82%B3%E3%83%AC%E3%82%AF%E3%82%B7%E3%83%A7%E3%83%B3%282%E6%9E%9A%E7%B5%84%29,日本コロムビア,COCX-33556～7,---
冒険ガボテン島,1967/04/04,1967/12/26,テレビアニメ スーパーヒストリーvol.２,OP/冒険ガボテン島,https://www.amazon.co.jp/s?k=COCC-70050%20%E3%83%86%E3%83%AC%E3%83%93%E3%82%A2%E3%83%8B%E3%83%A1%20%E3%82%B9%E3%83%BC%E3%83%91%E3%83%BC%E3%83%92%E3%82%B9%E3%83%88%E3%83%AA%E3%83%BCvol.%EF%BC%92,日本コロムビア,COCC-70050,---
冒険ガボテン島,1967/04/04,1967/12/26,エイケン アンソロジー 1963～1972,ED/冒険ガボテン島(インスト),https://www.amazon.co.jp/s?k=MECB-2010%20%E3%82%A8%E3%82%A4%E3%82%B1%E3%83%B3%20%E3%82%A2%E3%83%B3%E3%82%BD%E3%83%AD%E3%82%B8%E3%83%BC%201963%EF%BD%9E1972,トライエム,MECB-2010,---
キングコング,1967/04/05,1967/10/04,初盤,"OP/キング･コング
OP/００1/7親指トム",https://www.amazon.co.jp/s?k=KT-5%20%E5%88%9D%E7%9B%A4,テイチク,KT-5,ロングVer。間奏に台詞が入る。
キングコング,1967/04/05,1967/10/04,アニメ主題歌大全集(10枚組･通信販売のみ),"OP/キング･コング
OP/００1/7親指トム",https://www.amazon.co.jp/s?k=GES-31000%EF%BD%9E9%20%E3%82%A2%E3%83%8B%E3%83%A1%E4%B8%BB%E9%A1%8C%E6%AD%8C%E5%A4%A7%E5%85%A8%E9%9B%86%2810%E6%9E%9A%E7%B5%84%EF%BD%A5%E9%80%9A%E4%BF%A1%E8%B2%A9%E5%A3%B2%E3%81%AE%E3%81%BF%29,コロムビアファミリークラブ,GES-31000～9,ロングVer。間奏に台詞が入る。
キングコング,1967/04/05,1967/10/04,21世紀に遺したい アニメソング大全ミレニアムボックス（6枚組）,"OP/キング･コング
OP/００1/7親指トム",https://www.amazon.co.jp/s?k=TOCT-24381%EF%BD%9E6%2021%E4%B8%96%E7%B4%80%E3%81%AB%E9%81%BA%E3%81%97%E3%81%9F%E3%81%84%20%E3%82%A2%E3%83%8B%E3%83%A1%E3%82%BD%E3%83%B3%E3%82%B0%E5%A4%A7%E5%85%A8%E3%83%9F%E3%83%AC%E3%83%8B%E3%82%A2%E3%83%A0%E3%83%9C%E3%83%83%E3%82%AF%E3%82%B9%EF%BC%886%E6%9E%9A%E7%B5%84%EF%BC%89,東芝EMI,TOCT-24381～6,２は台詞部分なしの１コーラス（TVサイズ）Ver。
キングコング,1967/04/05,1967/10/04,オリジナル版懐かしのアニメソング大全[2]1967～1968,"OP/キング･コング
OP/００1/7親指トム",https://www.amazon.co.jp/s?k=TOCT-8514%20%E3%82%AA%E3%83%AA%E3%82%B8%E3%83%8A%E3%83%AB%E7%89%88%E6%87%90%E3%81%8B%E3%81%97%E3%81%AE%E3%82%A2%E3%83%8B%E3%83%A1%E3%82%BD%E3%83%B3%E3%82%B0%E5%A4%A7%E5%85%A8%5B2%5D1967%EF%BD%9E1968,東芝EMI,TOCT-8514,---
００1/7親指トム,1967/04/05,1967/10/04,初盤,"OP/キング･コング
OP/００1/7親指トム",https://www.amazon.co.jp/s?k=KT-5%20%E5%88%9D%E7%9B%A4,テイチク,KT-5,ロングVer。間奏に台詞が入る。
００1/7親指トム,1967/04/05,1967/10/04,アニメ主題歌大全集(10枚組･通信販売のみ),"OP/キング･コング
OP/００1/7親指トム",https://www.amazon.co.jp/s?k=GES-31000%EF%BD%9E9%20%E3%82%A2%E3%83%8B%E3%83%A1%E4%B8%BB%E9%A1%8C%E6%AD%8C%E5%A4%A7%E5%85%A8%E9%9B%86%2810%E6%9E%9A%E7%B5%84%EF%BD%A5%E9%80%9A%E4%BF%A1%E8%B2%A9%E5%A3%B2%E3%81%AE%E3%81%BF%29,コロムビアファミリークラブ,GES-31000～9,ロングVer。間奏に台詞が入る。
００1/7親指トム,1967/04/05,1967/10/04,21世紀に遺したい アニメソング大全ミレニアムボックス（6枚組）,"OP/キング･コング
OP/００1/7親指トム",https://www.amazon.co.jp/s?k=TOCT-24381%EF%BD%9E6%2021%E4%B8%96%E7%B4%80%E3%81%AB%E9%81%BA%E3%81%97%E3%81%9F%E3%81%84%20%E3%82%A2%E3%83%8B%E3%83%A1%E3%82%BD%E3%83%B3%E3%82%B0%E5%A4%A7%E5%85%A8%E3%83%9F%E3%83%AC%E3%83%8B%E3%82%A2%E3%83%A0%E3%83%9C%E3%83%83%E3%82%AF%E3%82%B9%EF%BC%886%E6%9E%9A%E7%B5%84%EF%BC%89,東芝EMI,TOCT-24381～6,２は台詞部分なしの１コーラス（TVサイズ）Ver。
００1/7親指トム,1967/04/05,1967/10/04,オリジナル版懐かしのアニメソング大全[2]1967～1968,"OP/キング･コング
OP/００1/7親指トム",https://www.amazon.co.jp/s?k=TOCT-8514%20%E3%82%AA%E3%83%AA%E3%82%B8%E3%83%8A%E3%83%AB%E7%89%88%E6%87%90%E3%81%8B%E3%81%97%E3%81%AE%E3%82%A2%E3%83%8B%E3%83%A1%E3%82%BD%E3%83%B3%E3%82%B0%E5%A4%A7%E5%85%A8%5B2%5D1967%EF%BD%9E1968,東芝EMI,TOCT-8514,---
コメットさん,1967/07/03,1968/12/30,初盤,"OP/コメットさん (♪一番星から見える・・・)
ED/ポロロン･ワルツ",https://www.amazon.co.jp/s?k=TP-2044%20%E5%88%9D%E7%9B%A4,東芝,TP-2044,１､６は未レコード化。
コメットさん,1967/07/03,1968/12/30,オリジナル版懐かしの特撮ヒーロー大全[2]1967～1968,"OP/コメットさん (♪小さな星に乗ってきた・・・)
OP/コメットさん (♪一番星から見える・・・)
ED/ポロロン･ワルツ",https://www.amazon.co.jp/s?k=TOCT-8792%20%E3%82%AA%E3%83%AA%E3%82%B8%E3%83%8A%E3%83%AB%E7%89%88%E6%87%90%E3%81%8B%E3%81%97%E3%81%AE%E7%89%B9%E6%92%AE%E3%83%92%E3%83%BC%E3%83%AD%E3%83%BC%E5%A4%A7%E5%85%A8%5B2%5D1967%EF%BD%9E1968,東芝EMI,TOCT-8792,１はTV音源。
コメットさん,1967/07/03,1968/12/30,ゴールデン☆ベスト～九重佑三子～歌うコメットさん,"OP/コメットさん (♪一番星から見える・・・)
ED/ポロロン･ワルツ
ED/花が好き夢が好き
ED/わたしの心はとても小さい
ED/はなの上のニキビくん
ED/恋のゆりかご",https://www.amazon.co.jp/s?k=TOCT-10917%EF%BD%9E8%20%E3%82%B4%E3%83%BC%E3%83%AB%E3%83%87%E3%83%B3%E2%98%86%E3%83%99%E3%82%B9%E3%83%88%EF%BD%9E%E4%B9%9D%E9%87%8D%E4%BD%91%E4%B8%89%E5%AD%90%EF%BD%9E%E6%AD%8C%E3%81%86%E3%82%B3%E3%83%A1%E3%83%83%E3%83%88%E3%81%95%E3%82%93,東芝EMI,TOCT-10917～8,---
ピュンピュン丸 [第1期],1967/07/03,1967/09/18,初盤,"OP/ピュンピュン丸
ED/風といっしょに",https://www.amazon.co.jp/s?k=M-97%20%E5%88%9D%E7%9B%A4,朝日ソノラマ,M-97,---
ピュンピュン丸 [第1期],1967/07/03,1967/09/18,初盤,"OP/ピュンピュン丸
ED/風といっしょに",https://www.amazon.co.jp/s?k=BS%28H%29-693%20%E5%88%9D%E7%9B%A4,キングレコード,BS(H)-693,コーラス、テンポなどアレンジが異なる別録音(キングVer）。
ピュンピュン丸 [第1期],1967/07/03,1967/09/18,懐かしのミュージッククリップ23 「ピュンピュン丸」,"OP/ピュンピュン丸
ED/風といっしょに",https://www.amazon.co.jp/s?k=TOCT-9893%20%E6%87%90%E3%81%8B%E3%81%97%E3%81%AE%E3%83%9F%E3%83%A5%E3%83%BC%E3%82%B8%E3%83%83%E3%82%AF%E3%82%AF%E3%83%AA%E3%83%83%E3%83%9723%20%E3%80%8C%E3%83%94%E3%83%A5%E3%83%B3%E3%83%94%E3%83%A5%E3%83%B3%E4%B8%B8%E3%80%8D,東芝EMI,TOCT-9893,TV音源に最も近い。
ピュンピュン丸 [第1期],1967/07/03,1967/09/18,21世紀に遺したい アニメソング大全ミレニアムボックス（6枚組）,"OP/ピュンピュン丸
ED/風といっしょに",https://www.amazon.co.jp/s?k=TOCT-24381%EF%BD%9E6%2021%E4%B8%96%E7%B4%80%E3%81%AB%E9%81%BA%E3%81%97%E3%81%9F%E3%81%84%20%E3%82%A2%E3%83%8B%E3%83%A1%E3%82%BD%E3%83%B3%E3%82%B0%E5%A4%A7%E5%85%A8%E3%83%9F%E3%83%AC%E3%83%8B%E3%82%A2%E3%83%A0%E3%83%9C%E3%83%83%E3%82%AF%E3%82%B9%EF%BC%886%E6%9E%9A%E7%B5%84%EF%BC%89,東芝EMI,TOCT-24381～6,---
ピュンピュン丸 [第1期],1967/07/03,1967/09/18,朝日ソノラマ主題歌コレクション３,"OP/ピュンピュン丸
ED/風といっしょに",https://www.amazon.co.jp/s?k=TOCT-25075%EF%BD%9E6%20%E6%9C%9D%E6%97%A5%E3%82%BD%E3%83%8E%E3%83%A9%E3%83%9E%E4%B8%BB%E9%A1%8C%E6%AD%8C%E3%82%B3%E3%83%AC%E3%82%AF%E3%82%B7%E3%83%A7%E3%83%B3%EF%BC%93,東芝EMI,TOCT-25075～6,---
ピュンピュン丸 [第1期],1967/07/03,1967/09/18,永久保存盤 朝日ソノラマ大全集(5枚組),"OP/ピュンピュン丸
ED/風といっしょに",https://www.amazon.co.jp/s?k=COCX-34642%EF%BD%9E6%20%E6%B0%B8%E4%B9%85%E4%BF%9D%E5%AD%98%E7%9B%A4%20%E6%9C%9D%E6%97%A5%E3%82%BD%E3%83%8E%E3%83%A9%E3%83%9E%E5%A4%A7%E5%85%A8%E9%9B%86%285%E6%9E%9A%E7%B5%84%29,日本コロムビア,COCX-34642～6,---
ピュンピュン丸 [第1期],1967/07/03,1967/09/18,テレビ主題歌黄金時代 お茶の間編,OP/ピュンピュン丸,https://www.amazon.co.jp/s?k=KICS-2176%20%E3%83%86%E3%83%AC%E3%83%93%E4%B8%BB%E9%A1%8C%E6%AD%8C%E9%BB%84%E9%87%91%E6%99%82%E4%BB%A3%20%E3%81%8A%E8%8C%B6%E3%81%AE%E9%96%93%E7%B7%A8,キングレコード,KICS-2176,キングVer。
ピュンピュン丸 [第1期],1967/07/03,1967/09/18,懐しのテレビ･ラジオ主題歌全曲集Ⅳ,OP/ピュンピュン丸,https://www.amazon.co.jp/s?k=KICS-366%20%E6%87%90%E3%81%97%E3%81%AE%E3%83%86%E3%83%AC%E3%83%93%EF%BD%A5%E3%83%A9%E3%82%B8%E3%82%AA%E4%B8%BB%E9%A1%8C%E6%AD%8C%E5%85%A8%E6%9B%B2%E9%9B%86%E2%85%A3,キングレコード,KICS-366,---
ピュンピュン丸 [第1期],1967/07/03,1967/09/18,テレビ主題歌黄金時代 アニメ＆バラエティ編,ED/風といっしょに,https://www.amazon.co.jp/s?k=KICS-2185%20%E3%83%86%E3%83%AC%E3%83%93%E4%B8%BB%E9%A1%8C%E6%AD%8C%E9%BB%84%E9%87%91%E6%99%82%E4%BB%A3%20%E3%82%A2%E3%83%8B%E3%83%A1%EF%BC%86%E3%83%90%E3%83%A9%E3%82%A8%E3%83%86%E3%82%A3%E7%B7%A8,キングレコード,KICS-2185,---
ピュンピュン丸 [第1期],1967/07/03,1967/09/18,アニメ主題歌大全集(10枚組･通信販売のみ),OP/ピュンピュン丸,https://www.amazon.co.jp/s?k=GES-31000%EF%BD%9E9%20%E3%82%A2%E3%83%8B%E3%83%A1%E4%B8%BB%E9%A1%8C%E6%AD%8C%E5%A4%A7%E5%85%A8%E9%9B%86%2810%E6%9E%9A%E7%B5%84%EF%BD%A5%E9%80%9A%E4%BF%A1%E8%B2%A9%E5%A3%B2%E3%81%AE%E3%81%BF%29,コロムビアファミリークラブ,GES-31000～9,---
ピュンピュン丸 [第1期],1967/07/03,1967/09/18,アニメ・ミュージック・カプセル「ピュンピュン丸」,"OP/ピュンピュン丸
ED/風といっしょに",https://www.amazon.co.jp/s?k=CDSOL-1279%20%E3%82%A2%E3%83%8B%E3%83%A1%E3%83%BB%E3%83%9F%E3%83%A5%E3%83%BC%E3%82%B8%E3%83%83%E3%82%AF%E3%83%BB%E3%82%AB%E3%83%97%E3%82%BB%E3%83%AB%E3%80%8C%E3%83%94%E3%83%A5%E3%83%B3%E3%83%94%E3%83%A5%E3%83%B3%E4%B8%B8%E3%80%8D,SOLID,CDSOL-1279,---
ドンキッコ,1967/09/07,1968/01/25,初盤,"OP/ドンキッコ
ドンキッコソング",https://www.amazon.co.jp/s?k=M-106%20%E5%88%9D%E7%9B%A4,朝日ソノラマ,M-106,---
ドンキッコ,1967/09/07,1968/01/25,初盤,"OP/ドンキッコ
ドンキッコソング",https://www.amazon.co.jp/s?k=BS%28H%29-737%20%E5%88%9D%E7%9B%A4,キングレコード,BS(H)-737,---
ドンキッコ,1967/09/07,1968/01/25,アニメ主題歌大全集(10枚組･通信販売のみ),"OP/ドンキッコ
ドンキッコソング",https://www.amazon.co.jp/s?k=GES-31000%EF%BD%9E9%20%E3%82%A2%E3%83%8B%E3%83%A1%E4%B8%BB%E9%A1%8C%E6%AD%8C%E5%A4%A7%E5%85%A8%E9%9B%86%2810%E6%9E%9A%E7%B5%84%EF%BD%A5%E9%80%9A%E4%BF%A1%E8%B2%A9%E5%A3%B2%E3%81%AE%E3%81%BF%29,コロムビアファミリークラブ,GES-31000～9,---
ドンキッコ,1967/09/07,1968/01/25,オリジナル版懐かしのアニメソング大全[2]1967～1968,"OP/ドンキッコ
ドンキッコソング",https://www.amazon.co.jp/s?k=TOCT-8514%20%E3%82%AA%E3%83%AA%E3%82%B8%E3%83%8A%E3%83%AB%E7%89%88%E6%87%90%E3%81%8B%E3%81%97%E3%81%AE%E3%82%A2%E3%83%8B%E3%83%A1%E3%82%BD%E3%83%B3%E3%82%B0%E5%A4%A7%E5%85%A8%5B2%5D1967%EF%BD%9E1968,東芝EMI,TOCT-8514,---
ドンキッコ,1967/09/07,1968/01/25,21世紀に遺したい アニメソング大全ミレニアムボックス（6枚組）,"OP/ドンキッコ
ドンキッコソング",https://www.amazon.co.jp/s?k=TOCT-24381%EF%BD%9E6%2021%E4%B8%96%E7%B4%80%E3%81%AB%E9%81%BA%E3%81%97%E3%81%9F%E3%81%84%20%E3%82%A2%E3%83%8B%E3%83%A1%E3%82%BD%E3%83%B3%E3%82%B0%E5%A4%A7%E5%85%A8%E3%83%9F%E3%83%AC%E3%83%8B%E3%82%A2%E3%83%A0%E3%83%9C%E3%83%83%E3%82%AF%E3%82%B9%EF%BC%886%E6%9E%9A%E7%B5%84%EF%BC%89,東芝EMI,TOCT-24381～6,---
ドンキッコ,1967/09/07,1968/01/25,青春のかけら テレビまんがコレクション,"OP/ドンキッコ
ドンキッコソング",https://www.amazon.co.jp/s?k=CRCN-25107%20%E9%9D%92%E6%98%A5%E3%81%AE%E3%81%8B%E3%81%91%E3%82%89%20%E3%83%86%E3%83%AC%E3%83%93%E3%81%BE%E3%82%93%E3%81%8C%E3%82%B3%E3%83%AC%E3%82%AF%E3%82%B7%E3%83%A7%E3%83%B3,日本クラウン,CRCN-25107,---
冒険少年シャダー,1967/09/18,1968/03/16,初盤,OP/冒険少年シャダー [シャダーの歌］,https://www.amazon.co.jp/s?k=M-107%20%E5%88%9D%E7%9B%A4,朝日ソノラマ,M-107,---
冒険少年シャダー,1967/09/18,1968/03/16,---,"OP/冒険少年シャダー [シャダーの歌］
怪人ゴースターの歌",https://www.amazon.co.jp/s?k=TC-1089,東芝,TC-1089,---
冒険少年シャダー,1967/09/18,1968/03/16,アニメ主題歌大全集(10枚組･通信販売のみ),"OP/冒険少年シャダー [シャダーの歌］
怪人ゴースターの歌",https://www.amazon.co.jp/s?k=GES-31000%EF%BD%9E9%20%E3%82%A2%E3%83%8B%E3%83%A1%E4%B8%BB%E9%A1%8C%E6%AD%8C%E5%A4%A7%E5%85%A8%E9%9B%86%2810%E6%9E%9A%E7%B5%84%EF%BD%A5%E9%80%9A%E4%BF%A1%E8%B2%A9%E5%A3%B2%E3%81%AE%E3%81%BF%29,コロムビアファミリークラブ,GES-31000～9,---
冒険少年シャダー,1967/09/18,1968/03/16,オリジナル版懐かしのアニメソング大全[2]1967～1968,OP/冒険少年シャダー [シャダーの歌］,https://www.amazon.co.jp/s?k=TOCT-8514%20%E3%82%AA%E3%83%AA%E3%82%B8%E3%83%8A%E3%83%AB%E7%89%88%E6%87%90%E3%81%8B%E3%81%97%E3%81%AE%E3%82%A2%E3%83%8B%E3%83%A1%E3%82%BD%E3%83%B3%E3%82%B0%E5%A4%A7%E5%85%A8%5B2%5D1967%EF%BD%9E1968,東芝EMI,TOCT-8514,---
冒険少年シャダー,1967/09/18,1968/03/16,オリジナル版懐かしのアニメソング大全挿入歌編vol.１,怪人ゴースターの歌,https://www.amazon.co.jp/s?k=TOCT-9258%20%E3%82%AA%E3%83%AA%E3%82%B8%E3%83%8A%E3%83%AB%E7%89%88%E6%87%90%E3%81%8B%E3%81%97%E3%81%AE%E3%82%A2%E3%83%8B%E3%83%A1%E3%82%BD%E3%83%B3%E3%82%B0%E5%A4%A7%E5%85%A8%E6%8C%BF%E5%85%A5%E6%AD%8C%E7%B7%A8vol.%EF%BC%91,東芝EMI,TOCT-9258,---
冒険少年シャダー,1967/09/18,1968/03/16,21世紀に遺したい アニメソング大全ミレニアムボックス（6枚組）,OP/冒険少年シャダー [シャダーの歌］,https://www.amazon.co.jp/s?k=TOCT-24381%EF%BD%9E6%2021%E4%B8%96%E7%B4%80%E3%81%AB%E9%81%BA%E3%81%97%E3%81%9F%E3%81%84%20%E3%82%A2%E3%83%8B%E3%83%A1%E3%82%BD%E3%83%B3%E3%82%B0%E5%A4%A7%E5%85%A8%E3%83%9F%E3%83%AC%E3%83%8B%E3%82%A2%E3%83%A0%E3%83%9C%E3%83%83%E3%82%AF%E3%82%B9%EF%BC%886%E6%9E%9A%E7%B5%84%EF%BC%89,東芝EMI,TOCT-24381～6,---
ちびっこ怪獣ヤダモン,1967/10/02,1968/03/25,初盤,OP・ED/ちびっこ怪獣ヤダモン,https://www.amazon.co.jp/s?k=MW-13%20%E5%88%9D%E7%9B%A4,日本クラウン,MW-13,---
ちびっこ怪獣ヤダモン,1967/10/02,1968/03/25,初盤,"OP・ED/ちびっこ怪獣ヤダモン
ED・OP/オー･ノー・ヤダモン",https://www.amazon.co.jp/s?k=BS%28H%29-755%20%E5%88%9D%E7%9B%A4,キングレコード,BS(H)-755,---
ちびっこ怪獣ヤダモン,1967/10/02,1968/03/25,アニメ主題歌大全集(10枚組･通信販売のみ),"OP・ED/ちびっこ怪獣ヤダモン
ED・OP/オー･ノー・ヤダモン",https://www.amazon.co.jp/s?k=GES-31000%EF%BD%9E9%20%E3%82%A2%E3%83%8B%E3%83%A1%E4%B8%BB%E9%A1%8C%E6%AD%8C%E5%A4%A7%E5%85%A8%E9%9B%86%2810%E6%9E%9A%E7%B5%84%EF%BD%A5%E9%80%9A%E4%BF%A1%E8%B2%A9%E5%A3%B2%E3%81%AE%E3%81%BF%29,コロムビアファミリークラブ,GES-31000～9,---
ちびっこ怪獣ヤダモン,1967/10/02,1968/03/25,青春のかけら テレビまんがコレクション,OP・ED/ちびっこ怪獣ヤダモン,https://www.amazon.co.jp/s?k=CRCN-25107%20%E9%9D%92%E6%98%A5%E3%81%AE%E3%81%8B%E3%81%91%E3%82%89%20%E3%83%86%E3%83%AC%E3%83%93%E3%81%BE%E3%82%93%E3%81%8C%E3%82%B3%E3%83%AC%E3%82%AF%E3%82%B7%E3%83%A7%E3%83%B3,日本クラウン,CRCN-25107,---
ちびっこ怪獣ヤダモン,1967/10/02,1968/03/25,朝日ソノラマ主題歌コレクション４,OP・ED/ちびっこ怪獣ヤダモン,https://www.amazon.co.jp/s?k=TOCT-25077%EF%BD%9E8%20%E6%9C%9D%E6%97%A5%E3%82%BD%E3%83%8E%E3%83%A9%E3%83%9E%E4%B8%BB%E9%A1%8C%E6%AD%8C%E3%82%B3%E3%83%AC%E3%82%AF%E3%82%B7%E3%83%A7%E3%83%B3%EF%BC%94,東芝EMI,TOCT-25077～8,---
ちびっこ怪獣ヤダモン,1967/10/02,1968/03/25,永久保存盤 朝日ソノラマ大全集(5枚組),OP・ED/ちびっこ怪獣ヤダモン,https://www.amazon.co.jp/s?k=COCX-34642%EF%BD%9E6%20%E6%B0%B8%E4%B9%85%E4%BF%9D%E5%AD%98%E7%9B%A4%20%E6%9C%9D%E6%97%A5%E3%82%BD%E3%83%8E%E3%83%A9%E3%83%9E%E5%A4%A7%E5%85%A8%E9%9B%86%285%E6%9E%9A%E7%B5%84%29,日本コロムビア,COCX-34642～6,---
スカイヤーズ５,1967/10/04,1967/12/27,初盤,"OP/スカイヤーズ５
ED/スカイヤーズ･マーチ",https://www.amazon.co.jp/s?k=BS%28H%29-618%20%E5%88%9D%E7%9B%A4,キングレコード,BS(H)-618,---
スカイヤーズ５,1967/10/04,1967/12/27,アニメ主題歌大全集(10枚組･通信販売のみ),"OP/スカイヤーズ５
ED/スカイヤーズ･マーチ",https://www.amazon.co.jp/s?k=GES-31000%EF%BD%9E9%20%E3%82%A2%E3%83%8B%E3%83%A1%E4%B8%BB%E9%A1%8C%E6%AD%8C%E5%A4%A7%E5%85%A8%E9%9B%86%2810%E6%9E%9A%E7%B5%84%EF%BD%A5%E9%80%9A%E4%BF%A1%E8%B2%A9%E5%A3%B2%E3%81%AE%E3%81%BF%29,コロムビアファミリークラブ,GES-31000～9,---
スカイヤーズ５,1967/10/04,1967/12/27,オリジナル版懐かしのアニメソング大全[2]1967～1968,"OP/スカイヤーズ５
ED/スカイヤーズ･マーチ",https://www.amazon.co.jp/s?k=TOCT-8514%20%E3%82%AA%E3%83%AA%E3%82%B8%E3%83%8A%E3%83%AB%E7%89%88%E6%87%90%E3%81%8B%E3%81%97%E3%81%AE%E3%82%A2%E3%83%8B%E3%83%A1%E3%82%BD%E3%83%B3%E3%82%B0%E5%A4%A7%E5%85%A8%5B2%5D1967%EF%BD%9E1968,東芝EMI,TOCT-8514,---
スカイヤーズ５,1967/10/04,1967/12/27,21世紀に遺したい アニメソング大全ミレニアムボックス（6枚組）,"OP/スカイヤーズ５
ED/スカイヤーズ･マーチ
ED/スカイヤーズ･マーチ（インスト）",https://www.amazon.co.jp/s?k=TOCT-24381%EF%BD%9E6%2021%E4%B8%96%E7%B4%80%E3%81%AB%E9%81%BA%E3%81%97%E3%81%9F%E3%81%84%20%E3%82%A2%E3%83%8B%E3%83%A1%E3%82%BD%E3%83%B3%E3%82%B0%E5%A4%A7%E5%85%A8%E3%83%9F%E3%83%AC%E3%83%8B%E3%82%A2%E3%83%A0%E3%83%9C%E3%83%83%E3%82%AF%E3%82%B9%EF%BC%886%E6%9E%9A%E7%B5%84%EF%BC%89,東芝EMI,TOCT-24381～6,---
スカイヤーズ５,1967/10/04,1967/12/27,エイケン アンソロジー 1963～1972,ED/スカイヤーズ･マーチ（インスト）,https://www.amazon.co.jp/s?k=MECB-2010%20%E3%82%A8%E3%82%A4%E3%82%B1%E3%83%B3%20%E3%82%A2%E3%83%B3%E3%82%BD%E3%83%AD%E3%82%B8%E3%83%BC%201963%EF%BD%9E1972,トライエム,MECB-2010,---
おらぁグズラだど,1967/10/07,1968/09/25,初盤,OP・ED/おらぁグズラだど,https://www.amazon.co.jp/s?k=M-103%20%E5%88%9D%E7%9B%A4,朝日ソノラマ,M-103,---
おらぁグズラだど,1967/10/07,1968/09/25,---,"OP・ED/おらぁグズラだど '(歌/大平透
コロムビアゆりかご会)
グズラ音頭",https://www.amazon.co.jp/s?k=SCS-61,日本コロムビア,SCS-61,---
おらぁグズラだど,1967/10/07,1968/09/25,アニメ主題歌大全集(10枚組･通信販売のみ),OP・ED/おらぁグズラだど,https://www.amazon.co.jp/s?k=GES-31000%EF%BD%9E9%20%E3%82%A2%E3%83%8B%E3%83%A1%E4%B8%BB%E9%A1%8C%E6%AD%8C%E5%A4%A7%E5%85%A8%E9%9B%86%2810%E6%9E%9A%E7%B5%84%EF%BD%A5%E9%80%9A%E4%BF%A1%E8%B2%A9%E5%A3%B2%E3%81%AE%E3%81%BF%29,コロムビアファミリークラブ,GES-31000～9,---
おらぁグズラだど,1967/10/07,1968/09/25,21世紀に遺したい アニメソング大全ミレニアムボックス（6枚組）,OP・ED/おらぁグズラだど,https://www.amazon.co.jp/s?k=TOCT-24381%EF%BD%9E6%2021%E4%B8%96%E7%B4%80%E3%81%AB%E9%81%BA%E3%81%97%E3%81%9F%E3%81%84%20%E3%82%A2%E3%83%8B%E3%83%A1%E3%82%BD%E3%83%B3%E3%82%B0%E5%A4%A7%E5%85%A8%E3%83%9F%E3%83%AC%E3%83%8B%E3%82%A2%E3%83%A0%E3%83%9C%E3%83%83%E3%82%AF%E3%82%B9%EF%BC%886%E6%9E%9A%E7%B5%84%EF%BC%89,東芝EMI,TOCT-24381～6,---
おらぁグズラだど,1967/10/07,1968/09/25,朝日ソノラマ主題歌コレクション４,OP・ED/おらぁグズラだど,https://www.amazon.co.jp/s?k=TOCT-25077%EF%BD%9E8%20%E6%9C%9D%E6%97%A5%E3%82%BD%E3%83%8E%E3%83%A9%E3%83%9E%E4%B8%BB%E9%A1%8C%E6%AD%8C%E3%82%B3%E3%83%AC%E3%82%AF%E3%82%B7%E3%83%A7%E3%83%B3%EF%BC%94,東芝EMI,TOCT-25077～8,---
おらぁグズラだど,1967/10/07,1968/09/25,永久保存盤 朝日ソノラマ大全集(5枚組),OP・ED/おらぁグズラだど,https://www.amazon.co.jp/s?k=COCX-34642%EF%BD%9E6%20%E6%B0%B8%E4%B9%85%E4%BF%9D%E5%AD%98%E7%9B%A4%20%E6%9C%9D%E6%97%A5%E3%82%BD%E3%83%8E%E3%83%A9%E3%83%9E%E5%A4%A7%E5%85%A8%E9%9B%86%285%E6%9E%9A%E7%B5%84%29,日本コロムビア,COCX-34642～6,---
おらぁグズラだど,1967/10/07,1968/09/25,テレビまんが主題歌のあゆみ(2枚組),グズラ音頭,https://www.amazon.co.jp/s?k=COCX-33498%EF%BD%9E9%20%E3%83%86%E3%83%AC%E3%83%93%E3%81%BE%E3%82%93%E3%81%8C%E4%B8%BB%E9%A1%8C%E6%AD%8C%E3%81%AE%E3%81%82%E3%82%86%E3%81%BF%282%E6%9E%9A%E7%B5%84%29,日本コロムビア,COCX-33498～9,---
おらぁグズラだど,1967/10/07,1968/09/25,アニメ主題歌メモリアル(10枚組･通信販売）,グズラ音頭,https://www.amazon.co.jp/s?k=GES-30526%EF%BD%9E35%20%E3%82%A2%E3%83%8B%E3%83%A1%E4%B8%BB%E9%A1%8C%E6%AD%8C%E3%83%A1%E3%83%A2%E3%83%AA%E3%82%A2%E3%83%AB%2810%E6%9E%9A%E7%B5%84%EF%BD%A5%E9%80%9A%E4%BF%A1%E8%B2%A9%E5%A3%B2%EF%BC%89,コロムビアファミリークラブ,GES-30526～35,1'(歌/大平透､コロムビアゆりかご会)を収録。
ゲゲゲの鬼太郎,1968/01/03,1969/03/30,初盤,"OP/ゲゲゲの鬼太郎
ED/カランコロンの歌",https://www.amazon.co.jp/s?k=M-114%20%E5%88%9D%E7%9B%A4,朝日ソノラマ,M-114,１を「墓場の鬼太郎｣､２を「ゲゲゲの鬼太郎」の曲名で収録。
ゲゲゲの鬼太郎,1968/01/03,1969/03/30,初盤,"ED/鬼太郎ナイナイ音頭
ED/ゲゲゲの鬼太郎メキシコ・オリンピック・マーチ 備考",https://www.amazon.co.jp/s?k=ED%28H%29-1001%20%E5%88%9D%E7%9B%A4,キングレコード,ED(H)-1001,---
ゲゲゲの鬼太郎,1968/01/03,1969/03/30,アニメ主題歌大全集(10枚組･通信販売のみ),"OP/ゲゲゲの鬼太郎
ED/カランコロンの歌",https://www.amazon.co.jp/s?k=GES-31000%EF%BD%9E9%20%E3%82%A2%E3%83%8B%E3%83%A1%E4%B8%BB%E9%A1%8C%E6%AD%8C%E5%A4%A7%E5%85%A8%E9%9B%86%2810%E6%9E%9A%E7%B5%84%EF%BD%A5%E9%80%9A%E4%BF%A1%E8%B2%A9%E5%A3%B2%E3%81%AE%E3%81%BF%29,コロムビアファミリークラブ,GES-31000～9,２はTVオリジナルVerと､キングVer(歌/加藤みどり・ひばり児童合唱団）の2タイプを収録。
ゲゲゲの鬼太郎,1968/01/03,1969/03/30,21世紀に遺したい アニメソング大全ミレニアムボックス（6枚組）,"OP/ゲゲゲの鬼太郎
ED/カランコロンの歌
ED/鬼太郎ナイナイ音頭
ED/ゲゲゲの鬼太郎メキシコ・オリンピック・マーチ",https://www.amazon.co.jp/s?k=TOCT-24381%EF%BD%9E6%2021%E4%B8%96%E7%B4%80%E3%81%AB%E9%81%BA%E3%81%97%E3%81%9F%E3%81%84%20%E3%82%A2%E3%83%8B%E3%83%A1%E3%82%BD%E3%83%B3%E3%82%B0%E5%A4%A7%E5%85%A8%E3%83%9F%E3%83%AC%E3%83%8B%E3%82%A2%E3%83%A0%E3%83%9C%E3%83%83%E3%82%AF%E3%82%B9%EF%BC%886%E6%9E%9A%E7%B5%84%EF%BC%89,東芝EMI,TOCT-24381～6,---
ゲゲゲの鬼太郎,1968/01/03,1969/03/30,オリジナル版懐かしのアニメソング大全[2]1967～1968,OP/ゲゲゲの鬼太郎,https://www.amazon.co.jp/s?k=TOCT-8514%20%E3%82%AA%E3%83%AA%E3%82%B8%E3%83%8A%E3%83%AB%E7%89%88%E6%87%90%E3%81%8B%E3%81%97%E3%81%AE%E3%82%A2%E3%83%8B%E3%83%A1%E3%82%BD%E3%83%B3%E3%82%B0%E5%A4%A7%E5%85%A8%5B2%5D1967%EF%BD%9E1968,東芝EMI,TOCT-8514,２はキングVer収録。
ゲゲゲの鬼太郎,1968/01/03,1969/03/30,朝日ソノラマ主題歌コレクション４,"ED/カランコロンの歌
ED/鬼太郎ナイナイ音頭
ED/ゲゲゲの鬼太郎メキシコ・オリンピック・マーチ",https://www.amazon.co.jp/s?k=TOCT-25077%EF%BD%9E8%20%E6%9C%9D%E6%97%A5%E3%82%BD%E3%83%8E%E3%83%A9%E3%83%9E%E4%B8%BB%E9%A1%8C%E6%AD%8C%E3%82%B3%E3%83%AC%E3%82%AF%E3%82%B7%E3%83%A7%E3%83%B3%EF%BC%94,東芝EMI,TOCT-25077～8,---
ゲゲゲの鬼太郎,1968/01/03,1969/03/30,永久保存盤 朝日ソノラマ大全集(5枚組),"ED/カランコロンの歌
ED/鬼太郎ナイナイ音頭
ED/ゲゲゲの鬼太郎メキシコ・オリンピック・マーチ",https://www.amazon.co.jp/s?k=COCX-34642%EF%BD%9E6%20%E6%B0%B8%E4%B9%85%E4%BF%9D%E5%AD%98%E7%9B%A4%20%E6%9C%9D%E6%97%A5%E3%82%BD%E3%83%8E%E3%83%A9%E3%83%9E%E5%A4%A7%E5%85%A8%E9%9B%86%285%E6%9E%9A%E7%B5%84%29,日本コロムビア,COCX-34642～6,---
ゲゲゲの鬼太郎,1968/01/03,1969/03/30,懐かしのミュージッククリップ10 「ゲゲゲの鬼太郎」,"OP/ゲゲゲの鬼太郎
ED/鬼太郎ナイナイ音頭",https://www.amazon.co.jp/s?k=TOCT-9810%20%E6%87%90%E3%81%8B%E3%81%97%E3%81%AE%E3%83%9F%E3%83%A5%E3%83%BC%E3%82%B8%E3%83%83%E3%82%AF%E3%82%AF%E3%83%AA%E3%83%83%E3%83%9710%20%E3%80%8C%E3%82%B2%E3%82%B2%E3%82%B2%E3%81%AE%E9%AC%BC%E5%A4%AA%E9%83%8E%E3%80%8D,東芝EMI,TOCT-9810,２はキングVer、４はＴＶサイズを収録。
ゲゲゲの鬼太郎,1968/01/03,1969/03/30,テレビ主題歌黄金時代 アニメ＆バラエティ編,"ED/鬼太郎ナイナイ音頭
ED/ゲゲゲの鬼太郎メキシコ・オリンピック・マーチ",https://www.amazon.co.jp/s?k=KICS-2185%20%E3%83%86%E3%83%AC%E3%83%93%E4%B8%BB%E9%A1%8C%E6%AD%8C%E9%BB%84%E9%87%91%E6%99%82%E4%BB%A3%20%E3%82%A2%E3%83%8B%E3%83%A1%EF%BC%86%E3%83%90%E3%83%A9%E3%82%A8%E3%83%86%E3%82%A3%E7%B7%A8,キングレコード,KICS-2185,---
ゲゲゲの鬼太郎,1968/01/03,1969/03/30,懐しのテレビ･ラジオ主題歌全曲集Ⅱ,OP/ゲゲゲの鬼太郎,https://www.amazon.co.jp/s?k=KICS-287%20%E6%87%90%E3%81%97%E3%81%AE%E3%83%86%E3%83%AC%E3%83%93%EF%BD%A5%E3%83%A9%E3%82%B8%E3%82%AA%E4%B8%BB%E9%A1%8C%E6%AD%8C%E5%85%A8%E6%9B%B2%E9%9B%86%E2%85%A1,キングレコード,KICS-287,---
わんぱく探偵団,1968/02/01,1968/09/26,初盤,"OP・ED/わんぱく探偵団
ED/怪人二十面相はうたう",https://www.amazon.co.jp/s?k=M-115%20%E5%88%9D%E7%9B%A4,朝日ソノラマ,M-115,---
わんぱく探偵団,1968/02/01,1968/09/26,アニメ主題歌大全集(10枚組･通信販売のみ),"OP・ED/わんぱく探偵団
ED/怪人二十面相はうたう",https://www.amazon.co.jp/s?k=GES-31000%EF%BD%9E9%20%E3%82%A2%E3%83%8B%E3%83%A1%E4%B8%BB%E9%A1%8C%E6%AD%8C%E5%A4%A7%E5%85%A8%E9%9B%86%2810%E6%9E%9A%E7%B5%84%EF%BD%A5%E9%80%9A%E4%BF%A1%E8%B2%A9%E5%A3%B2%E3%81%AE%E3%81%BF%29,コロムビアファミリークラブ,GES-31000～9,２はロングVer。
わんぱく探偵団,1968/02/01,1968/09/26,21世紀に遺したい アニメソング大全ミレニアムボックス（6枚組）,"OP・ED/わんぱく探偵団
ED/怪人二十面相はうたう",https://www.amazon.co.jp/s?k=TOCT-24381%EF%BD%9E6%2021%E4%B8%96%E7%B4%80%E3%81%AB%E9%81%BA%E3%81%97%E3%81%9F%E3%81%84%20%E3%82%A2%E3%83%8B%E3%83%A1%E3%82%BD%E3%83%B3%E3%82%B0%E5%A4%A7%E5%85%A8%E3%83%9F%E3%83%AC%E3%83%8B%E3%82%A2%E3%83%A0%E3%83%9C%E3%83%83%E3%82%AF%E3%82%B9%EF%BC%886%E6%9E%9A%E7%B5%84%EF%BC%89,東芝EMI,TOCT-24381～6,１はTV音源（フルコーラス､SE入り)。２は1コーラスVer。
わんぱく探偵団,1968/02/01,1968/09/26,朝日ソノラマ主題歌コレクション４,"OP・ED/わんぱく探偵団
ED/怪人二十面相はうたう",https://www.amazon.co.jp/s?k=TOCT-25077%EF%BD%9E8%20%E6%9C%9D%E6%97%A5%E3%82%BD%E3%83%8E%E3%83%A9%E3%83%9E%E4%B8%BB%E9%A1%8C%E6%AD%8C%E3%82%B3%E3%83%AC%E3%82%AF%E3%82%B7%E3%83%A7%E3%83%B3%EF%BC%94,東芝EMI,TOCT-25077～8,---
わんぱく探偵団,1968/02/01,1968/09/26,永久保存盤 朝日ソノラマ大全集(5枚組),"OP・ED/わんぱく探偵団
ED/怪人二十面相はうたう",https://www.amazon.co.jp/s?k=TOCT-25077%EF%BD%9E8%20%E6%B0%B8%E4%B9%85%E4%BF%9D%E5%AD%98%E7%9B%A4%20%E6%9C%9D%E6%97%A5%E3%82%BD%E3%83%8E%E3%83%A9%E3%83%9E%E5%A4%A7%E5%85%A8%E9%9B%86%285%E6%9E%9A%E7%B5%84%29,日本コロムビア,TOCT-25077～8,---
わんぱく探偵団,1968/02/01,1968/09/26,オリジナル版懐かしのアニメソング大全[2]1967～1968,OP・ED/わんぱく探偵団,https://www.amazon.co.jp/s?k=TOCT-8514%20%E3%82%AA%E3%83%AA%E3%82%B8%E3%83%8A%E3%83%AB%E7%89%88%E6%87%90%E3%81%8B%E3%81%97%E3%81%AE%E3%82%A2%E3%83%8B%E3%83%A1%E3%82%BD%E3%83%B3%E3%82%B0%E5%A4%A7%E5%85%A8%5B2%5D1967%EF%BD%9E1968,東芝EMI,TOCT-8514,TV音源（フルコーラス､SE入り)。
わんぱく探偵団,1968/02/01,1968/09/26,虫プロ アンソロジー 1963～1971,OP・ED/わんぱく探偵団,https://www.amazon.co.jp/s?k=MECB-2009%20%E8%99%AB%E3%83%97%E3%83%AD%20%E3%82%A2%E3%83%B3%E3%82%BD%E3%83%AD%E3%82%B8%E3%83%BC%201963%EF%BD%9E1971,トライエム,MECB-2009,---
巨人の星,1968/03/30,1971/09/18,初盤,"OP・ED/行け行け飛雄馬
友情の虹",https://www.amazon.co.jp/s?k=M-120%20%E5%88%9D%E7%9B%A4,朝日ソノラマ,M-120,---
巨人の星,1968/03/30,1971/09/18,アニメ主題歌大全集(10枚組･通信販売のみ),OP・ED/行け行け飛雄馬,https://www.amazon.co.jp/s?k=GES-31000%EF%BD%9E9%20%E3%82%A2%E3%83%8B%E3%83%A1%E4%B8%BB%E9%A1%8C%E6%AD%8C%E5%A4%A7%E5%85%A8%E9%9B%86%2810%E6%9E%9A%E7%B5%84%EF%BD%A5%E9%80%9A%E4%BF%A1%E8%B2%A9%E5%A3%B2%E3%81%AE%E3%81%BF%29,コロムビアファミリークラブ,GES-31000～9,１はTV版と同様イントロ前にSEが挿入されている。（コロムビアVer）
巨人の星,1968/03/30,1971/09/18,テレビまんが主題歌のあゆみ(2枚組),OP・ED/行け行け飛雄馬,https://www.amazon.co.jp/s?k=COCX-33498%EF%BD%9E9%20%E3%83%86%E3%83%AC%E3%83%93%E3%81%BE%E3%82%93%E3%81%8C%E4%B8%BB%E9%A1%8C%E6%AD%8C%E3%81%AE%E3%81%82%E3%82%86%E3%81%BF%282%E6%9E%9A%E7%B5%84%29,日本コロムビア,COCX-33498～9,---
巨人の星,1968/03/30,1971/09/18,テレビアニメ スーパーヒストリーvol.3,OP・ED/行け行け飛雄馬,https://www.amazon.co.jp/s?k=COCC-70051%20%E3%83%86%E3%83%AC%E3%83%93%E3%82%A2%E3%83%8B%E3%83%A1%20%E3%82%B9%E3%83%BC%E3%83%91%E3%83%BC%E3%83%92%E3%82%B9%E3%83%88%E3%83%AA%E3%83%BCvol.3,日本コロムビア,COCC-70051,---
巨人の星,1968/03/30,1971/09/18,アニメ主題歌メモリアル(10枚組･通信販売）,"OP・ED/行け行け飛雄馬
友情の虹",https://www.amazon.co.jp/s?k=GES-30526%EF%BD%9E35%20%E3%82%A2%E3%83%8B%E3%83%A1%E4%B8%BB%E9%A1%8C%E6%AD%8C%E3%83%A1%E3%83%A2%E3%83%AA%E3%82%A2%E3%83%AB%2810%E6%9E%9A%E7%B5%84%EF%BD%A5%E9%80%9A%E4%BF%A1%E8%B2%A9%E5%A3%B2%EF%BC%89,コロムビアファミリークラブ,GES-30526～35,---
巨人の星,1968/03/30,1971/09/18,テレビまんが懐かしのB面コレクション(2枚組),友情の虹,https://www.amazon.co.jp/s?k=COCX-33556%EF%BD%9E7%20%E3%83%86%E3%83%AC%E3%83%93%E3%81%BE%E3%82%93%E3%81%8C%E6%87%90%E3%81%8B%E3%81%97%E3%81%AEB%E9%9D%A2%E3%82%B3%E3%83%AC%E3%82%AF%E3%82%B7%E3%83%A7%E3%83%B3%282%E6%9E%9A%E7%B5%84%29,日本コロムビア,COCX-33556～7,---
巨人の星,1968/03/30,1971/09/18,オリジナル版懐かしのアニメソング大全[2]1967～1968,OP・ED/行け行け飛雄馬,https://www.amazon.co.jp/s?k=TOCT-8514%20%E3%82%AA%E3%83%AA%E3%82%B8%E3%83%8A%E3%83%AB%E7%89%88%E6%87%90%E3%81%8B%E3%81%97%E3%81%AE%E3%82%A2%E3%83%8B%E3%83%A1%E3%82%BD%E3%83%B3%E3%82%B0%E5%A4%A7%E5%85%A8%5B2%5D1967%EF%BD%9E1968,東芝EMI,TOCT-8514,---
巨人の星,1968/03/30,1971/09/18,オリジナル版懐かしのアニメソング大全挿入歌編vol.１,友情の虹,https://www.amazon.co.jp/s?k=TOCT-9258%20%E3%82%AA%E3%83%AA%E3%82%B8%E3%83%8A%E3%83%AB%E7%89%88%E6%87%90%E3%81%8B%E3%81%97%E3%81%AE%E3%82%A2%E3%83%8B%E3%83%A1%E3%82%BD%E3%83%B3%E3%82%B0%E5%A4%A7%E5%85%A8%E6%8C%BF%E5%85%A5%E6%AD%8C%E7%B7%A8vol.%EF%BC%91,東芝EMI,TOCT-9258,---
巨人の星,1968/03/30,1971/09/18,「巨人の星」 ミュージック・ファイル,"OP・ED/行け行け飛雄馬
友情の虹",https://www.amazon.co.jp/s?k=TKCA-72514%20%E3%80%8C%E5%B7%A8%E4%BA%BA%E3%81%AE%E6%98%9F%E3%80%8D%20%E3%83%9F%E3%83%A5%E3%83%BC%E3%82%B8%E3%83%83%E3%82%AF%E3%83%BB%E3%83%95%E3%82%A1%E3%82%A4%E3%83%AB,徳間ジャパン,TKCA-72514,---
巨人の星,1968/03/30,1971/09/18,懐かしのミュージッククリップ５ 「巨人の星/アタック№1」,"OP・ED/行け行け飛雄馬
友情の虹",https://www.amazon.co.jp/s?k=TOCT-9360%20%E6%87%90%E3%81%8B%E3%81%97%E3%81%AE%E3%83%9F%E3%83%A5%E3%83%BC%E3%82%B8%E3%83%83%E3%82%AF%E3%82%AF%E3%83%AA%E3%83%83%E3%83%97%EF%BC%95%20%E3%80%8C%E5%B7%A8%E4%BA%BA%E3%81%AE%E6%98%9F/%E3%82%A2%E3%82%BF%E3%83%83%E3%82%AF%E2%84%961%E3%80%8D,東芝EMI,TOCT-9360,---
巨人の星,1968/03/30,1971/09/18,21世紀に遺したい アニメソング大全ミレニアムボックス（6枚組）,OP・ED/行け行け飛雄馬,https://www.amazon.co.jp/s?k=TOCT-24381%EF%BD%9E6%2021%E4%B8%96%E7%B4%80%E3%81%AB%E9%81%BA%E3%81%97%E3%81%9F%E3%81%84%20%E3%82%A2%E3%83%8B%E3%83%A1%E3%82%BD%E3%83%B3%E3%82%B0%E5%A4%A7%E5%85%A8%E3%83%9F%E3%83%AC%E3%83%8B%E3%82%A2%E3%83%A0%E3%83%9C%E3%83%83%E3%82%AF%E3%82%B9%EF%BC%886%E6%9E%9A%E7%B5%84%EF%BC%89,東芝EMI,TOCT-24381～6,---
アニマル１,1968/04/01,1968/09/30,初盤,"OP/アニマル１の歌
ED/ナナコの歌",https://www.amazon.co.jp/s?k=M-124/P-1%20%E5%88%9D%E7%9B%A4,朝日ソノラマ,M-124/P-1,---
アニマル１,1968/04/01,1968/09/30,初盤,"OP/アニマル１の歌
ED/ナナコの歌",https://www.amazon.co.jp/s?k=MB-317%20%E5%88%9D%E7%9B%A4,ビクター,MB-317,---
アニマル１,1968/04/01,1968/09/30,初盤,"OP/アニマル１の歌
ED/ナナコの歌",https://www.amazon.co.jp/s?k=BS%28H%29-2005%20%E5%88%9D%E7%9B%A4,キングレコード,BS(H)-2005,---
アニマル１,1968/04/01,1968/09/30,オリジナル版懐かしのアニメソング大全[2]1967～1968,"OP/アニマル１の歌
ED/ナナコの歌",https://www.amazon.co.jp/s?k=TOCT-8514%20%E3%82%AA%E3%83%AA%E3%82%B8%E3%83%8A%E3%83%AB%E7%89%88%E6%87%90%E3%81%8B%E3%81%97%E3%81%AE%E3%82%A2%E3%83%8B%E3%83%A1%E3%82%BD%E3%83%B3%E3%82%B0%E5%A4%A7%E5%85%A8%5B2%5D1967%EF%BD%9E1968,東芝EMI,TOCT-8514,---
アニマル１,1968/04/01,1968/09/30,21世紀に遺したい アニメソング大全ミレニアムボックス（6枚組）,"OP/アニマル１の歌
ED/ナナコの歌",https://www.amazon.co.jp/s?k=TOCT-24381%EF%BD%9E6%2021%E4%B8%96%E7%B4%80%E3%81%AB%E9%81%BA%E3%81%97%E3%81%9F%E3%81%84%20%E3%82%A2%E3%83%8B%E3%83%A1%E3%82%BD%E3%83%B3%E3%82%B0%E5%A4%A7%E5%85%A8%E3%83%9F%E3%83%AC%E3%83%8B%E3%82%A2%E3%83%A0%E3%83%9C%E3%83%83%E3%82%AF%E3%82%B9%EF%BC%886%E6%9E%9A%E7%B5%84%EF%BC%89,東芝EMI,TOCT-24381～6,---
サイボーグ００９,1968/04/05,1968/09/27,初盤,"OP/サイボーグ009
ED/戦いおわって",https://www.amazon.co.jp/s?k=M-113%20%E5%88%9D%E7%9B%A4,朝日ソノラマ,M-113,---
サイボーグ００９,1968/04/05,1968/09/27,アニメ主題歌大全集(10枚組･通信販売のみ),"OP/サイボーグ009
ED/戦いおわって",https://www.amazon.co.jp/s?k=GES-31000%EF%BD%9E9%20%E3%82%A2%E3%83%8B%E3%83%A1%E4%B8%BB%E9%A1%8C%E6%AD%8C%E5%A4%A7%E5%85%A8%E9%9B%86%2810%E6%9E%9A%E7%B5%84%EF%BD%A5%E9%80%9A%E4%BF%A1%E8%B2%A9%E5%A3%B2%E3%81%AE%E3%81%BF%29,コロムビアファミリークラブ,GES-31000～9,---
サイボーグ００９,1968/04/05,1968/09/27,テレビまんが主題歌のあゆみ(2枚組),OP/サイボーグ009,https://www.amazon.co.jp/s?k=COCX-33498%EF%BD%9E9%20%E3%83%86%E3%83%AC%E3%83%93%E3%81%BE%E3%82%93%E3%81%8C%E4%B8%BB%E9%A1%8C%E6%AD%8C%E3%81%AE%E3%81%82%E3%82%86%E3%81%BF%282%E6%9E%9A%E7%B5%84%29,日本コロムビア,COCX-33498～9,---
サイボーグ００９,1968/04/05,1968/09/27,テレビアニメ スーパーヒストリーvol.3,"OP/サイボーグ009
ED/戦いおわって",https://www.amazon.co.jp/s?k=COCC-70051%20%E3%83%86%E3%83%AC%E3%83%93%E3%82%A2%E3%83%8B%E3%83%A1%20%E3%82%B9%E3%83%BC%E3%83%91%E3%83%BC%E3%83%92%E3%82%B9%E3%83%88%E3%83%AA%E3%83%BCvol.3,日本コロムビア,COCC-70051,---
サイボーグ００９,1968/04/05,1968/09/27,アニメ主題歌メモリアル２(10枚組）,ED/戦いおわって,https://www.amazon.co.jp/s?k=COCC-13591%EF%BD%9E600%20%E3%82%A2%E3%83%8B%E3%83%A1%E4%B8%BB%E9%A1%8C%E6%AD%8C%E3%83%A1%E3%83%A2%E3%83%AA%E3%82%A2%E3%83%AB%EF%BC%92%2810%E6%9E%9A%E7%B5%84%EF%BC%89,日本コロムビア,COCC-13591～600,---
サイボーグ００９,1968/04/05,1968/09/27,テレビまんが懐かしのB面コレクション(2枚組),ED/戦いおわって,https://www.amazon.co.jp/s?k=COCX-33556%EF%BD%9E7%20%E3%83%86%E3%83%AC%E3%83%93%E3%81%BE%E3%82%93%E3%81%8C%E6%87%90%E3%81%8B%E3%81%97%E3%81%AEB%E9%9D%A2%E3%82%B3%E3%83%AC%E3%82%AF%E3%82%B7%E3%83%A7%E3%83%B3%282%E6%9E%9A%E7%B5%84%29,日本コロムビア,COCX-33556～7,---
サイボーグ００９,1968/04/05,1968/09/27,オリジナル版懐かしのアニメソング大全[2]1967～1968,"OP/サイボーグ009
ED/戦いおわって",https://www.amazon.co.jp/s?k=TOCT-8514%20%E3%82%AA%E3%83%AA%E3%82%B8%E3%83%8A%E3%83%AB%E7%89%88%E6%87%90%E3%81%8B%E3%81%97%E3%81%AE%E3%82%A2%E3%83%8B%E3%83%A1%E3%82%BD%E3%83%B3%E3%82%B0%E5%A4%A7%E5%85%A8%5B2%5D1967%EF%BD%9E1968,東芝EMI,TOCT-8514,---
サイボーグ００９,1968/04/05,1968/09/27,21世紀に遺したい アニメソング大全ミレニアムボックス（6枚組）,"OP/サイボーグ009
ED/戦いおわって",https://www.amazon.co.jp/s?k=TOCT-24381%EF%BD%9E6%2021%E4%B8%96%E7%B4%80%E3%81%AB%E9%81%BA%E3%81%97%E3%81%9F%E3%81%84%20%E3%82%A2%E3%83%8B%E3%83%A1%E3%82%BD%E3%83%B3%E3%82%B0%E5%A4%A7%E5%85%A8%E3%83%9F%E3%83%AC%E3%83%8B%E3%82%A2%E3%83%A0%E3%83%9C%E3%83%83%E3%82%AF%E3%82%B9%EF%BC%886%E6%9E%9A%E7%B5%84%EF%BC%89,東芝EMI,TOCT-24381～6,---
サイボーグ００９,1968/04/05,1968/09/27,朝日ソノラマ主題歌コレクション４,"OP/サイボーグ009
ED/戦いおわって",https://www.amazon.co.jp/s?k=TOCT-25077%EF%BD%9E8%20%E6%9C%9D%E6%97%A5%E3%82%BD%E3%83%8E%E3%83%A9%E3%83%9E%E4%B8%BB%E9%A1%8C%E6%AD%8C%E3%82%B3%E3%83%AC%E3%82%AF%E3%82%B7%E3%83%A7%E3%83%B3%EF%BC%94,東芝EMI,TOCT-25077～8,---
サイボーグ００９,1968/04/05,1968/09/27,永久保存盤 朝日ソノラマ大全集(5枚組),"OP/サイボーグ009
ED/戦いおわって",https://www.amazon.co.jp/s?k=TOCT-25077%EF%BD%9E8%20%E6%B0%B8%E4%B9%85%E4%BF%9D%E5%AD%98%E7%9B%A4%20%E6%9C%9D%E6%97%A5%E3%82%BD%E3%83%8E%E3%83%A9%E3%83%9E%E5%A4%A7%E5%85%A8%E9%9B%86%285%E6%9E%9A%E7%B5%84%29,日本コロムビア,TOCT-25077～8,---
サイボーグ００９,1968/04/05,1968/09/27,石ノ森章太郎 男も泣けるTV主題歌集,"OP/サイボーグ009
ED/戦いおわって",https://www.amazon.co.jp/s?k=TECD-25413%20%E7%9F%B3%E3%83%8E%E6%A3%AE%E7%AB%A0%E5%A4%AA%E9%83%8E%20%E7%94%B7%E3%82%82%E6%B3%A3%E3%81%91%E3%82%8BTV%E4%B8%BB%E9%A1%8C%E6%AD%8C%E9%9B%86,テイチク,TECD-25413,１は劇場版からの流用の為、TV版とはイントロ前のカウントアップの声優陣が大部異なる。 「アニメ主題歌メモリアル」(GES-30526～35)に収録されている１は歌唱者は同じだが、カウントアップ、アレンジなどが 大きく異なるので注意。
あかねちゃん,1968/04/06,1968/09/29,初盤,"OP/あかねちゃん
ED/ヒデバロ・ソング",https://www.amazon.co.jp/s?k=M-123%20%E5%88%9D%E7%9B%A4,朝日ソノラマ,M-123,---
あかねちゃん,1968/04/06,1968/09/29,テレビまんが主題歌のあゆみ(2枚組),OP/あかねちゃん,https://www.amazon.co.jp/s?k=COCX-33498%EF%BD%9E9%20%E3%83%86%E3%83%AC%E3%83%93%E3%81%BE%E3%82%93%E3%81%8C%E4%B8%BB%E9%A1%8C%E6%AD%8C%E3%81%AE%E3%81%82%E3%82%86%E3%81%BF%282%E6%9E%9A%E7%B5%84%29,日本コロムビア,COCX-33498～9,---
あかねちゃん,1968/04/06,1968/09/29,テレビアニメ スーパーヒストリーvol.3,"OP/あかねちゃん
ED/ヒデバロ・ソング",https://www.amazon.co.jp/s?k=COCC-70051%20%E3%83%86%E3%83%AC%E3%83%93%E3%82%A2%E3%83%8B%E3%83%A1%20%E3%82%B9%E3%83%BC%E3%83%91%E3%83%BC%E3%83%92%E3%82%B9%E3%83%88%E3%83%AA%E3%83%BCvol.3,日本コロムビア,COCC-70051,---
あかねちゃん,1968/04/06,1968/09/29,アニメ主題歌メモリアル(10枚組･通信販売）,"OP/あかねちゃん
ED/ヒデバロ・ソング",https://www.amazon.co.jp/s?k=GES-30526%EF%BD%9E35%20%E3%82%A2%E3%83%8B%E3%83%A1%E4%B8%BB%E9%A1%8C%E6%AD%8C%E3%83%A1%E3%83%A2%E3%83%AA%E3%82%A2%E3%83%AB%2810%E6%9E%9A%E7%B5%84%EF%BD%A5%E9%80%9A%E4%BF%A1%E8%B2%A9%E5%A3%B2%EF%BC%89,コロムビアファミリークラブ,GES-30526～35,---
あかねちゃん,1968/04/06,1968/09/29,テレビまんが懐かしのB面コレクション(2枚組),ED/ヒデバロ・ソング,https://www.amazon.co.jp/s?k=COCX-33556%EF%BD%9E7%20%E3%83%86%E3%83%AC%E3%83%93%E3%81%BE%E3%82%93%E3%81%8C%E6%87%90%E3%81%8B%E3%81%97%E3%81%AEB%E9%9D%A2%E3%82%B3%E3%83%AC%E3%82%AF%E3%82%B7%E3%83%A7%E3%83%B3%282%E6%9E%9A%E7%B5%84%29,日本コロムビア,COCX-33556～7,---
あかねちゃん,1968/04/06,1968/09/29,オリジナル版懐かしのアニメソング大全[2]1967～1968,"OP/あかねちゃん
ED/ヒデバロ・ソング",https://www.amazon.co.jp/s?k=TOCT-8514%20%E3%82%AA%E3%83%AA%E3%82%B8%E3%83%8A%E3%83%AB%E7%89%88%E6%87%90%E3%81%8B%E3%81%97%E3%81%AE%E3%82%A2%E3%83%8B%E3%83%A1%E3%82%BD%E3%83%B3%E3%82%B0%E5%A4%A7%E5%85%A8%5B2%5D1967%EF%BD%9E1968,東芝EMI,TOCT-8514,---
あかねちゃん,1968/04/06,1968/09/29,21世紀に遺したい アニメソング大全ミレニアムボックス（6枚組）,"OP/あかねちゃん
ED/ヒデバロ・ソング",https://www.amazon.co.jp/s?k=TOCT-24381%EF%BD%9E6%2021%E4%B8%96%E7%B4%80%E3%81%AB%E9%81%BA%E3%81%97%E3%81%9F%E3%81%84%20%E3%82%A2%E3%83%8B%E3%83%A1%E3%82%BD%E3%83%B3%E3%82%B0%E5%A4%A7%E5%85%A8%E3%83%9F%E3%83%AC%E3%83%8B%E3%82%A2%E3%83%A0%E3%83%9C%E3%83%83%E3%82%AF%E3%82%B9%EF%BC%886%E6%9E%9A%E7%B5%84%EF%BC%89,東芝EMI,TOCT-24381～6,---
ファイトだ!!ピュー太,1968/04/06,1968/09/28,初盤,"OP/ファイトだ!!ピュー太
ED/ファイトだ!!ピュー太 (インスト)",https://www.amazon.co.jp/s?k=M-119%20%E5%88%9D%E7%9B%A4,朝日ソノラマ,M-119,---
ファイトだ!!ピュー太,1968/04/06,1968/09/28,テレビまんが主題歌のあゆみ(2枚組),OP/ファイトだ!!ピュー太,https://www.amazon.co.jp/s?k=COCX-33498%EF%BD%9E9%20%E3%83%86%E3%83%AC%E3%83%93%E3%81%BE%E3%82%93%E3%81%8C%E4%B8%BB%E9%A1%8C%E6%AD%8C%E3%81%AE%E3%81%82%E3%82%86%E3%81%BF%282%E6%9E%9A%E7%B5%84%29,日本コロムビア,COCX-33498～9,---
ファイトだ!!ピュー太,1968/04/06,1968/09/28,テレビアニメ スーパーヒストリーvol.3,"OP/ファイトだ!!ピュー太
ピュー太ぐるぐるソング だれが主役だ?",https://www.amazon.co.jp/s?k=COCC-70051%20%E3%83%86%E3%83%AC%E3%83%93%E3%82%A2%E3%83%8B%E3%83%A1%20%E3%82%B9%E3%83%BC%E3%83%91%E3%83%BC%E3%83%92%E3%82%B9%E3%83%88%E3%83%AA%E3%83%BCvol.3,日本コロムビア,COCC-70051,---
ファイトだ!!ピュー太,1968/04/06,1968/09/28,アニメ主題歌メモリアル(10枚組･通信販売）,"OP/ファイトだ!!ピュー太
ピュー太ぐるぐるソング だれが主役だ?",https://www.amazon.co.jp/s?k=GES-30526%EF%BD%9E35%20%E3%82%A2%E3%83%8B%E3%83%A1%E4%B8%BB%E9%A1%8C%E6%AD%8C%E3%83%A1%E3%83%A2%E3%83%AA%E3%82%A2%E3%83%AB%2810%E6%9E%9A%E7%B5%84%EF%BD%A5%E9%80%9A%E4%BF%A1%E8%B2%A9%E5%A3%B2%EF%BC%89,コロムビアファミリークラブ,GES-30526～35,---
ファイトだ!!ピュー太,1968/04/06,1968/09/28,テレビまんが懐かしのB面コレクション(2枚組),ピュー太ぐるぐるソング だれが主役だ?,https://www.amazon.co.jp/s?k=COCX-33556%EF%BD%9E7%20%E3%83%86%E3%83%AC%E3%83%93%E3%81%BE%E3%82%93%E3%81%8C%E6%87%90%E3%81%8B%E3%81%97%E3%81%AEB%E9%9D%A2%E3%82%B3%E3%83%AC%E3%82%AF%E3%82%B7%E3%83%A7%E3%83%B3%282%E6%9E%9A%E7%B5%84%29,日本コロムビア,COCX-33556～7,---
ファイトだ!!ピュー太,1968/04/06,1968/09/28,オリジナル版懐かしのアニメソング大全[2]1967～1968,OP/ファイトだ!!ピュー太,https://www.amazon.co.jp/s?k=TOCT-8514%20%E3%82%AA%E3%83%AA%E3%82%B8%E3%83%8A%E3%83%AB%E7%89%88%E6%87%90%E3%81%8B%E3%81%97%E3%81%AE%E3%82%A2%E3%83%8B%E3%83%A1%E3%82%BD%E3%83%B3%E3%82%B0%E5%A4%A7%E5%85%A8%5B2%5D1967%EF%BD%9E1968,東芝EMI,TOCT-8514,---
ファイトだ!!ピュー太,1968/04/06,1968/09/28,オリジナル版懐かしのアニメソング大全挿入歌編vol.１,ピュー太ぐるぐるソング だれが主役だ?,https://www.amazon.co.jp/s?k=TOCT-9258%20%E3%82%AA%E3%83%AA%E3%82%B8%E3%83%8A%E3%83%AB%E7%89%88%E6%87%90%E3%81%8B%E3%81%97%E3%81%AE%E3%82%A2%E3%83%8B%E3%83%A1%E3%82%BD%E3%83%B3%E3%82%B0%E5%A4%A7%E5%85%A8%E6%8C%BF%E5%85%A5%E6%AD%8C%E7%B7%A8vol.%EF%BC%91,東芝EMI,TOCT-9258,---
ファイトだ!!ピュー太,1968/04/06,1968/09/28,21世紀に遺したい アニメソング大全ミレニアムボックス（6枚組）,OP/ファイトだ!!ピュー太,https://www.amazon.co.jp/s?k=TOCT-24381%EF%BD%9E6%2021%E4%B8%96%E7%B4%80%E3%81%AB%E9%81%BA%E3%81%97%E3%81%9F%E3%81%84%20%E3%82%A2%E3%83%8B%E3%83%A1%E3%82%BD%E3%83%B3%E3%82%B0%E5%A4%A7%E5%85%A8%E3%83%9F%E3%83%AC%E3%83%8B%E3%82%A2%E3%83%A0%E3%83%9C%E3%83%83%E3%82%AF%E3%82%B9%EF%BC%886%E6%9E%9A%E7%B5%84%EF%BC%89,東芝EMI,TOCT-24381～6,---
怪物くん,1968/04/21,1969/03/23,初盤,"OP・ED/おれは怪物くんだ
「そろた怪物三人組」",https://www.amazon.co.jp/s?k=M-122%20%E5%88%9D%E7%9B%A4,朝日ソノラマ,M-122,---
怪物くん,1968/04/21,1969/03/23,初盤,"OP・ED/おれは怪物くんだ
「そろた怪物三人組」",https://www.amazon.co.jp/s?k=MB-317%20%E5%88%9D%E7%9B%A4,ビクター,MB-317,---
怪物くん,1968/04/21,1969/03/23,初盤,"OP・ED/おれは怪物くんだ
ED/怪物くん音頭",https://www.amazon.co.jp/s?k=P-11%20%E5%88%9D%E7%9B%A4,朝日ソノラマ,P-11,---
怪物くん,1968/04/21,1969/03/23,初盤,"ED/怪物くん音頭
「怪物くんの子守歌」",https://www.amazon.co.jp/s?k=SCS-63%20%E5%88%9D%E7%9B%A4,日本コロムビア,SCS-63,---
怪物くん,1968/04/21,1969/03/23,アニメ主題歌大全集(10枚組･通信販売のみ),OP・ED/おれは怪物くんだ,https://www.amazon.co.jp/s?k=GES-31000%EF%BD%9E9%20%E3%82%A2%E3%83%8B%E3%83%A1%E4%B8%BB%E9%A1%8C%E6%AD%8C%E5%A4%A7%E5%85%A8%E9%9B%86%2810%E6%9E%9A%E7%B5%84%EF%BD%A5%E9%80%9A%E4%BF%A1%E8%B2%A9%E5%A3%B2%E3%81%AE%E3%81%BF%29,コロムビアファミリークラブ,GES-31000～9,---
怪物くん,1968/04/21,1969/03/23,テレビまんが主題歌のあゆみ(2枚組),OP・ED/おれは怪物くんだ,https://www.amazon.co.jp/s?k=COCX-33498%EF%BD%9E9%20%E3%83%86%E3%83%AC%E3%83%93%E3%81%BE%E3%82%93%E3%81%8C%E4%B8%BB%E9%A1%8C%E6%AD%8C%E3%81%AE%E3%81%82%E3%82%86%E3%81%BF%282%E6%9E%9A%E7%B5%84%29,日本コロムビア,COCX-33498～9,---
怪物くん,1968/04/21,1969/03/23,テレビアニメ スーパーヒストリーvol.3,OP・ED/おれは怪物くんだ,https://www.amazon.co.jp/s?k=COCC-70051%20%E3%83%86%E3%83%AC%E3%83%93%E3%82%A2%E3%83%8B%E3%83%A1%20%E3%82%B9%E3%83%BC%E3%83%91%E3%83%BC%E3%83%92%E3%82%B9%E3%83%88%E3%83%AA%E3%83%BCvol.3,日本コロムビア,COCC-70051,---
怪物くん,1968/04/21,1969/03/23,オリジナル版懐かしのアニメソング大全[2]1967～1968,OP・ED/おれは怪物くんだ,https://www.amazon.co.jp/s?k=TOCT-8514%20%E3%82%AA%E3%83%AA%E3%82%B8%E3%83%8A%E3%83%AB%E7%89%88%E6%87%90%E3%81%8B%E3%81%97%E3%81%AE%E3%82%A2%E3%83%8B%E3%83%A1%E3%82%BD%E3%83%B3%E3%82%B0%E5%A4%A7%E5%85%A8%5B2%5D1967%EF%BD%9E1968,東芝EMI,TOCT-8514,---
怪物くん,1968/04/21,1969/03/23,オリジナル版懐かしのアニメソング大全挿入歌編vol.2,ED/怪物くん音頭,https://www.amazon.co.jp/s?k=TOCT-9259%20%E3%82%AA%E3%83%AA%E3%82%B8%E3%83%8A%E3%83%AB%E7%89%88%E6%87%90%E3%81%8B%E3%81%97%E3%81%AE%E3%82%A2%E3%83%8B%E3%83%A1%E3%82%BD%E3%83%B3%E3%82%B0%E5%A4%A7%E5%85%A8%E6%8C%BF%E5%85%A5%E6%AD%8C%E7%B7%A8vol.2,東芝EMI,TOCT-9259,---
怪物くん,1968/04/21,1969/03/23,懐かしのミュージッククリップ40 「怪物くん」,"OP・ED/おれは怪物くんだ
ED/怪物くん音頭",https://www.amazon.co.jp/s?k=TOCT-10400%20%E6%87%90%E3%81%8B%E3%81%97%E3%81%AE%E3%83%9F%E3%83%A5%E3%83%BC%E3%82%B8%E3%83%83%E3%82%AF%E3%82%AF%E3%83%AA%E3%83%83%E3%83%9740%20%E3%80%8C%E6%80%AA%E7%89%A9%E3%81%8F%E3%82%93%E3%80%8D,東芝EMI,TOCT-10400,---
怪物くん,1968/04/21,1969/03/23,21世紀に遺したい アニメソング大全ミレニアムボックス（6枚組）,"OP・ED/おれは怪物くんだ
ED/怪物くん音頭",https://www.amazon.co.jp/s?k=TOCT-24381%EF%BD%9E6%2021%E4%B8%96%E7%B4%80%E3%81%AB%E9%81%BA%E3%81%97%E3%81%9F%E3%81%84%20%E3%82%A2%E3%83%8B%E3%83%A1%E3%82%BD%E3%83%B3%E3%82%B0%E5%A4%A7%E5%85%A8%E3%83%9F%E3%83%AC%E3%83%8B%E3%82%A2%E3%83%A0%E3%83%9C%E3%83%83%E3%82%AF%E3%82%B9%EF%BC%886%E6%9E%9A%E7%B5%84%EF%BC%89,東芝EMI,TOCT-24381～6,---
サスケ,1968/09/03,1969/03/25,初盤,"ED/サスケ
かあさんのうた（サスケのわらべうた）",https://www.amazon.co.jp/s?k=BS%28H%29-2005%20%E5%88%9D%E7%9B%A4,キングレコード,BS(H)-2005,---
サスケ,1968/09/03,1969/03/25,懐しのテレビ･ラジオ主題歌全曲集Ⅳ,ED/サスケ,https://www.amazon.co.jp/s?k=KICS-366%20%E6%87%90%E3%81%97%E3%81%AE%E3%83%86%E3%83%AC%E3%83%93%EF%BD%A5%E3%83%A9%E3%82%B8%E3%82%AA%E4%B8%BB%E9%A1%8C%E6%AD%8C%E5%85%A8%E6%9B%B2%E9%9B%86%E2%85%A3,キングレコード,KICS-366,TV音源に近い。
サスケ,1968/09/03,1969/03/25,朝日ソノラマ・テレビ漫画全集Vol.2,"(1)２
かあさんのうた（サスケのわらべうた）",https://www.amazon.co.jp/s?k=56CC-2654%EF%BD%9E5%20%E6%9C%9D%E6%97%A5%E3%82%BD%E3%83%8E%E3%83%A9%E3%83%9E%E3%83%BB%E3%83%86%E3%83%AC%E3%83%93%E6%BC%AB%E7%94%BB%E5%85%A8%E9%9B%86Vol.2,日本コロムビア,56CC-2654～5,---
サスケ,1968/09/03,1969/03/25,アニメ主題歌大全集(10枚組･通信販売のみ),"(1)２
かあさんのうた（サスケのわらべうた）",https://www.amazon.co.jp/s?k=GES-31000%EF%BD%9E9%20%E3%82%A2%E3%83%8B%E3%83%A1%E4%B8%BB%E9%A1%8C%E6%AD%8C%E5%A4%A7%E5%85%A8%E9%9B%86%2810%E6%9E%9A%E7%B5%84%EF%BD%A5%E9%80%9A%E4%BF%A1%E8%B2%A9%E5%A3%B2%E3%81%AE%E3%81%BF%29,コロムビアファミリークラブ,GES-31000～9,２は曲冒頭に１が挿入されているが、TVとは別の新録音
サスケ,1968/09/03,1969/03/25,アニメ主題歌メモリアル(10枚組･通信販売）,"(1)２
かあさんのうた（サスケのわらべうた）",https://www.amazon.co.jp/s?k=GES-30526%EF%BD%9E35%20%E3%82%A2%E3%83%8B%E3%83%A1%E4%B8%BB%E9%A1%8C%E6%AD%8C%E3%83%A1%E3%83%A2%E3%83%AA%E3%82%A2%E3%83%AB%2810%E6%9E%9A%E7%B5%84%EF%BD%A5%E9%80%9A%E4%BF%A1%E8%B2%A9%E5%A3%B2%EF%BC%89,コロムビアファミリークラブ,GES-30526～35,（語りは勝田久でTVと同じ)。
サスケ,1968/09/03,1969/03/25,テレビまんが主題歌のあゆみ(2枚組),(1)２,https://www.amazon.co.jp/s?k=COCX-33498%EF%BD%9E9%20%E3%83%86%E3%83%AC%E3%83%93%E3%81%BE%E3%82%93%E3%81%8C%E4%B8%BB%E9%A1%8C%E6%AD%8C%E3%81%AE%E3%81%82%E3%82%86%E3%81%BF%282%E6%9E%9A%E7%B5%84%29,日本コロムビア,COCX-33498～9,---
サスケ,1968/09/03,1969/03/25,テレビアニメ スーパーヒストリーvol.3,(1)２,https://www.amazon.co.jp/s?k=COCC-70051%20%E3%83%86%E3%83%AC%E3%83%93%E3%82%A2%E3%83%8B%E3%83%A1%20%E3%82%B9%E3%83%BC%E3%83%91%E3%83%BC%E3%83%92%E3%82%B9%E3%83%88%E3%83%AA%E3%83%BCvol.3,日本コロムビア,COCC-70051,---
サスケ,1968/09/03,1969/03/25,オリジナル版懐かしのアニメソング大全[3] 1968～1970,ED/サスケ,https://www.amazon.co.jp/s?k=TOCT-8515%20%E3%82%AA%E3%83%AA%E3%82%B8%E3%83%8A%E3%83%AB%E7%89%88%E6%87%90%E3%81%8B%E3%81%97%E3%81%AE%E3%82%A2%E3%83%8B%E3%83%A1%E3%82%BD%E3%83%B3%E3%82%B0%E5%A4%A7%E5%85%A8%5B3%5D%201968%EF%BD%9E1970,東芝EMI,TOCT-8515,---
サスケ,1968/09/03,1969/03/25,オリジナル版懐かしのアニメソング大全挿入歌編vol.２,かあさんのうた（サスケのわらべうた）,https://www.amazon.co.jp/s?k=TOCT-9259%20%E3%82%AA%E3%83%AA%E3%82%B8%E3%83%8A%E3%83%AB%E7%89%88%E6%87%90%E3%81%8B%E3%81%97%E3%81%AE%E3%82%A2%E3%83%8B%E3%83%A1%E3%82%BD%E3%83%B3%E3%82%B0%E5%A4%A7%E5%85%A8%E6%8C%BF%E5%85%A5%E6%AD%8C%E7%B7%A8vol.%EF%BC%92,東芝EMI,TOCT-9259,---
サスケ,1968/09/03,1969/03/25,テレビまんが懐かしのB面コレクション(2枚組),かあさんのうた（サスケのわらべうた）,https://www.amazon.co.jp/s?k=COCX-33556%EF%BD%9E7%20%E3%83%86%E3%83%AC%E3%83%93%E3%81%BE%E3%82%93%E3%81%8C%E6%87%90%E3%81%8B%E3%81%97%E3%81%AEB%E9%9D%A2%E3%82%B3%E3%83%AC%E3%82%AF%E3%82%B7%E3%83%A7%E3%83%B3%282%E6%9E%9A%E7%B5%84%29,日本コロムビア,COCX-33556～7,---
サスケ,1968/09/03,1969/03/25,懐かしのミュージッククリップ13 「サスケ」,"OP・ED/サスケのテーマ
ED/サスケ
かあさんのうた（サスケのわらべうた）",https://www.amazon.co.jp/s?k=TOCT-9813%20%E6%87%90%E3%81%8B%E3%81%97%E3%81%AE%E3%83%9F%E3%83%A5%E3%83%BC%E3%82%B8%E3%83%83%E3%82%AF%E3%82%AF%E3%83%AA%E3%83%83%E3%83%9713%20%E3%80%8C%E3%82%B5%E3%82%B9%E3%82%B1%E3%80%8D,東芝EMI,TOCT-9813,---
サスケ,1968/09/03,1969/03/25,21世紀に遺したい アニメソング大全ミレニアムボックス（6枚組）,ED/サスケ,https://www.amazon.co.jp/s?k=TOCT-24381%EF%BD%9E6%2021%E4%B8%96%E7%B4%80%E3%81%AB%E9%81%BA%E3%81%97%E3%81%9F%E3%81%84%20%E3%82%A2%E3%83%8B%E3%83%A1%E3%82%BD%E3%83%B3%E3%82%B0%E5%A4%A7%E5%85%A8%E3%83%9F%E3%83%AC%E3%83%8B%E3%82%A2%E3%83%A0%E3%83%9C%E3%83%83%E3%82%AF%E3%82%B9%EF%BC%886%E6%9E%9A%E7%B5%84%EF%BC%89,東芝EMI,TOCT-24381～6,---
サスケ,1968/09/03,1969/03/25,エイケン アンソロジー 1963～1972,OP・ED/サスケのテーマ,https://www.amazon.co.jp/s?k=MECB-2010%20%E3%82%A8%E3%82%A4%E3%82%B1%E3%83%B3%20%E3%82%A2%E3%83%B3%E3%82%BD%E3%83%AD%E3%82%B8%E3%83%BC%201963%EF%BD%9E1972,トライエム,MECB-2010,キング､朝日ソノラマVerがTV音源に近い。
夕やけ番長,1968/09/30,1969/03/29,初盤,OP/夕焼け番長,https://www.amazon.co.jp/s?k=TC-1126%20%E5%88%9D%E7%9B%A4,東芝,TC-1126,1､2番の後にショートドラマが入り､3番が続けて収録されている。
夕やけ番長,1968/09/30,1969/03/29,21世紀に遺したい アニメソング大全ミレニアムボックス（6枚組）,OP/夕焼け番長,https://www.amazon.co.jp/s?k=TOCT-24381%EF%BD%9E6%2021%E4%B8%96%E7%B4%80%E3%81%AB%E9%81%BA%E3%81%97%E3%81%9F%E3%81%84%20%E3%82%A2%E3%83%8B%E3%83%A1%E3%82%BD%E3%83%B3%E3%82%B0%E5%A4%A7%E5%85%A8%E3%83%9F%E3%83%AC%E3%83%8B%E3%82%A2%E3%83%A0%E3%83%9C%E3%83%83%E3%82%AF%E3%82%B9%EF%BC%886%E6%9E%9A%E7%B5%84%EF%BC%89,東芝EMI,TOCT-24381～6,フルコーラスVer。
夕やけ番長,1968/09/30,1969/03/29,アニメ主題歌大全集(10枚組･通信販売のみ),OP/夕焼け番長,https://www.amazon.co.jp/s?k=GES-31000%EF%BD%9E9%20%E3%82%A2%E3%83%8B%E3%83%A1%E4%B8%BB%E9%A1%8C%E6%AD%8C%E5%A4%A7%E5%85%A8%E9%9B%86%2810%E6%9E%9A%E7%B5%84%EF%BD%A5%E9%80%9A%E4%BF%A1%E8%B2%A9%E5%A3%B2%E3%81%AE%E3%81%BF%29,コロムビアファミリークラブ,GES-31000～9,2コーラスVer。
夕やけ番長,1968/09/30,1969/03/29,オリジナル版懐かしのアニメソング大全[3] 1968～1970,OP/夕焼け番長,https://www.amazon.co.jp/s?k=TOCT-8515%20%E3%82%AA%E3%83%AA%E3%82%B8%E3%83%8A%E3%83%AB%E7%89%88%E6%87%90%E3%81%8B%E3%81%97%E3%81%AE%E3%82%A2%E3%83%8B%E3%83%A1%E3%82%BD%E3%83%B3%E3%82%B0%E5%A4%A7%E5%85%A8%5B3%5D%201968%EF%BD%9E1970,東芝EMI,TOCT-8515,---
ドカチン,1968/10/02,1969/03/26,初盤,"OP/ドカチン・ダンス
ED/オモッチョロイ・ドカチン!",https://www.amazon.co.jp/s?k=P-17%20%E5%88%9D%E7%9B%A4,朝日ソノラマ,P-17,---
ドカチン,1968/10/02,1969/03/26,アニメ主題歌大全集(10枚組･通信販売のみ),"OP/ドカチン・ダンス
ED/オモッチョロイ・ドカチン!",https://www.amazon.co.jp/s?k=GES-31000%EF%BD%9E9%20%E3%82%A2%E3%83%8B%E3%83%A1%E4%B8%BB%E9%A1%8C%E6%AD%8C%E5%A4%A7%E5%85%A8%E9%9B%86%2810%E6%9E%9A%E7%B5%84%EF%BD%A5%E9%80%9A%E4%BF%A1%E8%B2%A9%E5%A3%B2%E3%81%AE%E3%81%BF%29,コロムビアファミリークラブ,GES-31000～9,---
ドカチン,1968/10/02,1969/03/26,21世紀に遺したい アニメソング大全ミレニアムボックス（6枚組）,"OP/ドカチン・ダンス
ED/オモッチョロイ・ドカチン!",https://www.amazon.co.jp/s?k=TOCT-24381%EF%BD%9E6%2021%E4%B8%96%E7%B4%80%E3%81%AB%E9%81%BA%E3%81%97%E3%81%9F%E3%81%84%20%E3%82%A2%E3%83%8B%E3%83%A1%E3%82%BD%E3%83%B3%E3%82%B0%E5%A4%A7%E5%85%A8%E3%83%9F%E3%83%AC%E3%83%8B%E3%82%A2%E3%83%A0%E3%83%9C%E3%83%83%E3%82%AF%E3%82%B9%EF%BC%886%E6%9E%9A%E7%B5%84%EF%BC%89,東芝EMI,TOCT-24381～6,---
ドカチン,1968/10/02,1969/03/26,朝日ソノラマ主題歌コレクション４,"OP/ドカチン・ダンス
ED/オモッチョロイ・ドカチン!",https://www.amazon.co.jp/s?k=TOCT-25077%EF%BD%9E8%20%E6%9C%9D%E6%97%A5%E3%82%BD%E3%83%8E%E3%83%A9%E3%83%9E%E4%B8%BB%E9%A1%8C%E6%AD%8C%E3%82%B3%E3%83%AC%E3%82%AF%E3%82%B7%E3%83%A7%E3%83%B3%EF%BC%94,東芝EMI,TOCT-25077～8,---
ドカチン,1968/10/02,1969/03/26,永久保存盤 朝日ソノラマ大全集(5枚組),"OP/ドカチン・ダンス
ED/オモッチョロイ・ドカチン!",https://www.amazon.co.jp/s?k=TOCT-25077%EF%BD%9E8%20%E6%B0%B8%E4%B9%85%E4%BF%9D%E5%AD%98%E7%9B%A4%20%E6%9C%9D%E6%97%A5%E3%82%BD%E3%83%8E%E3%83%A9%E3%83%9E%E5%A4%A7%E5%85%A8%E9%9B%86%285%E6%9E%9A%E7%B5%84%29,日本コロムビア,TOCT-25077～8,---
バンパイヤ,1968/10/03,1969/03/29,初盤,"OP・ED/バンパイヤ[バンパイヤのテーマ]
ED/トッペイのバラード",https://www.amazon.co.jp/s?k=P-18%20%E5%88%9D%E7%9B%A4,朝日ソノラマ,P-18,---
バンパイヤ,1968/10/03,1969/03/29,初盤,"OP・ED/バンパイヤ[バンパイヤのテーマ]
ED/チッペイ音頭
ED/ロックのバラード",https://www.amazon.co.jp/s?k=KT-26%20%E5%88%9D%E7%9B%A4,テイチク,KT-26,---
バンパイヤ,1968/10/03,1969/03/29,オリジナル版懐かしの特撮ヒーロー大全[2]1967～1968,"OP・ED/バンパイヤ[バンパイヤのテーマ]
ED/チッペイ音頭
ED/ロックのバラード",https://www.amazon.co.jp/s?k=TOCT-8792%20%E3%82%AA%E3%83%AA%E3%82%B8%E3%83%8A%E3%83%AB%E7%89%88%E6%87%90%E3%81%8B%E3%81%97%E3%81%AE%E7%89%B9%E6%92%AE%E3%83%92%E3%83%BC%E3%83%AD%E3%83%BC%E5%A4%A7%E5%85%A8%5B2%5D1967%EF%BD%9E1968,東芝EMI,TOCT-8792,---
バンパイヤ,1968/10/03,1969/03/29,アニメ主題歌大全集(10枚組･通信販売のみ),"OP・ED/バンパイヤ[バンパイヤのテーマ]
ED/ロックのバラード
ED/トッペイのバラード",https://www.amazon.co.jp/s?k=GES-31000%EF%BD%9E9%20%E3%82%A2%E3%83%8B%E3%83%A1%E4%B8%BB%E9%A1%8C%E6%AD%8C%E5%A4%A7%E5%85%A8%E9%9B%86%2810%E6%9E%9A%E7%B5%84%EF%BD%A5%E9%80%9A%E4%BF%A1%E8%B2%A9%E5%A3%B2%E3%81%AE%E3%81%BF%29,コロムビアファミリークラブ,GES-31000～9,---
バンパイヤ,1968/10/03,1969/03/29,朝日ソノラマ主題歌コレクション４,"OP・ED/バンパイヤ[バンパイヤのテーマ]
ED/トッペイのバラード",https://www.amazon.co.jp/s?k=TOCT-25077%EF%BD%9E8%20%E6%9C%9D%E6%97%A5%E3%82%BD%E3%83%8E%E3%83%A9%E3%83%9E%E4%B8%BB%E9%A1%8C%E6%AD%8C%E3%82%B3%E3%83%AC%E3%82%AF%E3%82%B7%E3%83%A7%E3%83%B3%EF%BC%94,東芝EMI,TOCT-25077～8,---
バンパイヤ,1968/10/03,1969/03/29,永久保存盤 朝日ソノラマ大全集(5枚組),"OP・ED/バンパイヤ[バンパイヤのテーマ]
ED/トッペイのバラード",https://www.amazon.co.jp/s?k=TOCT-25077%EF%BD%9E8%20%E6%B0%B8%E4%B9%85%E4%BF%9D%E5%AD%98%E7%9B%A4%20%E6%9C%9D%E6%97%A5%E3%82%BD%E3%83%8E%E3%83%A9%E3%83%9E%E5%A4%A7%E5%85%A8%E9%9B%86%285%E6%9E%9A%E7%B5%84%29,日本コロムビア,TOCT-25077～8,---
バンパイヤ,1968/10/03,1969/03/29,復刻 手塚治虫作品傑作集/鉄腕アトム,"OP・ED/バンパイヤ[バンパイヤのテーマ]
ED/チッペイ音頭",https://www.amazon.co.jp/s?k=TECD-25414%20%E5%BE%A9%E5%88%BB%20%E6%89%8B%E5%A1%9A%E6%B2%BB%E8%99%AB%E4%BD%9C%E5%93%81%E5%82%91%E4%BD%9C%E9%9B%86/%E9%89%84%E8%85%95%E3%82%A2%E3%83%88%E3%83%A0,テイチク,TECD-25414,１を「バンパイヤー」２を「チッペイの歌」で表記。
佐武と市捕物控,1968/10/03,1969/09/24,初盤,"OP/佐武と市捕物控メインテーマ (歌/伊集加代子､他)
ED/佐武と市捕物控 (歌/坂梨 昇､GEMシンガーズ)",https://www.amazon.co.jp/s?k=A-23%20%E5%88%9D%E7%9B%A4,テイチク,A-23,---
佐武と市捕物控,1968/10/03,1969/09/24,オリジナル版懐かしのアニメソング大全[3] 1968～1970,OP・ED/佐武と市捕物控メインテーマ (歌/GEMシンガーズ),https://www.amazon.co.jp/s?k=TOCT-8515%20%E3%82%AA%E3%83%AA%E3%82%B8%E3%83%8A%E3%83%AB%E7%89%88%E6%87%90%E3%81%8B%E3%81%97%E3%81%AE%E3%82%A2%E3%83%8B%E3%83%A1%E3%82%BD%E3%83%B3%E3%82%B0%E5%A4%A7%E5%85%A8%5B3%5D%201968%EF%BD%9E1970,東芝EMI,TOCT-8515,TV音源。
佐武と市捕物控,1968/10/03,1969/09/24,石ノ森章太郎アニメワールド,OP・ED/佐武と市捕物控メインテーマ (歌/GEMシンガーズ),https://www.amazon.co.jp/s?k=MECB-2025%20%E7%9F%B3%E3%83%8E%E6%A3%AE%E7%AB%A0%E5%A4%AA%E9%83%8E%E3%82%A2%E3%83%8B%E3%83%A1%E3%83%AF%E3%83%BC%E3%83%AB%E3%83%89,トライエム,MECB-2025,---
佐武と市捕物控,1968/10/03,1969/09/24,21世紀に遺したい アニメソング大全ミレニアムボックス（6枚組）,OP・ED/佐武と市捕物控メインテーマ (歌/GEMシンガーズ),https://www.amazon.co.jp/s?k=TOCT-24381%EF%BD%9E6%2021%E4%B8%96%E7%B4%80%E3%81%AB%E9%81%BA%E3%81%97%E3%81%9F%E3%81%84%20%E3%82%A2%E3%83%8B%E3%83%A1%E3%82%BD%E3%83%B3%E3%82%B0%E5%A4%A7%E5%85%A8%E3%83%9F%E3%83%AC%E3%83%8B%E3%82%A2%E3%83%A0%E3%83%9C%E3%83%83%E3%82%AF%E3%82%B9%EF%BC%886%E6%9E%9A%E7%B5%84%EF%BC%89,東芝EMI,TOCT-24381～6,---
佐武と市捕物控,1968/10/03,1969/09/24,朝日ソノラマ主題歌コレクション４,ED/佐武と市捕物控 (歌/坂梨 昇､GEMシンガーズ),https://www.amazon.co.jp/s?k=TOCT-25077%EF%BD%9E8%20%E6%9C%9D%E6%97%A5%E3%82%BD%E3%83%8E%E3%83%A9%E3%83%9E%E4%B8%BB%E9%A1%8C%E6%AD%8C%E3%82%B3%E3%83%AC%E3%82%AF%E3%82%B7%E3%83%A7%E3%83%B3%EF%BC%94,東芝EMI,TOCT-25077～8,---
佐武と市捕物控,1968/10/03,1969/09/24,永久保存盤 朝日ソノラマ大全集(5枚組),ED/佐武と市捕物控 (歌/坂梨 昇､GEMシンガーズ),https://www.amazon.co.jp/s?k=TOCT-25077%EF%BD%9E8%20%E6%B0%B8%E4%B9%85%E4%BF%9D%E5%AD%98%E7%9B%A4%20%E6%9C%9D%E6%97%A5%E3%82%BD%E3%83%8E%E3%83%A9%E3%83%9E%E5%A4%A7%E5%85%A8%E9%9B%86%285%E6%9E%9A%E7%B5%84%29,日本コロムビア,TOCT-25077～8,---
佐武と市捕物控,1968/10/03,1969/09/24,石ノ森章太郎 男も泣けるTV主題歌集,"OP/佐武と市捕物控メインテーマ (歌/伊集加代子､他)
ED/佐武と市捕物控 (歌/坂梨 昇､GEMシンガーズ)",https://www.amazon.co.jp/s?k=TECD-25413%20%E7%9F%B3%E3%83%8E%E6%A3%AE%E7%AB%A0%E5%A4%AA%E9%83%8E%20%E7%94%B7%E3%82%82%E6%B3%A3%E3%81%91%E3%82%8BTV%E4%B8%BB%E9%A1%8C%E6%AD%8C%E9%9B%86,テイチク,TECD-25413,２はTVでは3番の「スキャット＋口笛」を使用。
妖怪人間ベム,1968/10/07,1969/03/31,初盤,"OP/妖怪人間ベム
ED/ベロは友だち",https://www.amazon.co.jp/s?k=P-14%20%E5%88%9D%E7%9B%A4,朝日ソノラマ,P-14,1は基本的にコロムビアVerと同音源モノラルテイクだが、「早く人間になりたい!｣という台詞が入っていない。 ソノラマVer
妖怪人間ベム,1968/10/07,1969/03/31,---,"OP/妖怪人間ベム
ED/ベロは友だち",https://www.amazon.co.jp/s?k=C-1001,日本コロムビア,C-1001,1はTV版と歌い方や台詞の言い方が微妙に異なる。→コロムビアVer(3コーラス)
妖怪人間ベム,1968/10/07,1969/03/31,アニメ主題歌大全集(10枚組･通信販売のみ),"OP/妖怪人間ベム
ED/ベロは友だち",https://www.amazon.co.jp/s?k=GES-31000%EF%BD%9E9%20%E3%82%A2%E3%83%8B%E3%83%A1%E4%B8%BB%E9%A1%8C%E6%AD%8C%E5%A4%A7%E5%85%A8%E9%9B%86%2810%E6%9E%9A%E7%B5%84%EF%BD%A5%E9%80%9A%E4%BF%A1%E8%B2%A9%E5%A3%B2%E3%81%AE%E3%81%BF%29,コロムビアファミリークラブ,GES-31000～9,１はソノラマVer。
妖怪人間ベム,1968/10/07,1969/03/31,テレビまんが主題歌のあゆみ(2枚組),OP/妖怪人間ベム,https://www.amazon.co.jp/s?k=COCX-33498%EF%BD%9E9%20%E3%83%86%E3%83%AC%E3%83%93%E3%81%BE%E3%82%93%E3%81%8C%E4%B8%BB%E9%A1%8C%E6%AD%8C%E3%81%AE%E3%81%82%E3%82%86%E3%81%BF%282%E6%9E%9A%E7%B5%84%29,日本コロムビア,COCX-33498～9,１はコロムビアVer。
妖怪人間ベム,1968/10/07,1969/03/31,テレビアニメ スーパーヒストリーvol.3,"OP/妖怪人間ベム
ED/ベロは友だち",https://www.amazon.co.jp/s?k=COCC-70051%20%E3%83%86%E3%83%AC%E3%83%93%E3%82%A2%E3%83%8B%E3%83%A1%20%E3%82%B9%E3%83%BC%E3%83%91%E3%83%BC%E3%83%92%E3%82%B9%E3%83%88%E3%83%AA%E3%83%BCvol.3,日本コロムビア,COCC-70051,---
妖怪人間ベム,1968/10/07,1969/03/31,オリジナル版懐かしのアニメソング大全[3] 1968～1970,OP/妖怪人間ベム,https://www.amazon.co.jp/s?k=TOCT-8515%20%E3%82%AA%E3%83%AA%E3%82%B8%E3%83%8A%E3%83%AB%E7%89%88%E6%87%90%E3%81%8B%E3%81%97%E3%81%AE%E3%82%A2%E3%83%8B%E3%83%A1%E3%82%BD%E3%83%B3%E3%82%B0%E5%A4%A7%E5%85%A8%5B3%5D%201968%EF%BD%9E1970,東芝EMI,TOCT-8515,１は2コーラスだが､TV音源に最も近い。
妖怪人間ベム,1968/10/07,1969/03/31,21世紀に遺したい アニメソング大全ミレニアムボックス（6枚組）,"OP/妖怪人間ベム
ED/ベロは友だち",https://www.amazon.co.jp/s?k=TOCT-24381%EF%BD%9E6%2021%E4%B8%96%E7%B4%80%E3%81%AB%E9%81%BA%E3%81%97%E3%81%9F%E3%81%84%20%E3%82%A2%E3%83%8B%E3%83%A1%E3%82%BD%E3%83%B3%E3%82%B0%E5%A4%A7%E5%85%A8%E3%83%9F%E3%83%AC%E3%83%8B%E3%82%A2%E3%83%A0%E3%83%9C%E3%83%83%E3%82%AF%E3%82%B9%EF%BC%886%E6%9E%9A%E7%B5%84%EF%BC%89,東芝EMI,TOCT-24381～6,---
妖怪人間ベム,1968/10/07,1969/03/31,懐かしのミュージッククリップ７ 「妖怪人間ベム」,OP/妖怪人間ベム,https://www.amazon.co.jp/s?k=TOCT-9544%20%E6%87%90%E3%81%8B%E3%81%97%E3%81%AE%E3%83%9F%E3%83%A5%E3%83%BC%E3%82%B8%E3%83%83%E3%82%AF%E3%82%AF%E3%83%AA%E3%83%83%E3%83%97%EF%BC%97%20%E3%80%8C%E5%A6%96%E6%80%AA%E4%BA%BA%E9%96%93%E3%83%99%E3%83%A0%E3%80%8D,東芝EMI,TOCT-9544,２はTVサイズ。１はTVサイズ、2コーラスタイプ収録。
妖怪人間ベム,1968/10/07,1969/03/31,朝日ソノラマ主題歌コレクション４,"OP/妖怪人間ベム
ED/ベロは友だち",https://www.amazon.co.jp/s?k=TOCT-25077%EF%BD%9E8%20%E6%9C%9D%E6%97%A5%E3%82%BD%E3%83%8E%E3%83%A9%E3%83%9E%E4%B8%BB%E9%A1%8C%E6%AD%8C%E3%82%B3%E3%83%AC%E3%82%AF%E3%82%B7%E3%83%A7%E3%83%B3%EF%BC%94,東芝EMI,TOCT-25077～8,１はソノラマVer。
妖怪人間ベム,1968/10/07,1969/03/31,永久保存盤 朝日ソノラマ大全集(5枚組),"OP/妖怪人間ベム
ED/ベロは友だち",https://www.amazon.co.jp/s?k=TOCT-25077%EF%BD%9E8%20%E6%B0%B8%E4%B9%85%E4%BF%9D%E5%AD%98%E7%9B%A4%20%E6%9C%9D%E6%97%A5%E3%82%BD%E3%83%8E%E3%83%A9%E3%83%9E%E5%A4%A7%E5%85%A8%E9%9B%86%285%E6%9E%9A%E7%B5%84%29,日本コロムビア,TOCT-25077～8,---
ひみつのアッコちゃん,1969/01/06,1970/10/26,初盤,"OP/ひみつのアッコちゃん
ED/すきすきソング",https://www.amazon.co.jp/s?k=P-27%20%E5%88%9D%E7%9B%A4,朝日ソノラマ,P-27,---
ひみつのアッコちゃん,1969/01/06,1970/10/26,アニメ主題歌大全集(10枚組･通信販売のみ),"OP/ひみつのアッコちゃん
ED/すきすきソング",https://www.amazon.co.jp/s?k=GES-31000%EF%BD%9E9%20%E3%82%A2%E3%83%8B%E3%83%A1%E4%B8%BB%E9%A1%8C%E6%AD%8C%E5%A4%A7%E5%85%A8%E9%9B%86%2810%E6%9E%9A%E7%B5%84%EF%BD%A5%E9%80%9A%E4%BF%A1%E8%B2%A9%E5%A3%B2%E3%81%AE%E3%81%BF%29,コロムビアファミリークラブ,GES-31000～9,---
ひみつのアッコちゃん,1969/01/06,1970/10/26,アニメ主題歌メモリアル(10枚組･通信販売）,"OP/ひみつのアッコちゃん
ED/すきすきソング",https://www.amazon.co.jp/s?k=GES-30526%EF%BD%9E35%20%E3%82%A2%E3%83%8B%E3%83%A1%E4%B8%BB%E9%A1%8C%E6%AD%8C%E3%83%A1%E3%83%A2%E3%83%AA%E3%82%A2%E3%83%AB%2810%E6%9E%9A%E7%B5%84%EF%BD%A5%E9%80%9A%E4%BF%A1%E8%B2%A9%E5%A3%B2%EF%BC%89,コロムビアファミリークラブ,GES-30526～35,---
ひみつのアッコちゃん,1969/01/06,1970/10/26,テレビまんが主題歌のあゆみ(2枚組),OP/ひみつのアッコちゃん,https://www.amazon.co.jp/s?k=COCX-33498%EF%BD%9E9%20%E3%83%86%E3%83%AC%E3%83%93%E3%81%BE%E3%82%93%E3%81%8C%E4%B8%BB%E9%A1%8C%E6%AD%8C%E3%81%AE%E3%81%82%E3%82%86%E3%81%BF%282%E6%9E%9A%E7%B5%84%29,日本コロムビア,COCX-33498～9,---
ひみつのアッコちゃん,1969/01/06,1970/10/26,テレビまんが懐かしのB面コレクション(2枚組),ED/すきすきソング,https://www.amazon.co.jp/s?k=COCX-33556%EF%BD%9E7%20%E3%83%86%E3%83%AC%E3%83%93%E3%81%BE%E3%82%93%E3%81%8C%E6%87%90%E3%81%8B%E3%81%97%E3%81%AEB%E9%9D%A2%E3%82%B3%E3%83%AC%E3%82%AF%E3%82%B7%E3%83%A7%E3%83%B3%282%E6%9E%9A%E7%B5%84%29,日本コロムビア,COCX-33556～7,---
ひみつのアッコちゃん,1969/01/06,1970/10/26,テレビアニメ スーパーヒストリーvol.３,"OP/ひみつのアッコちゃん
ED/すきすきソング",https://www.amazon.co.jp/s?k=COCC-70051%20%E3%83%86%E3%83%AC%E3%83%93%E3%82%A2%E3%83%8B%E3%83%A1%20%E3%82%B9%E3%83%BC%E3%83%91%E3%83%BC%E3%83%92%E3%82%B9%E3%83%88%E3%83%AA%E3%83%BCvol.%EF%BC%93,日本コロムビア,COCC-70051,---
ひみつのアッコちゃん,1969/01/06,1970/10/26,21世紀に遺したい アニメソング大全ミレニアムボックス（6枚組）,"OP/ひみつのアッコちゃん
ED/すきすきソング",https://www.amazon.co.jp/s?k=TOCT-24381%EF%BD%9E6%2021%E4%B8%96%E7%B4%80%E3%81%AB%E9%81%BA%E3%81%97%E3%81%9F%E3%81%84%20%E3%82%A2%E3%83%8B%E3%83%A1%E3%82%BD%E3%83%B3%E3%82%B0%E5%A4%A7%E5%85%A8%E3%83%9F%E3%83%AC%E3%83%8B%E3%82%A2%E3%83%A0%E3%83%9C%E3%83%83%E3%82%AF%E3%82%B9%EF%BC%886%E6%9E%9A%E7%B5%84%EF%BC%89,東芝EMI,TOCT-24381～6,---
ひみつのアッコちゃん,1969/01/06,1970/10/26,朝日ソノラマ主題歌コレクション４,"OP/ひみつのアッコちゃん
ED/すきすきソング",https://www.amazon.co.jp/s?k=TOCT-25077%EF%BD%9E8%20%E6%9C%9D%E6%97%A5%E3%82%BD%E3%83%8E%E3%83%A9%E3%83%9E%E4%B8%BB%E9%A1%8C%E6%AD%8C%E3%82%B3%E3%83%AC%E3%82%AF%E3%82%B7%E3%83%A7%E3%83%B3%EF%BC%94,東芝EMI,TOCT-25077～8,---
ひみつのアッコちゃん,1969/01/06,1970/10/26,永久保存盤 朝日ソノラマ大全集(5枚組),"OP/ひみつのアッコちゃん
ED/すきすきソング",https://www.amazon.co.jp/s?k=COCX-34642%EF%BD%9E6%20%E6%B0%B8%E4%B9%85%E4%BF%9D%E5%AD%98%E7%9B%A4%20%E6%9C%9D%E6%97%A5%E3%82%BD%E3%83%8E%E3%83%A9%E3%83%9E%E5%A4%A7%E5%85%A8%E9%9B%86%285%E6%9E%9A%E7%B5%84%29,日本コロムビア,COCX-34642～6,---
海底少年マリン,1969/01/13,1969/09/22,初盤,"OP/海底少年マリン
ED/ぼくホワイティ",https://www.amazon.co.jp/s?k=ED%28H%29-1007%20%E5%88%9D%E7%9B%A4,キングレコード,ED(H)-1007,---
海底少年マリン,1969/01/13,1969/09/22,初盤,OP/海底少年マリン,https://www.amazon.co.jp/s?k=TC-1127%20%E5%88%9D%E7%9B%A4,東芝,TC-1127,---
海底少年マリン,1969/01/13,1969/09/22,オリジナル版懐かしのアニメソング大全[3] 1968～1970,"OP/海底少年マリン
ED/ぼくホワイティ",https://www.amazon.co.jp/s?k=TOCT-8515%20%E3%82%AA%E3%83%AA%E3%82%B8%E3%83%8A%E3%83%AB%E7%89%88%E6%87%90%E3%81%8B%E3%81%97%E3%81%AE%E3%82%A2%E3%83%8B%E3%83%A1%E3%82%BD%E3%83%B3%E3%82%B0%E5%A4%A7%E5%85%A8%5B3%5D%201968%EF%BD%9E1970,東芝EMI,TOCT-8515,１を「ゴーゴー･マリン｣と表記。
海底少年マリン,1969/01/13,1969/09/22,テレビ主題歌黄金時代 アニメ＆バラエティ編,OP/海底少年マリン,https://www.amazon.co.jp/s?k=KICS-2185%20%E3%83%86%E3%83%AC%E3%83%93%E4%B8%BB%E9%A1%8C%E6%AD%8C%E9%BB%84%E9%87%91%E6%99%82%E4%BB%A3%20%E3%82%A2%E3%83%8B%E3%83%A1%EF%BC%86%E3%83%90%E3%83%A9%E3%82%A8%E3%83%86%E3%82%A3%E7%B7%A8,キングレコード,KICS-2185,---
海底少年マリン,1969/01/13,1969/09/22,21世紀に遺したい アニメソング大全ミレニアムボックス（6枚組）,"OP/海底少年マリン
ED/ぼくホワイティ",https://www.amazon.co.jp/s?k=TOCT-24381%EF%BD%9E6%2021%E4%B8%96%E7%B4%80%E3%81%AB%E9%81%BA%E3%81%97%E3%81%9F%E3%81%84%20%E3%82%A2%E3%83%8B%E3%83%A1%E3%82%BD%E3%83%B3%E3%82%B0%E5%A4%A7%E5%85%A8%E3%83%9F%E3%83%AC%E3%83%8B%E3%82%A2%E3%83%A0%E3%83%9C%E3%83%83%E3%82%AF%E3%82%B9%EF%BC%886%E6%9E%9A%E7%B5%84%EF%BC%89,東芝EMI,TOCT-24381～6,---
そばかすプッチー,1969/03/31,1969/10/04,初盤,"OP/そばかすプッチー
プッチー・マーチ",https://www.amazon.co.jp/s?k=KT-30%20%E5%88%9D%E7%9B%A4,テイチク,KT-30,---
そばかすプッチー,1969/03/31,1969/10/04,アニメ主題歌大全集(10枚組･通信販売のみ),OP/そばかすプッチー,https://www.amazon.co.jp/s?k=GES-31000%EF%BD%9E9%20%E3%82%A2%E3%83%8B%E3%83%A1%E4%B8%BB%E9%A1%8C%E6%AD%8C%E5%A4%A7%E5%85%A8%E9%9B%86%2810%E6%9E%9A%E7%B5%84%EF%BD%A5%E9%80%9A%E4%BF%A1%E8%B2%A9%E5%A3%B2%E3%81%AE%E3%81%BF%29,コロムビアファミリークラブ,GES-31000～9,小ドラマを挟んで同じ歌を繰り返すロングVer。
そばかすプッチー,1969/03/31,1969/10/04,オリジナル版懐かしのアニメソング大全[3] 1968～1970,OP/そばかすプッチー,https://www.amazon.co.jp/s?k=TOCT-8515%20%E3%82%AA%E3%83%AA%E3%82%B8%E3%83%8A%E3%83%AB%E7%89%88%E6%87%90%E3%81%8B%E3%81%97%E3%81%AE%E3%82%A2%E3%83%8B%E3%83%A1%E3%82%BD%E3%83%B3%E3%82%B0%E5%A4%A7%E5%85%A8%5B3%5D%201968%EF%BD%9E1970,東芝EMI,TOCT-8515,---
そばかすプッチー,1969/03/31,1969/10/04,21世紀に遺したい アニメソング大全ミレニアムボックス（6枚組）,OP/そばかすプッチー,https://www.amazon.co.jp/s?k=TOCT-24381%EF%BD%9E6%2021%E4%B8%96%E7%B4%80%E3%81%AB%E9%81%BA%E3%81%97%E3%81%9F%E3%81%84%20%E3%82%A2%E3%83%8B%E3%83%A1%E3%82%BD%E3%83%B3%E3%82%B0%E5%A4%A7%E5%85%A8%E3%83%9F%E3%83%AC%E3%83%8B%E3%82%A2%E3%83%A0%E3%83%9C%E3%83%83%E3%82%AF%E3%82%B9%EF%BC%886%E6%9E%9A%E7%B5%84%EF%BC%89,東芝EMI,TOCT-24381～6,１はいずれも歌/フジ・ジュニア合唱団。 ２は未CD化。
ウメ星デンカ,1969/04/01,1969/09/23,初盤,"ウメ星デンカがこんにちは
ウメ星マーチ",https://www.amazon.co.jp/s?k=C-3001%20%E5%88%9D%E7%9B%A4,日本コロムビア,C-3001,---
ウメ星デンカ,1969/04/01,1969/09/23,アニメ主題歌大全集(10枚組･通信販売のみ),"ウメ星デンカがこんにちは
ウメ星マーチ",https://www.amazon.co.jp/s?k=GES-31000%EF%BD%9E9%20%E3%82%A2%E3%83%8B%E3%83%A1%E4%B8%BB%E9%A1%8C%E6%AD%8C%E5%A4%A7%E5%85%A8%E9%9B%86%2810%E6%9E%9A%E7%B5%84%EF%BD%A5%E9%80%9A%E4%BF%A1%E8%B2%A9%E5%A3%B2%E3%81%AE%E3%81%BF%29,コロムビアファミリークラブ,GES-31000～9,---
ウメ星デンカ,1969/04/01,1969/09/23,テレビまんが主題歌のあゆみ(2枚組),ウメ星デンカがこんにちは,https://www.amazon.co.jp/s?k=COCX-33498%EF%BD%9E9%20%E3%83%86%E3%83%AC%E3%83%93%E3%81%BE%E3%82%93%E3%81%8C%E4%B8%BB%E9%A1%8C%E6%AD%8C%E3%81%AE%E3%81%82%E3%82%86%E3%81%BF%282%E6%9E%9A%E7%B5%84%29,日本コロムビア,COCX-33498～9,---
ウメ星デンカ,1969/04/01,1969/09/23,テレビまんが懐かしのB面コレクション(2枚組),ウメ星マーチ,https://www.amazon.co.jp/s?k=COCX-33556%EF%BD%9E7%20%E3%83%86%E3%83%AC%E3%83%93%E3%81%BE%E3%82%93%E3%81%8C%E6%87%90%E3%81%8B%E3%81%97%E3%81%AEB%E9%9D%A2%E3%82%B3%E3%83%AC%E3%82%AF%E3%82%B7%E3%83%A7%E3%83%B3%282%E6%9E%9A%E7%B5%84%29,日本コロムビア,COCX-33556～7,---
ウメ星デンカ,1969/04/01,1969/09/23,テレビアニメ スーパーヒストリーvol.３,"ウメ星デンカがこんにちは
ウメ星マーチ",https://www.amazon.co.jp/s?k=COCC-70051%20%E3%83%86%E3%83%AC%E3%83%93%E3%82%A2%E3%83%8B%E3%83%A1%20%E3%82%B9%E3%83%BC%E3%83%91%E3%83%BC%E3%83%92%E3%82%B9%E3%83%88%E3%83%AA%E3%83%BCvol.%EF%BC%93,日本コロムビア,COCC-70051,---
紅三四郎,1969/04/02,1969/09/24,初盤,"OP/紅 三四郎 (歌/美樹克彦)
ED/男の荒野",https://www.amazon.co.jp/s?k=CW-933%20%E5%88%9D%E7%9B%A4,クラウン,CW-933,---
紅三四郎,1969/04/02,1969/09/24,初盤,"OP/紅三四郎 (歌/堀江美都子、コロムビアゆりかご会)
「夕陽の男｣",https://www.amazon.co.jp/s?k=SCS-79%20%E5%88%9D%E7%9B%A4,日本コロムビア,SCS-79,---
紅三四郎,1969/04/02,1969/09/24,アニメ主題歌メモリアル(10枚組･通信販売）,OP/紅三四郎 (歌/堀江美都子、コロムビアゆりかご会),https://www.amazon.co.jp/s?k=GES-30526%EF%BD%9E35%20%E3%82%A2%E3%83%8B%E3%83%A1%E4%B8%BB%E9%A1%8C%E6%AD%8C%E3%83%A1%E3%83%A2%E3%83%AA%E3%82%A2%E3%83%AB%2810%E6%9E%9A%E7%B5%84%EF%BD%A5%E9%80%9A%E4%BF%A1%E8%B2%A9%E5%A3%B2%EF%BC%89,コロムビアファミリークラブ,GES-30526～35,---
紅三四郎,1969/04/02,1969/09/24,テレビまんが主題歌のあゆみ(2枚組),OP/紅三四郎 (歌/堀江美都子、コロムビアゆりかご会),https://www.amazon.co.jp/s?k=COCX-33498%EF%BD%9E9%20%E3%83%86%E3%83%AC%E3%83%93%E3%81%BE%E3%82%93%E3%81%8C%E4%B8%BB%E9%A1%8C%E6%AD%8C%E3%81%AE%E3%81%82%E3%82%86%E3%81%BF%282%E6%9E%9A%E7%B5%84%29,日本コロムビア,COCX-33498～9,---
紅三四郎,1969/04/02,1969/09/24,テレビアニメ スーパーヒストリーvol.４,OP/紅三四郎 (歌/堀江美都子、コロムビアゆりかご会),https://www.amazon.co.jp/s?k=COCC-70052%20%E3%83%86%E3%83%AC%E3%83%93%E3%82%A2%E3%83%8B%E3%83%A1%20%E3%82%B9%E3%83%BC%E3%83%91%E3%83%BC%E3%83%92%E3%82%B9%E3%83%88%E3%83%AA%E3%83%BCvol.%EF%BC%94,日本コロムビア,COCC-70052,---
紅三四郎,1969/04/02,1969/09/24,オリジナル版懐かしのアニメソング大全[3] 1968～1970,"OP/紅 三四郎 (歌/美樹克彦)
ED/男の荒野",https://www.amazon.co.jp/s?k=TOCT-8515%20%E3%82%AA%E3%83%AA%E3%82%B8%E3%83%8A%E3%83%AB%E7%89%88%E6%87%90%E3%81%8B%E3%81%97%E3%81%AE%E3%82%A2%E3%83%8B%E3%83%A1%E3%82%BD%E3%83%B3%E3%82%B0%E5%A4%A7%E5%85%A8%5B3%5D%201968%EF%BD%9E1970,東芝EMI,TOCT-8515,---
紅三四郎,1969/04/02,1969/09/24,21世紀に遺したい アニメソング大全ミレニアムボックス（6枚組）,"OP/紅 三四郎 (歌/美樹克彦)
ED/男の荒野",https://www.amazon.co.jp/s?k=TOCT-24381%EF%BD%9E6%2021%E4%B8%96%E7%B4%80%E3%81%AB%E9%81%BA%E3%81%97%E3%81%9F%E3%81%84%20%E3%82%A2%E3%83%8B%E3%83%A1%E3%82%BD%E3%83%B3%E3%82%B0%E5%A4%A7%E5%85%A8%E3%83%9F%E3%83%AC%E3%83%8B%E3%82%A2%E3%83%A0%E3%83%9C%E3%83%83%E3%82%AF%E3%82%B9%EF%BC%886%E6%9E%9A%E7%B5%84%EF%BC%89,東芝EMI,TOCT-24381～6,---
もーれつア太郎,1969/04/04,1970/12/25,初盤,"OP/もーれつア太郎
ED/江戸っ子のスキャット",https://www.amazon.co.jp/s?k=P-29%20%E5%88%9D%E7%9B%A4,朝日ソノラマ,P-29,---
もーれつア太郎,1969/04/04,1970/12/25,初盤,"OP/もーれつア太郎
ED/モーレツ音頭［ア太郎音頭］",https://www.amazon.co.jp/s?k=P-43%20%E5%88%9D%E7%9B%A4,朝日ソノラマ,P-43,---
もーれつア太郎,1969/04/04,1970/12/25,アニメ主題歌大全集(10枚組･通信販売のみ),"OP/もーれつア太郎
ED/江戸っ子のスキャット
ED/モーレツ音頭［ア太郎音頭］",https://www.amazon.co.jp/s?k=GES-31000%EF%BD%9E9%20%E3%82%A2%E3%83%8B%E3%83%A1%E4%B8%BB%E9%A1%8C%E6%AD%8C%E5%A4%A7%E5%85%A8%E9%9B%86%2810%E6%9E%9A%E7%B5%84%EF%BD%A5%E9%80%9A%E4%BF%A1%E8%B2%A9%E5%A3%B2%E3%81%AE%E3%81%BF%29,コロムビアファミリークラブ,GES-31000～9,---
もーれつア太郎,1969/04/04,1970/12/25,オリジナル版懐かしのアニメソング大全[3] 1968～1970,"OP/もーれつア太郎
ED/江戸っ子のスキャット",https://www.amazon.co.jp/s?k=TOCT-8515%20%E3%82%AA%E3%83%AA%E3%82%B8%E3%83%8A%E3%83%AB%E7%89%88%E6%87%90%E3%81%8B%E3%81%97%E3%81%AE%E3%82%A2%E3%83%8B%E3%83%A1%E3%82%BD%E3%83%B3%E3%82%B0%E5%A4%A7%E5%85%A8%5B3%5D%201968%EF%BD%9E1970,東芝EMI,TOCT-8515,---
もーれつア太郎,1969/04/04,1970/12/25,アニメ主題歌メモリアル(10枚組･通信販売）,ED/モーレツ音頭［ア太郎音頭］,https://www.amazon.co.jp/s?k=GES-30526%EF%BD%9E35%20%E3%82%A2%E3%83%8B%E3%83%A1%E4%B8%BB%E9%A1%8C%E6%AD%8C%E3%83%A1%E3%83%A2%E3%83%AA%E3%82%A2%E3%83%AB%2810%E6%9E%9A%E7%B5%84%EF%BD%A5%E9%80%9A%E4%BF%A1%E8%B2%A9%E5%A3%B2%EF%BC%89,コロムビアファミリークラブ,GES-30526～35,---
もーれつア太郎,1969/04/04,1970/12/25,テレビアニメ スーパーヒストリーvol.４,ED/モーレツ音頭［ア太郎音頭］,https://www.amazon.co.jp/s?k=COCC-70052%20%E3%83%86%E3%83%AC%E3%83%93%E3%82%A2%E3%83%8B%E3%83%A1%20%E3%82%B9%E3%83%BC%E3%83%91%E3%83%BC%E3%83%92%E3%82%B9%E3%83%88%E3%83%AA%E3%83%BCvol.%EF%BC%94,日本コロムビア,COCC-70052,---
もーれつア太郎,1969/04/04,1970/12/25,21世紀に遺したい アニメソング大全ミレニアムボックス（6枚組）,"OP/もーれつア太郎
ED/江戸っ子のスキャット
ED/モーレツ音頭［ア太郎音頭］
ED/ニャロメのうた",https://www.amazon.co.jp/s?k=TOCT-24381%EF%BD%9E6%2021%E4%B8%96%E7%B4%80%E3%81%AB%E9%81%BA%E3%81%97%E3%81%9F%E3%81%84%20%E3%82%A2%E3%83%8B%E3%83%A1%E3%82%BD%E3%83%B3%E3%82%B0%E5%A4%A7%E5%85%A8%E3%83%9F%E3%83%AC%E3%83%8B%E3%82%A2%E3%83%A0%E3%83%9C%E3%83%83%E3%82%AF%E3%82%B9%EF%BC%886%E6%9E%9A%E7%B5%84%EF%BC%89,東芝EMI,TOCT-24381～6,---
もーれつア太郎,1969/04/04,1970/12/25,朝日ソノラマ主題歌コレクション４,"OP/もーれつア太郎
ED/江戸っ子のスキャット
ED/モーレツ音頭［ア太郎音頭］",https://www.amazon.co.jp/s?k=TOCT-25077%EF%BD%9E8%20%E6%9C%9D%E6%97%A5%E3%82%BD%E3%83%8E%E3%83%A9%E3%83%9E%E4%B8%BB%E9%A1%8C%E6%AD%8C%E3%82%B3%E3%83%AC%E3%82%AF%E3%82%B7%E3%83%A7%E3%83%B3%EF%BC%94,東芝EMI,TOCT-25077～8,---
もーれつア太郎,1969/04/04,1970/12/25,永久保存盤 朝日ソノラマ大全集(5枚組),"OP/もーれつア太郎
ED/江戸っ子のスキャット
ED/モーレツ音頭［ア太郎音頭］",https://www.amazon.co.jp/s?k=COCX-34642%EF%BD%9E6%20%E6%B0%B8%E4%B9%85%E4%BF%9D%E5%AD%98%E7%9B%A4%20%E6%9C%9D%E6%97%A5%E3%82%BD%E3%83%8E%E3%83%A9%E3%83%9E%E5%A4%A7%E5%85%A8%E9%9B%86%285%E6%9E%9A%E7%B5%84%29,日本コロムビア,COCX-34642～6,４に関するレコード情報は不明。
忍風カムイ外伝,1969/04/06,1969/09/28,初盤,"(OP)・ED/忍のテーマ
白いつばめ",https://www.amazon.co.jp/s?k=TC-1131%20%E5%88%9D%E7%9B%A4,東芝,TC-1131,---
忍風カムイ外伝,1969/04/06,1969/09/28,アニメ主題歌大全集(10枚組･通信販売のみ),"(OP)・ED/忍のテーマ
白いつばめ",https://www.amazon.co.jp/s?k=GES-31000%EF%BD%9E9%20%E3%82%A2%E3%83%8B%E3%83%A1%E4%B8%BB%E9%A1%8C%E6%AD%8C%E5%A4%A7%E5%85%A8%E9%9B%86%2810%E6%9E%9A%E7%B5%84%EF%BD%A5%E9%80%9A%E4%BF%A1%E8%B2%A9%E5%A3%B2%E3%81%AE%E3%81%BF%29,コロムビアファミリークラブ,GES-31000～9,---
忍風カムイ外伝,1969/04/06,1969/09/28,オリジナル版懐かしのアニメソング大全[3] 1968～1970,(OP)・ED/忍のテーマ,https://www.amazon.co.jp/s?k=TOCT-8515%20%E3%82%AA%E3%83%AA%E3%82%B8%E3%83%8A%E3%83%AB%E7%89%88%E6%87%90%E3%81%8B%E3%81%97%E3%81%AE%E3%82%A2%E3%83%8B%E3%83%A1%E3%82%BD%E3%83%B3%E3%82%B0%E5%A4%A7%E5%85%A8%5B3%5D%201968%EF%BD%9E1970,東芝EMI,TOCT-8515,---
忍風カムイ外伝,1969/04/06,1969/09/28,オリジナル版懐かしのアニメソング大全挿入歌編vol.２,白いつばめ,https://www.amazon.co.jp/s?k=TOCT-9259%20%E3%82%AA%E3%83%AA%E3%82%B8%E3%83%8A%E3%83%AB%E7%89%88%E6%87%90%E3%81%8B%E3%81%97%E3%81%AE%E3%82%A2%E3%83%8B%E3%83%A1%E3%82%BD%E3%83%B3%E3%82%B0%E5%A4%A7%E5%85%A8%E6%8C%BF%E5%85%A5%E6%AD%8C%E7%B7%A8vol.%EF%BC%92,東芝EMI,TOCT-9259,---
忍風カムイ外伝,1969/04/06,1969/09/28,懐かしのミュージッククリップ８ 「忍風カムイ外伝」,"(OP)・ED/忍のテーマ
白いつばめ",https://www.amazon.co.jp/s?k=TOCT-9545%20%E6%87%90%E3%81%8B%E3%81%97%E3%81%AE%E3%83%9F%E3%83%A5%E3%83%BC%E3%82%B8%E3%83%83%E3%82%AF%E3%82%AF%E3%83%AA%E3%83%83%E3%83%97%EF%BC%98%20%E3%80%8C%E5%BF%8D%E9%A2%A8%E3%82%AB%E3%83%A0%E3%82%A4%E5%A4%96%E4%BC%9D%E3%80%8D,東芝EMI,TOCT-9545,---
忍風カムイ外伝,1969/04/06,1969/09/28,21世紀に遺したい アニメソング大全ミレニアムボックス（6枚組）,(OP)・ED/忍のテーマ,https://www.amazon.co.jp/s?k=TOCT-24381%EF%BD%9E6%2021%E4%B8%96%E7%B4%80%E3%81%AB%E9%81%BA%E3%81%97%E3%81%9F%E3%81%84%20%E3%82%A2%E3%83%8B%E3%83%A1%E3%82%BD%E3%83%B3%E3%82%B0%E5%A4%A7%E5%85%A8%E3%83%9F%E3%83%AC%E3%83%8B%E3%82%A2%E3%83%A0%E3%83%9C%E3%83%83%E3%82%AF%E3%82%B9%EF%BC%886%E6%9E%9A%E7%B5%84%EF%BC%89,東芝EMI,TOCT-24381～6,---
どろろ,1969/04/06,1969/06/29,初盤,OP・ED/どろろのうた,https://www.amazon.co.jp/s?k=P-31%20%E5%88%9D%E7%9B%A4,朝日ソノラマ,P-31,---
どろろ,1969/04/06,1969/06/29,初盤,"OP・ED/どろろのうた
百鬼丸の歌",https://www.amazon.co.jp/s?k=P-39%20%E5%88%9D%E7%9B%A4,朝日ソノラマ,P-39,---
どろろ,1969/04/06,1969/06/29,初盤,"OP・ED/どろろのうた
百鬼丸の歌",https://www.amazon.co.jp/s?k=KT-28%20%E5%88%9D%E7%9B%A4,テイチク,KT-28,---
どろろ,1969/04/06,1969/06/29,復刻 手塚治虫作品傑作集/鉄腕アトム,OP・ED/どろろのうた,https://www.amazon.co.jp/s?k=TECD-25414%20%E5%BE%A9%E5%88%BB%20%E6%89%8B%E5%A1%9A%E6%B2%BB%E8%99%AB%E4%BD%9C%E5%93%81%E5%82%91%E4%BD%9C%E9%9B%86/%E9%89%84%E8%85%95%E3%82%A2%E3%83%88%E3%83%A0,テイチク,TECD-25414,２はフル(3)コーラス版。
どろろ,1969/04/06,1969/06/29,アニメ主題歌大全集(10枚組･通信販売のみ),"OP・ED/どろろのうた
百鬼丸の歌",https://www.amazon.co.jp/s?k=GES-31000%EF%BD%9E9%20%E3%82%A2%E3%83%8B%E3%83%A1%E4%B8%BB%E9%A1%8C%E6%AD%8C%E5%A4%A7%E5%85%A8%E9%9B%86%2810%E6%9E%9A%E7%B5%84%EF%BD%A5%E9%80%9A%E4%BF%A1%E8%B2%A9%E5%A3%B2%E3%81%AE%E3%81%BF%29,コロムビアファミリークラブ,GES-31000～9,---
どろろ,1969/04/06,1969/06/29,朝日ソノラマ主題歌コレクション４,"OP・ED/どろろのうた
百鬼丸の歌",https://www.amazon.co.jp/s?k=TOCT-25077%EF%BD%9E8%20%E6%9C%9D%E6%97%A5%E3%82%BD%E3%83%8E%E3%83%A9%E3%83%9E%E4%B8%BB%E9%A1%8C%E6%AD%8C%E3%82%B3%E3%83%AC%E3%82%AF%E3%82%B7%E3%83%A7%E3%83%B3%EF%BC%94,東芝EMI,TOCT-25077～8,---
どろろ,1969/04/06,1969/06/29,永久保存盤 朝日ソノラマ大全集(5枚組),"OP・ED/どろろのうた
百鬼丸の歌",https://www.amazon.co.jp/s?k=COCX-34642%EF%BD%9E6%20%E6%B0%B8%E4%B9%85%E4%BF%9D%E5%AD%98%E7%9B%A4%20%E6%9C%9D%E6%97%A5%E3%82%BD%E3%83%8E%E3%83%A9%E3%83%9E%E5%A4%A7%E5%85%A8%E9%9B%86%285%E6%9E%9A%E7%B5%84%29,日本コロムビア,COCX-34642～6,---
どろろ,1969/04/06,1969/06/29,テレビまんが主題歌のあゆみ(2枚組),OP・ED/どろろのうた,https://www.amazon.co.jp/s?k=COCX-33498%EF%BD%9E9%20%E3%83%86%E3%83%AC%E3%83%93%E3%81%BE%E3%82%93%E3%81%8C%E4%B8%BB%E9%A1%8C%E6%AD%8C%E3%81%AE%E3%81%82%E3%82%86%E3%81%BF%282%E6%9E%9A%E7%B5%84%29,日本コロムビア,COCX-33498～9,2コーラス版。
どろろ,1969/04/06,1969/06/29,オリジナル版懐かしのアニメソング大全[3] 1968～1970,OP・ED/どろろのうた,https://www.amazon.co.jp/s?k=TOCT-8515%20%E3%82%AA%E3%83%AA%E3%82%B8%E3%83%8A%E3%83%AB%E7%89%88%E6%87%90%E3%81%8B%E3%81%97%E3%81%AE%E3%82%A2%E3%83%8B%E3%83%A1%E3%82%BD%E3%83%B3%E3%82%B0%E5%A4%A7%E5%85%A8%5B3%5D%201968%EF%BD%9E1970,東芝EMI,TOCT-8515,---
どろろ,1969/04/06,1969/06/29,21世紀に遺したい アニメソング大全ミレニアムボックス（6枚組）,OP・ED/どろろのうた,https://www.amazon.co.jp/s?k=TOCT-24381%EF%BD%9E6%2021%E4%B8%96%E7%B4%80%E3%81%AB%E9%81%BA%E3%81%97%E3%81%9F%E3%81%84%20%E3%82%A2%E3%83%8B%E3%83%A1%E3%82%BD%E3%83%B3%E3%82%B0%E5%A4%A7%E5%85%A8%E3%83%9F%E3%83%AC%E3%83%8B%E3%82%A2%E3%83%A0%E3%83%9C%E3%83%83%E3%82%AF%E3%82%B9%EF%BC%886%E6%9E%9A%E7%B5%84%EF%BC%89,東芝EMI,TOCT-24381～6,１は音声のみが発見され、再現版がDVD「虫プロ手塚治虫アニメ主題歌集」(日本コロムビア・COBC-90380) に収録されている。
どろろと百鬼丸,1969/07/06,1969/09/28,初盤,OP・ED/どろろのうた,https://www.amazon.co.jp/s?k=P-31%20%E5%88%9D%E7%9B%A4,朝日ソノラマ,P-31,---
どろろと百鬼丸,1969/07/06,1969/09/28,初盤,"OP・ED/どろろのうた
百鬼丸の歌",https://www.amazon.co.jp/s?k=P-39%20%E5%88%9D%E7%9B%A4,朝日ソノラマ,P-39,---
どろろと百鬼丸,1969/07/06,1969/09/28,初盤,"OP・ED/どろろのうた
百鬼丸の歌",https://www.amazon.co.jp/s?k=KT-28%20%E5%88%9D%E7%9B%A4,テイチク,KT-28,---
どろろと百鬼丸,1969/07/06,1969/09/28,復刻 手塚治虫作品傑作集/鉄腕アトム,OP・ED/どろろのうた,https://www.amazon.co.jp/s?k=TECD-25414%20%E5%BE%A9%E5%88%BB%20%E6%89%8B%E5%A1%9A%E6%B2%BB%E8%99%AB%E4%BD%9C%E5%93%81%E5%82%91%E4%BD%9C%E9%9B%86/%E9%89%84%E8%85%95%E3%82%A2%E3%83%88%E3%83%A0,テイチク,TECD-25414,２はフル(3)コーラス版。
どろろと百鬼丸,1969/07/06,1969/09/28,アニメ主題歌大全集(10枚組･通信販売のみ),"OP・ED/どろろのうた
百鬼丸の歌",https://www.amazon.co.jp/s?k=GES-31000%EF%BD%9E9%20%E3%82%A2%E3%83%8B%E3%83%A1%E4%B8%BB%E9%A1%8C%E6%AD%8C%E5%A4%A7%E5%85%A8%E9%9B%86%2810%E6%9E%9A%E7%B5%84%EF%BD%A5%E9%80%9A%E4%BF%A1%E8%B2%A9%E5%A3%B2%E3%81%AE%E3%81%BF%29,コロムビアファミリークラブ,GES-31000～9,---
どろろと百鬼丸,1969/07/06,1969/09/28,朝日ソノラマ主題歌コレクション４,"OP・ED/どろろのうた
百鬼丸の歌",https://www.amazon.co.jp/s?k=TOCT-25077%EF%BD%9E8%20%E6%9C%9D%E6%97%A5%E3%82%BD%E3%83%8E%E3%83%A9%E3%83%9E%E4%B8%BB%E9%A1%8C%E6%AD%8C%E3%82%B3%E3%83%AC%E3%82%AF%E3%82%B7%E3%83%A7%E3%83%B3%EF%BC%94,東芝EMI,TOCT-25077～8,---
どろろと百鬼丸,1969/07/06,1969/09/28,永久保存盤 朝日ソノラマ大全集(5枚組),"OP・ED/どろろのうた
百鬼丸の歌",https://www.amazon.co.jp/s?k=COCX-34642%EF%BD%9E6%20%E6%B0%B8%E4%B9%85%E4%BF%9D%E5%AD%98%E7%9B%A4%20%E6%9C%9D%E6%97%A5%E3%82%BD%E3%83%8E%E3%83%A9%E3%83%9E%E5%A4%A7%E5%85%A8%E9%9B%86%285%E6%9E%9A%E7%B5%84%29,日本コロムビア,COCX-34642～6,---
どろろと百鬼丸,1969/07/06,1969/09/28,テレビまんが主題歌のあゆみ(2枚組),OP・ED/どろろのうた,https://www.amazon.co.jp/s?k=COCX-33498%EF%BD%9E9%20%E3%83%86%E3%83%AC%E3%83%93%E3%81%BE%E3%82%93%E3%81%8C%E4%B8%BB%E9%A1%8C%E6%AD%8C%E3%81%AE%E3%81%82%E3%82%86%E3%81%BF%282%E6%9E%9A%E7%B5%84%29,日本コロムビア,COCX-33498～9,2コーラス版。
どろろと百鬼丸,1969/07/06,1969/09/28,オリジナル版懐かしのアニメソング大全[3] 1968～1970,OP・ED/どろろのうた,https://www.amazon.co.jp/s?k=TOCT-8515%20%E3%82%AA%E3%83%AA%E3%82%B8%E3%83%8A%E3%83%AB%E7%89%88%E6%87%90%E3%81%8B%E3%81%97%E3%81%AE%E3%82%A2%E3%83%8B%E3%83%A1%E3%82%BD%E3%83%B3%E3%82%B0%E5%A4%A7%E5%85%A8%5B3%5D%201968%EF%BD%9E1970,東芝EMI,TOCT-8515,---
どろろと百鬼丸,1969/07/06,1969/09/28,21世紀に遺したい アニメソング大全ミレニアムボックス（6枚組）,OP・ED/どろろのうた,https://www.amazon.co.jp/s?k=TOCT-24381%EF%BD%9E6%2021%E4%B8%96%E7%B4%80%E3%81%AB%E9%81%BA%E3%81%97%E3%81%9F%E3%81%84%20%E3%82%A2%E3%83%8B%E3%83%A1%E3%82%BD%E3%83%B3%E3%82%B0%E5%A4%A7%E5%85%A8%E3%83%9F%E3%83%AC%E3%83%8B%E3%82%A2%E3%83%A0%E3%83%9C%E3%83%83%E3%82%AF%E3%82%B9%EF%BC%886%E6%9E%9A%E7%B5%84%EF%BC%89,東芝EMI,TOCT-24381～6,１は音声のみが発見され、再現版がDVD「虫プロ手塚治虫アニメ主題歌集」(日本コロムビア・COBC-90380) に収録されている。
六法やぶれクン,1969/04/28,1969/09/29,東京ムービー アンソロジー[1] 1964～1972,OP/六法やぶれクンのテーマ,https://www.amazon.co.jp/s?k=MECB-2001%20%E6%9D%B1%E4%BA%AC%E3%83%A0%E3%83%BC%E3%83%93%E3%83%BC%20%E3%82%A2%E3%83%B3%E3%82%BD%E3%83%AD%E3%82%B8%E3%83%BC%5B1%5D%201964%EF%BD%9E1972,トライエム,MECB-2001,TV音源。
六法やぶれクン,1969/04/28,1969/09/29,21世紀に遺したい アニメソング大全ミレニアムボックス（6枚組）,OP/六法やぶれクンのテーマ,https://www.amazon.co.jp/s?k=TOCT-24381%EF%BD%9E6%2021%E4%B8%96%E7%B4%80%E3%81%AB%E9%81%BA%E3%81%97%E3%81%9F%E3%81%84%20%E3%82%A2%E3%83%8B%E3%83%A1%E3%82%BD%E3%83%B3%E3%82%B0%E5%A4%A7%E5%85%A8%E3%83%9F%E3%83%AC%E3%83%8B%E3%82%A2%E3%83%A0%E3%83%9C%E3%83%83%E3%82%AF%E3%82%B9%EF%BC%886%E6%9E%9A%E7%B5%84%EF%BC%89,東芝EMI,TOCT-24381～6,---
男一匹ガキ大将,1969/09/29,1970/03/28,初盤,OP/男一匹ガキ大将,https://www.amazon.co.jp/s?k=P-58%20%E5%88%9D%E7%9B%A4,朝日ソノラマ,P-58,---
男一匹ガキ大将,1969/09/29,1970/03/28,初盤,"OP/男一匹ガキ大将
仲間達の歌 '(歌/ザ・トラベラーズ) 備考",https://www.amazon.co.jp/s?k=TC-1141%20%E5%88%9D%E7%9B%A4,東芝,TC-1141,---
男一匹ガキ大将,1969/09/29,1970/03/28,テレビまんが主題歌のあゆみ(2枚組),OP/男一匹ガキ大将,https://www.amazon.co.jp/s?k=COCX-33498%EF%BD%9E9%20%E3%83%86%E3%83%AC%E3%83%93%E3%81%BE%E3%82%93%E3%81%8C%E4%B8%BB%E9%A1%8C%E6%AD%8C%E3%81%AE%E3%81%82%E3%82%86%E3%81%BF%282%E6%9E%9A%E7%B5%84%29,日本コロムビア,COCX-33498～9,---
男一匹ガキ大将,1969/09/29,1970/03/28,オリジナル版懐かしのアニメソング大全[3] 1968～1970,OP/男一匹ガキ大将,https://www.amazon.co.jp/s?k=TOCT-8515%20%E3%82%AA%E3%83%AA%E3%82%B8%E3%83%8A%E3%83%AB%E7%89%88%E6%87%90%E3%81%8B%E3%81%97%E3%81%AE%E3%82%A2%E3%83%8B%E3%83%A1%E3%82%BD%E3%83%B3%E3%82%B0%E5%A4%A7%E5%85%A8%5B3%5D%201968%EF%BD%9E1970,東芝EMI,TOCT-8515,---
男一匹ガキ大将,1969/09/29,1970/03/28,21世紀に遺したい アニメソング大全ミレニアムボックス（6枚組）,OP/男一匹ガキ大将,https://www.amazon.co.jp/s?k=TOCT-24381%EF%BD%9E6%2021%E4%B8%96%E7%B4%80%E3%81%AB%E9%81%BA%E3%81%97%E3%81%9F%E3%81%84%20%E3%82%A2%E3%83%8B%E3%83%A1%E3%82%BD%E3%83%B3%E3%82%B0%E5%A4%A7%E5%85%A8%E3%83%9F%E3%83%AC%E3%83%8B%E3%82%A2%E3%83%A0%E3%83%9C%E3%83%83%E3%82%AF%E3%82%B9%EF%BC%886%E6%9E%9A%E7%B5%84%EF%BC%89,東芝EMI,TOCT-24381～6,---
男一匹ガキ大将,1969/09/29,1970/03/28,テレビまんが懐かしのB面コレクション(2枚組),仲間達の歌 ',https://www.amazon.co.jp/s?k=COCX-33556%EF%BD%9E7%20%E3%83%86%E3%83%AC%E3%83%93%E3%81%BE%E3%82%93%E3%81%8C%E6%87%90%E3%81%8B%E3%81%97%E3%81%AEB%E9%9D%A2%E3%82%B3%E3%83%AC%E3%82%AF%E3%82%B7%E3%83%A7%E3%83%B3%282%E6%9E%9A%E7%B5%84%29,日本コロムビア,COCX-33556～7,歌/ザ・トラベラーズ。
男一匹ガキ大将,1969/09/29,1970/03/28,オリジナル版懐かしのアニメソング大全挿入歌編vol.２,仲間達の歌 ',https://www.amazon.co.jp/s?k=TOCT-9259%20%E3%82%AA%E3%83%AA%E3%82%B8%E3%83%8A%E3%83%AB%E7%89%88%E6%87%90%E3%81%8B%E3%81%97%E3%81%AE%E3%82%A2%E3%83%8B%E3%83%A1%E3%82%BD%E3%83%B3%E3%82%B0%E5%A4%A7%E5%85%A8%E6%8C%BF%E5%85%A5%E6%AD%8C%E7%B7%A8vol.%EF%BC%92,東芝EMI,TOCT-9259,２はオリジナル版(歌/グリーン･フィールズ)が存在するかは不明だが､ここではレコードオリジナルとして取り扱う。
タイガーマスク,1969/10/02,1971/09/30,初盤,"OP/タイガーマスク
ED/みなし児のバラード",https://www.amazon.co.jp/s?k=ED%28H%29-1010%20%E5%88%9D%E7%9B%A4,キングレコード,ED(H)-1010,---
タイガーマスク,1969/10/02,1971/09/30,アニメ主題歌大全集(10枚組･通信販売のみ),"OP/タイガーマスク
ED/みなし児のバラード",https://www.amazon.co.jp/s?k=GES-31000%EF%BD%9E9%20%E3%82%A2%E3%83%8B%E3%83%A1%E4%B8%BB%E9%A1%8C%E6%AD%8C%E5%A4%A7%E5%85%A8%E9%9B%86%2810%E6%9E%9A%E7%B5%84%EF%BD%A5%E9%80%9A%E4%BF%A1%E8%B2%A9%E5%A3%B2%E3%81%AE%E3%81%BF%29,コロムビアファミリークラブ,GES-31000～9,---
タイガーマスク,1969/10/02,1971/09/30,テレビまんが主題歌のあゆみ(2枚組),OP/タイガーマスク,https://www.amazon.co.jp/s?k=COCX-33498%EF%BD%9E9%20%E3%83%86%E3%83%AC%E3%83%93%E3%81%BE%E3%82%93%E3%81%8C%E4%B8%BB%E9%A1%8C%E6%AD%8C%E3%81%AE%E3%81%82%E3%82%86%E3%81%BF%282%E6%9E%9A%E7%B5%84%29,日本コロムビア,COCX-33498～9,---
タイガーマスク,1969/10/02,1971/09/30,テレビアニメ スーパーヒストリーvol.４,"OP/タイガーマスク
ED/みなし児のバラード",https://www.amazon.co.jp/s?k=COCC-70052%20%E3%83%86%E3%83%AC%E3%83%93%E3%82%A2%E3%83%8B%E3%83%A1%20%E3%82%B9%E3%83%BC%E3%83%91%E3%83%BC%E3%83%92%E3%82%B9%E3%83%88%E3%83%AA%E3%83%BCvol.%EF%BC%94,日本コロムビア,COCC-70052,---
タイガーマスク,1969/10/02,1971/09/30,アニメ主題歌メモリアル２(10枚組）,"OP/タイガーマスク
ED/みなし児のバラード",https://www.amazon.co.jp/s?k=COCC-13591%EF%BD%9E600%20%E3%82%A2%E3%83%8B%E3%83%A1%E4%B8%BB%E9%A1%8C%E6%AD%8C%E3%83%A1%E3%83%A2%E3%83%AA%E3%82%A2%E3%83%AB%EF%BC%92%2810%E6%9E%9A%E7%B5%84%EF%BC%89,日本コロムビア,COCC-13591～600,---
タイガーマスク,1969/10/02,1971/09/30,テレビまんが懐かしのB面コレクション(2枚組),ED/みなし児のバラード,https://www.amazon.co.jp/s?k=COCX-33556%EF%BD%9E7%20%E3%83%86%E3%83%AC%E3%83%93%E3%81%BE%E3%82%93%E3%81%8C%E6%87%90%E3%81%8B%E3%81%97%E3%81%AEB%E9%9D%A2%E3%82%B3%E3%83%AC%E3%82%AF%E3%82%B7%E3%83%A7%E3%83%B3%282%E6%9E%9A%E7%B5%84%29,日本コロムビア,COCX-33556～7,---
タイガーマスク,1969/10/02,1971/09/30,オリジナル版懐かしのアニメソング大全[3] 1968～1970,"OP/タイガーマスク
ED/みなし児のバラード",https://www.amazon.co.jp/s?k=TOCT-8515%20%E3%82%AA%E3%83%AA%E3%82%B8%E3%83%8A%E3%83%AB%E7%89%88%E6%87%90%E3%81%8B%E3%81%97%E3%81%AE%E3%82%A2%E3%83%8B%E3%83%A1%E3%82%BD%E3%83%B3%E3%82%B0%E5%A4%A7%E5%85%A8%5B3%5D%201968%EF%BD%9E1970,東芝EMI,TOCT-8515,１は「行け!タイガーマスク｣と表記。
タイガーマスク,1969/10/02,1971/09/30,懐かしのミュージッククリップ11 「タイガーマスク」,"OP/タイガーマスク
ED/みなし児のバラード",https://www.amazon.co.jp/s?k=TOCT-9811%20%E6%87%90%E3%81%8B%E3%81%97%E3%81%AE%E3%83%9F%E3%83%A5%E3%83%BC%E3%82%B8%E3%83%83%E3%82%AF%E3%82%AF%E3%83%AA%E3%83%83%E3%83%9711%20%E3%80%8C%E3%82%BF%E3%82%A4%E3%82%AC%E3%83%BC%E3%83%9E%E3%82%B9%E3%82%AF%E3%80%8D,東芝EMI,TOCT-9811,---
タイガーマスク,1969/10/02,1971/09/30,21世紀に遺したい アニメソング大全ミレニアムボックス（6枚組）,"OP/タイガーマスク
ED/みなし児のバラード",https://www.amazon.co.jp/s?k=TOCT-24381%EF%BD%9E6%2021%E4%B8%96%E7%B4%80%E3%81%AB%E9%81%BA%E3%81%97%E3%81%9F%E3%81%84%20%E3%82%A2%E3%83%8B%E3%83%A1%E3%82%BD%E3%83%B3%E3%82%B0%E5%A4%A7%E5%85%A8%E3%83%9F%E3%83%AC%E3%83%8B%E3%82%A2%E3%83%A0%E3%83%9C%E3%83%83%E3%82%AF%E3%82%B9%EF%BC%886%E6%9E%9A%E7%B5%84%EF%BC%89,東芝EMI,TOCT-24381～6,---
タイガーマスク,1969/10/02,1971/09/30,朝日ソノラマ主題歌コレクション４,"OP/タイガーマスク
ED/みなし児のバラード",https://www.amazon.co.jp/s?k=TOCT-25077%EF%BD%9E8%20%E6%9C%9D%E6%97%A5%E3%82%BD%E3%83%8E%E3%83%A9%E3%83%9E%E4%B8%BB%E9%A1%8C%E6%AD%8C%E3%82%B3%E3%83%AC%E3%82%AF%E3%82%B7%E3%83%A7%E3%83%B3%EF%BC%94,東芝EMI,TOCT-25077～8,---
タイガーマスク,1969/10/02,1971/09/30,永久保存盤 朝日ソノラマ大全集(5枚組),"OP/タイガーマスク
ED/みなし児のバラード",https://www.amazon.co.jp/s?k=COCX-34642%EF%BD%9E6%20%E6%B0%B8%E4%B9%85%E4%BF%9D%E5%AD%98%E7%9B%A4%20%E6%9C%9D%E6%97%A5%E3%82%BD%E3%83%8E%E3%83%A9%E3%83%9E%E5%A4%A7%E5%85%A8%E9%9B%86%285%E6%9E%9A%E7%B5%84%29,日本コロムビア,COCX-34642～6,---
ハクション大魔王,1969/10/05,1970/09/27,初盤,"OP・ED/ハクション大魔王のうた
ED・OP/アクビ娘",https://www.amazon.co.jp/s?k=SCS-89%20%E5%88%9D%E7%9B%A4,日本コロムビア,SCS-89,---
ハクション大魔王,1969/10/05,1970/09/27,テレビまんが主題歌のあゆみ(2枚組),OP・ED/ハクション大魔王のうた,https://www.amazon.co.jp/s?k=COCX-33498%EF%BD%9E9%20%E3%83%86%E3%83%AC%E3%83%93%E3%81%BE%E3%82%93%E3%81%8C%E4%B8%BB%E9%A1%8C%E6%AD%8C%E3%81%AE%E3%81%82%E3%82%86%E3%81%BF%282%E6%9E%9A%E7%B5%84%29,日本コロムビア,COCX-33498～9,---
ハクション大魔王,1969/10/05,1970/09/27,テレビアニメ スーパーヒストリーvol.４,"OP・ED/ハクション大魔王のうた
ED・OP/アクビ娘",https://www.amazon.co.jp/s?k=COCC-70052%20%E3%83%86%E3%83%AC%E3%83%93%E3%82%A2%E3%83%8B%E3%83%A1%20%E3%82%B9%E3%83%BC%E3%83%91%E3%83%BC%E3%83%92%E3%82%B9%E3%83%88%E3%83%AA%E3%83%BCvol.%EF%BC%94,日本コロムビア,COCC-70052,---
ハクション大魔王,1969/10/05,1970/09/27,アニメ主題歌メモリアル(10枚組･通信販売）,"OP・ED/ハクション大魔王のうた
ED・OP/アクビ娘",https://www.amazon.co.jp/s?k=GES-30526%EF%BD%9E35%20%E3%82%A2%E3%83%8B%E3%83%A1%E4%B8%BB%E9%A1%8C%E6%AD%8C%E3%83%A1%E3%83%A2%E3%83%AA%E3%82%A2%E3%83%AB%2810%E6%9E%9A%E7%B5%84%EF%BD%A5%E9%80%9A%E4%BF%A1%E8%B2%A9%E5%A3%B2%EF%BC%89,コロムビアファミリークラブ,GES-30526～35,---
ハクション大魔王,1969/10/05,1970/09/27,テレビまんが懐かしのB面コレクション(2枚組),ED・OP/アクビ娘,https://www.amazon.co.jp/s?k=COCC-10247%EF%BD%9E8%20%E3%83%86%E3%83%AC%E3%83%93%E3%81%BE%E3%82%93%E3%81%8C%E6%87%90%E3%81%8B%E3%81%97%E3%81%AEB%E9%9D%A2%E3%82%B3%E3%83%AC%E3%82%AF%E3%82%B7%E3%83%A7%E3%83%B3%282%E6%9E%9A%E7%B5%84%29,日本コロムビア,COCC-10247～8,---
サザエさん,1969/10/05,放送中,初盤,"OP/サザエさん
ED/サザエさん一家",https://www.amazon.co.jp/s?k=TC-1135%20%E5%88%9D%E7%9B%A4,東芝,TC-1135,---
サザエさん,1969/10/05,放送中,アニメ主題歌大全集(10枚組･通信販売のみ),"OP/サザエさん
ED/サザエさん一家",https://www.amazon.co.jp/s?k=GES-31000%EF%BD%9E9%20%E3%82%A2%E3%83%8B%E3%83%A1%E4%B8%BB%E9%A1%8C%E6%AD%8C%E5%A4%A7%E5%85%A8%E9%9B%86%2810%E6%9E%9A%E7%B5%84%EF%BD%A5%E9%80%9A%E4%BF%A1%E8%B2%A9%E5%A3%B2%E3%81%AE%E3%81%BF%29,コロムビアファミリークラブ,GES-31000～9,---
サザエさん,1969/10/05,放送中,オリジナル版懐かしのアニメソング大全[3] 1968～1970,"OP/サザエさん
ED/サザエさん一家",https://www.amazon.co.jp/s?k=TOCT-8515%20%E3%82%AA%E3%83%AA%E3%82%B8%E3%83%8A%E3%83%AB%E7%89%88%E6%87%90%E3%81%8B%E3%81%97%E3%81%AE%E3%82%A2%E3%83%8B%E3%83%A1%E3%82%BD%E3%83%B3%E3%82%B0%E5%A4%A7%E5%85%A8%5B3%5D%201968%EF%BD%9E1970,東芝EMI,TOCT-8515,---
サザエさん,1969/10/05,放送中,21世紀に遺したい アニメソング大全ミレニアムボックス（6枚組）,"OP/サザエさん
ED/サザエさん一家",https://www.amazon.co.jp/s?k=TOCT-24381%EF%BD%9E6%2021%E4%B8%96%E7%B4%80%E3%81%AB%E9%81%BA%E3%81%97%E3%81%9F%E3%81%84%20%E3%82%A2%E3%83%8B%E3%83%A1%E3%82%BD%E3%83%B3%E3%82%B0%E5%A4%A7%E5%85%A8%E3%83%9F%E3%83%AC%E3%83%8B%E3%82%A2%E3%83%A0%E3%83%9C%E3%83%83%E3%82%AF%E3%82%B9%EF%BC%886%E6%9E%9A%E7%B5%84%EF%BC%89,東芝EMI,TOCT-24381～6,---
サザエさん,1969/10/05,放送中,サザエさん 音楽大全,"OP/サザエさん
ED/サザエさん一家",https://www.amazon.co.jp/s?k=TYCN-60100%20%E3%82%B5%E3%82%B6%E3%82%A8%E3%81%95%E3%82%93%20%E9%9F%B3%E6%A5%BD%E5%A4%A7%E5%85%A8,ユニバーサル,TYCN-60100,---
ムーミン,1969/10/05,1970/12/27,初盤,"OP・ED/ムーミンのテーマ
ノンノンのテーマ",https://www.amazon.co.jp/s?k=P-51%20%E5%88%9D%E7%9B%A4,朝日ソノラマ,P-51,---
ムーミン,1969/10/05,1970/12/27,オリジナル版懐かしのアニメソング大全[3] 1968～1970,OP・ED/ムーミンのテーマ,https://www.amazon.co.jp/s?k=TOCT-8515%20%E3%82%AA%E3%83%AA%E3%82%B8%E3%83%8A%E3%83%AB%E7%89%88%E6%87%90%E3%81%8B%E3%81%97%E3%81%AE%E3%82%A2%E3%83%8B%E3%83%A1%E3%82%BD%E3%83%B3%E3%82%B0%E5%A4%A7%E5%85%A8%5B3%5D%201968%EF%BD%9E1970,東芝EMI,TOCT-8515,---
ムーミン,1969/10/05,1970/12/27,懐かしのミュージッククリップ20 「ムーミン」,"OP・ED/ムーミンのテーマ
ノンノンのテーマ",https://www.amazon.co.jp/s?k=TOCT-9820%20%E6%87%90%E3%81%8B%E3%81%97%E3%81%AE%E3%83%9F%E3%83%A5%E3%83%BC%E3%82%B8%E3%83%83%E3%82%AF%E3%82%AF%E3%83%AA%E3%83%83%E3%83%9720%20%E3%80%8C%E3%83%A0%E3%83%BC%E3%83%9F%E3%83%B3%E3%80%8D,東芝EMI,TOCT-9820,---
ムーミン,1969/10/05,1970/12/27,21世紀に遺したい アニメソング大全ミレニアムボックス（6枚組）,OP・ED/ムーミンのテーマ,https://www.amazon.co.jp/s?k=TOCT-24381%EF%BD%9E6%2021%E4%B8%96%E7%B4%80%E3%81%AB%E9%81%BA%E3%81%97%E3%81%9F%E3%81%84%20%E3%82%A2%E3%83%8B%E3%83%A1%E3%82%BD%E3%83%B3%E3%82%B0%E5%A4%A7%E5%85%A8%E3%83%9F%E3%83%AC%E3%83%8B%E3%82%A2%E3%83%A0%E3%83%9C%E3%83%83%E3%82%AF%E3%82%B9%EF%BC%886%E6%9E%9A%E7%B5%84%EF%BC%89,東芝EMI,TOCT-24381～6,---
ムーミン,1969/10/05,1970/12/27,ZUIYO アンソロジー 1969～1983,OP・ED/ムーミンのテーマ,https://www.amazon.co.jp/s?k=AYCM-656%20ZUIYO%20%E3%82%A2%E3%83%B3%E3%82%BD%E3%83%AD%E3%82%B8%E3%83%BC%201969%EF%BD%9E1983,エアーズ,AYCM-656,---
アタック№１,1969/12/07,1971/11/28,初盤,"ED/バン・ボ・ボン
OP/アタック№１ (歌/大杉久美子)",https://www.amazon.co.jp/s?k=TC-1144%20%E5%88%9D%E7%9B%A4,東芝,TC-1144,---
アタック№１,1969/12/07,1971/11/28,初盤,"OP/アタック№１の歌 (歌/小鳩くるみ)
ED/バン・ボ・ボン",https://www.amazon.co.jp/s?k=BX-71%20%E5%88%9D%E7%9B%A4,ビクター,BX-71,---
アタック№１,1969/12/07,1971/11/28,アニメ主題歌大全集(10枚組･通信販売のみ),OP/アタック№１の歌 (歌/小鳩くるみ),https://www.amazon.co.jp/s?k=GES-31000%EF%BD%9E9%20%E3%82%A2%E3%83%8B%E3%83%A1%E4%B8%BB%E9%A1%8C%E6%AD%8C%E5%A4%A7%E5%85%A8%E9%9B%86%2810%E6%9E%9A%E7%B5%84%EF%BD%A5%E9%80%9A%E4%BF%A1%E8%B2%A9%E5%A3%B2%E3%81%AE%E3%81%BF%29,コロムビアファミリークラブ,GES-31000～9,---
アタック№１,1969/12/07,1971/11/28,テレビまんが主題歌のあゆみ(2枚組),OP/アタック№１ (歌/大杉久美子),https://www.amazon.co.jp/s?k=COCX-33498%EF%BD%9E9%20%E3%83%86%E3%83%AC%E3%83%93%E3%81%BE%E3%82%93%E3%81%8C%E4%B8%BB%E9%A1%8C%E6%AD%8C%E3%81%AE%E3%81%82%E3%82%86%E3%81%BF%282%E6%9E%9A%E7%B5%84%29,日本コロムビア,COCX-33498～9,---
アタック№１,1969/12/07,1971/11/28,テレビアニメ スーパーヒストリーvol.４,"ED/バン・ボ・ボン
OP/アタック№１ (歌/大杉久美子)",https://www.amazon.co.jp/s?k=COCC-70052%20%E3%83%86%E3%83%AC%E3%83%93%E3%82%A2%E3%83%8B%E3%83%A1%20%E3%82%B9%E3%83%BC%E3%83%91%E3%83%BC%E3%83%92%E3%82%B9%E3%83%88%E3%83%AA%E3%83%BCvol.%EF%BC%94,日本コロムビア,COCC-70052,---
アタック№１,1969/12/07,1971/11/28,アニメ主題歌メモリアル(10枚組･通信販売）,"ED/バン・ボ・ボン
OP/アタック№１ (歌/大杉久美子)",https://www.amazon.co.jp/s?k=GES-30526%EF%BD%9E35%20%E3%82%A2%E3%83%8B%E3%83%A1%E4%B8%BB%E9%A1%8C%E6%AD%8C%E3%83%A1%E3%83%A2%E3%83%AA%E3%82%A2%E3%83%AB%2810%E6%9E%9A%E7%B5%84%EF%BD%A5%E9%80%9A%E4%BF%A1%E8%B2%A9%E5%A3%B2%EF%BC%89,コロムビアファミリークラブ,GES-30526～35,---
アタック№１,1969/12/07,1971/11/28,テレビまんが懐かしのB面コレクション(2枚組),ED/バン・ボ・ボン,https://www.amazon.co.jp/s?k=COCX-33556%EF%BD%9E7%20%E3%83%86%E3%83%AC%E3%83%93%E3%81%BE%E3%82%93%E3%81%8C%E6%87%90%E3%81%8B%E3%81%97%E3%81%AEB%E9%9D%A2%E3%82%B3%E3%83%AC%E3%82%AF%E3%82%B7%E3%83%A7%E3%83%B3%282%E6%9E%9A%E7%B5%84%29,日本コロムビア,COCX-33556～7,---
アタック№１,1969/12/07,1971/11/28,オリジナル版懐かしのアニメソング大全[3] 1968～1970,"ED/バン・ボ・ボン
OP/アタック№１ (歌/大杉久美子)",https://www.amazon.co.jp/s?k=TOCT-8515%20%E3%82%AA%E3%83%AA%E3%82%B8%E3%83%8A%E3%83%AB%E7%89%88%E6%87%90%E3%81%8B%E3%81%97%E3%81%AE%E3%82%A2%E3%83%8B%E3%83%A1%E3%82%BD%E3%83%B3%E3%82%B0%E5%A4%A7%E5%85%A8%5B3%5D%201968%EF%BD%9E1970,東芝EMI,TOCT-8515,---
アタック№１,1969/12/07,1971/11/28,21世紀に遺したい アニメソング大全ミレニアムボックス（6枚組）,"ED/バン・ボ・ボン
OP/アタック№１ (歌/大杉久美子)",https://www.amazon.co.jp/s?k=TOCT-24381%EF%BD%9E6%2021%E4%B8%96%E7%B4%80%E3%81%AB%E9%81%BA%E3%81%97%E3%81%9F%E3%81%84%20%E3%82%A2%E3%83%8B%E3%83%A1%E3%82%BD%E3%83%B3%E3%82%B0%E5%A4%A7%E5%85%A8%E3%83%9F%E3%83%AC%E3%83%8B%E3%82%A2%E3%83%A0%E3%83%9C%E3%83%83%E3%82%AF%E3%82%B9%EF%BC%886%E6%9E%9A%E7%B5%84%EF%BC%89,東芝EMI,TOCT-24381～6,---
アタック№１,1969/12/07,1971/11/28,「アタックNo.1」オリジナル・サウンドトラック,"OP/アタック№１の歌 (歌/小鳩くるみ)
ED/バン・ボ・ボン
OP/アタック№１ (歌/大杉久美子)",https://www.amazon.co.jp/s?k=CDSOL-1323%20%E3%80%8C%E3%82%A2%E3%82%BF%E3%83%83%E3%82%AFNo.1%E3%80%8D%E3%82%AA%E3%83%AA%E3%82%B8%E3%83%8A%E3%83%AB%E3%83%BB%E3%82%B5%E3%82%A6%E3%83%B3%E3%83%89%E3%83%88%E3%83%A9%E3%83%83%E3%82%AF,SOLID,CDSOL-1323,---
アタック№１,1969/12/07,1971/11/28,懐かしのミュージッククリップ５ 「巨人の星/アタック№１」,"OP/アタック№１の歌 (歌/小鳩くるみ)
ED/バン・ボ・ボン
OP/アタック№１ (歌/大杉久美子)",https://www.amazon.co.jp/s?k=TOCT-9360%20%E6%87%90%E3%81%8B%E3%81%97%E3%81%AE%E3%83%9F%E3%83%A5%E3%83%BC%E3%82%B8%E3%83%83%E3%82%AF%E3%82%AF%E3%83%AA%E3%83%83%E3%83%97%EF%BC%95%20%E3%80%8C%E5%B7%A8%E4%BA%BA%E3%81%AE%E6%98%9F/%E3%82%A2%E3%82%BF%E3%83%83%E3%82%AF%E2%84%96%EF%BC%91%E3%80%8D,東芝EMI,TOCT-9360,---
あしたのジョー,1970/04/01,1971/09/29,初盤,"OP/あしたのジョー
ED/ジョーの子守唄",https://www.amazon.co.jp/s?k=P-63%20%E5%88%9D%E7%9B%A4,朝日ソノラマ,P-63,---
あしたのジョー,1970/04/01,1971/09/29,初盤,"OP/あしたのジョー
ED/ジョーの子守唄
ED/力石のテーマ",https://www.amazon.co.jp/s?k=SKD%28H%292002%20%E5%88%9D%E7%9B%A4,キングレコード,SKD(H)2002,LP盤。
あしたのジョー,1970/04/01,1971/09/29,アニメ主題歌大全集(10枚組･通信販売のみ),"OP/あしたのジョー
ED/ジョーの子守唄",https://www.amazon.co.jp/s?k=GES-31000%EF%BD%9E9%20%E3%82%A2%E3%83%8B%E3%83%A1%E4%B8%BB%E9%A1%8C%E6%AD%8C%E5%A4%A7%E5%85%A8%E9%9B%86%2810%E6%9E%9A%E7%B5%84%EF%BD%A5%E9%80%9A%E4%BF%A1%E8%B2%A9%E5%A3%B2%E3%81%AE%E3%81%BF%29,コロムビアファミリークラブ,GES-31000～9,---
あしたのジョー,1970/04/01,1971/09/29,テレビまんが主題歌のあゆみ(2枚組),OP/あしたのジョー,https://www.amazon.co.jp/s?k=COCX-33498%EF%BD%9E9%20%E3%83%86%E3%83%AC%E3%83%93%E3%81%BE%E3%82%93%E3%81%8C%E4%B8%BB%E9%A1%8C%E6%AD%8C%E3%81%AE%E3%81%82%E3%82%86%E3%81%BF%282%E6%9E%9A%E7%B5%84%29,日本コロムビア,COCX-33498～9,---
あしたのジョー,1970/04/01,1971/09/29,テレビアニメ スーパーヒストリーvol.４,"OP/あしたのジョー
ED/ジョーの子守唄",https://www.amazon.co.jp/s?k=COCC-70052%20%E3%83%86%E3%83%AC%E3%83%93%E3%82%A2%E3%83%8B%E3%83%A1%20%E3%82%B9%E3%83%BC%E3%83%91%E3%83%BC%E3%83%92%E3%82%B9%E3%83%88%E3%83%AA%E3%83%BCvol.%EF%BC%94,日本コロムビア,COCC-70052,---
あしたのジョー,1970/04/01,1971/09/29,アニメ主題歌メモリアル２(10枚組）,"OP/あしたのジョー
ED/ジョーの子守唄",https://www.amazon.co.jp/s?k=COCC-13591%EF%BD%9E600%20%E3%82%A2%E3%83%8B%E3%83%A1%E4%B8%BB%E9%A1%8C%E6%AD%8C%E3%83%A1%E3%83%A2%E3%83%AA%E3%82%A2%E3%83%AB%EF%BC%92%2810%E6%9E%9A%E7%B5%84%EF%BC%89,日本コロムビア,COCC-13591～600,---
あしたのジョー,1970/04/01,1971/09/29,テレビまんが懐かしのB面コレクション(2枚組),ED/ジョーの子守唄,https://www.amazon.co.jp/s?k=COCX-33556%EF%BD%9E7%20%E3%83%86%E3%83%AC%E3%83%93%E3%81%BE%E3%82%93%E3%81%8C%E6%87%90%E3%81%8B%E3%81%97%E3%81%AEB%E9%9D%A2%E3%82%B3%E3%83%AC%E3%82%AF%E3%82%B7%E3%83%A7%E3%83%B3%282%E6%9E%9A%E7%B5%84%29,日本コロムビア,COCX-33556～7,---
あしたのジョー,1970/04/01,1971/09/29,オリジナル版懐かしのアニメソング大全[3] 1968～1970,"OP/あしたのジョー
ED/ジョーの子守唄",https://www.amazon.co.jp/s?k=TOCT-8515%20%E3%82%AA%E3%83%AA%E3%82%B8%E3%83%8A%E3%83%AB%E7%89%88%E6%87%90%E3%81%8B%E3%81%97%E3%81%AE%E3%82%A2%E3%83%8B%E3%83%A1%E3%82%BD%E3%83%B3%E3%82%B0%E5%A4%A7%E5%85%A8%5B3%5D%201968%EF%BD%9E1970,東芝EMI,TOCT-8515,---
あしたのジョー,1970/04/01,1971/09/29,21世紀に遺したい アニメソング大全ミレニアムボックス（6枚組）,"OP/あしたのジョー
ED/ジョーの子守唄
ED/力石のテーマ",https://www.amazon.co.jp/s?k=TOCT-24381%EF%BD%9E6%2021%E4%B8%96%E7%B4%80%E3%81%AB%E9%81%BA%E3%81%97%E3%81%9F%E3%81%84%20%E3%82%A2%E3%83%8B%E3%83%A1%E3%82%BD%E3%83%B3%E3%82%B0%E5%A4%A7%E5%85%A8%E3%83%9F%E3%83%AC%E3%83%8B%E3%82%A2%E3%83%A0%E3%83%9C%E3%83%83%E3%82%AF%E3%82%B9%EF%BC%886%E6%9E%9A%E7%B5%84%EF%BC%89,東芝EMI,TOCT-24381～6,---
あしたのジョー,1970/04/01,1971/09/29,懐かしのミュージッククリップ６ 「あしたのジョー」,"OP/あしたのジョー
ED/ジョーの子守唄
ED/力石のテーマ",https://www.amazon.co.jp/s?k=TOCT-9543%20%E6%87%90%E3%81%8B%E3%81%97%E3%81%AE%E3%83%9F%E3%83%A5%E3%83%BC%E3%82%B8%E3%83%83%E3%82%AF%E3%82%AF%E3%83%AA%E3%83%83%E3%83%97%EF%BC%96%20%E3%80%8C%E3%81%82%E3%81%97%E3%81%9F%E3%81%AE%E3%82%B8%E3%83%A7%E3%83%BC%E3%80%8D,東芝EMI,TOCT-9543,---
あしたのジョー,1970/04/01,1971/09/29,「あしたのジョー」ソングファイル,"OP/あしたのジョー
ED/ジョーの子守唄
ED/力石のテーマ",https://www.amazon.co.jp/s?k=TKCA-72506%20%E3%80%8C%E3%81%82%E3%81%97%E3%81%9F%E3%81%AE%E3%82%B8%E3%83%A7%E3%83%BC%E3%80%8D%E3%82%BD%E3%83%B3%E3%82%B0%E3%83%95%E3%82%A1%E3%82%A4%E3%83%AB,徳間ジャパン,TKCA-72506,---
ばくはつ五郎,1970/04/03,1970/09/25,初盤,"OP/ばくはつ五郎
ED/涙はともだち
『青空学園校歌「桜が光る時計台」』
『青空学園応援歌「もえろ青春」』",https://www.amazon.co.jp/s?k=TC-1148%20%E5%88%9D%E7%9B%A4,東芝,TC-1148,---
ばくはつ五郎,1970/04/03,1970/09/25,アニメ主題歌大全集(10枚組･通信販売のみ),"OP/ばくはつ五郎
ED/涙はともだち",https://www.amazon.co.jp/s?k=GES-31000%EF%BD%9E9%20%E3%82%A2%E3%83%8B%E3%83%A1%E4%B8%BB%E9%A1%8C%E6%AD%8C%E5%A4%A7%E5%85%A8%E9%9B%86%2810%E6%9E%9A%E7%B5%84%EF%BD%A5%E9%80%9A%E4%BF%A1%E8%B2%A9%E5%A3%B2%E3%81%AE%E3%81%BF%29,コロムビアファミリークラブ,GES-31000～9,---
ばくはつ五郎,1970/04/03,1970/09/25,オリジナル版懐かしのアニメソング大全[3] 1968～1970,"OP/ばくはつ五郎
ED/涙はともだち",https://www.amazon.co.jp/s?k=TOCT-8515%20%E3%82%AA%E3%83%AA%E3%82%B8%E3%83%8A%E3%83%AB%E7%89%88%E6%87%90%E3%81%8B%E3%81%97%E3%81%AE%E3%82%A2%E3%83%8B%E3%83%A1%E3%82%BD%E3%83%B3%E3%82%B0%E5%A4%A7%E5%85%A8%5B3%5D%201968%EF%BD%9E1970,東芝EMI,TOCT-8515,---
ばくはつ五郎,1970/04/03,1970/09/25,21世紀に遺したい アニメソング大全ミレニアムボックス（6枚組）,"OP/ばくはつ五郎
ED/涙はともだち",https://www.amazon.co.jp/s?k=TOCT-24381%EF%BD%9E6%2021%E4%B8%96%E7%B4%80%E3%81%AB%E9%81%BA%E3%81%97%E3%81%9F%E3%81%84%20%E3%82%A2%E3%83%8B%E3%83%A1%E3%82%BD%E3%83%B3%E3%82%B0%E5%A4%A7%E5%85%A8%E3%83%9F%E3%83%AC%E3%83%8B%E3%82%A2%E3%83%A0%E3%83%9C%E3%83%83%E3%82%AF%E3%82%B9%EF%BC%886%E6%9E%9A%E7%B5%84%EF%BC%89,東芝EMI,TOCT-24381～6,---
昆虫物語 みなしごハッチ,1970/04/07,1971/12/28,初盤,"OP/みなしごハッチ
ED/ママをたずねて",https://www.amazon.co.jp/s?k=SCS-101%20%E5%88%9D%E7%9B%A4,日本コロムビア,SCS-101,---
昆虫物語 みなしごハッチ,1970/04/07,1971/12/28,テレビまんが主題歌のあゆみ(2枚組),OP/みなしごハッチ,https://www.amazon.co.jp/s?k=COCX-33498%EF%BD%9E9%20%E3%83%86%E3%83%AC%E3%83%93%E3%81%BE%E3%82%93%E3%81%8C%E4%B8%BB%E9%A1%8C%E6%AD%8C%E3%81%AE%E3%81%82%E3%82%86%E3%81%BF%282%E6%9E%9A%E7%B5%84%29,日本コロムビア,COCX-33498～9,---
昆虫物語 みなしごハッチ,1970/04/07,1971/12/28,テレビアニメ スーパーヒストリーvol.４,"OP/みなしごハッチ
ED/ママをたずねて",https://www.amazon.co.jp/s?k=COCC-70052%20%E3%83%86%E3%83%AC%E3%83%93%E3%82%A2%E3%83%8B%E3%83%A1%20%E3%82%B9%E3%83%BC%E3%83%91%E3%83%BC%E3%83%92%E3%82%B9%E3%83%88%E3%83%AA%E3%83%BCvol.%EF%BC%94,日本コロムビア,COCC-70052,---
昆虫物語 みなしごハッチ,1970/04/07,1971/12/28,アニメ主題歌メモリアル(10枚組･通信販売）,"OP/みなしごハッチ
ED/ママをたずねて",https://www.amazon.co.jp/s?k=GES-30526%EF%BD%9E35%20%E3%82%A2%E3%83%8B%E3%83%A1%E4%B8%BB%E9%A1%8C%E6%AD%8C%E3%83%A1%E3%83%A2%E3%83%AA%E3%82%A2%E3%83%AB%2810%E6%9E%9A%E7%B5%84%EF%BD%A5%E9%80%9A%E4%BF%A1%E8%B2%A9%E5%A3%B2%EF%BC%89,コロムビアファミリークラブ,GES-30526～35,---
昆虫物語 みなしごハッチ,1970/04/07,1971/12/28,テレビまんが懐かしのB面コレクション(2枚組),ED/ママをたずねて,https://www.amazon.co.jp/s?k=COCX-33556%EF%BD%9E7%20%E3%83%86%E3%83%AC%E3%83%93%E3%81%BE%E3%82%93%E3%81%8C%E6%87%90%E3%81%8B%E3%81%97%E3%81%AEB%E9%9D%A2%E3%82%B3%E3%83%AC%E3%82%AF%E3%82%B7%E3%83%A7%E3%83%B3%282%E6%9E%9A%E7%B5%84%29,日本コロムビア,COCX-33556～7,---
昆虫物語 みなしごハッチ,1970/04/07,1971/12/28,アニメ主題歌大全集(10枚組･通信販売のみ),"OP/みなしごハッチ
ED/ママをたずねて",https://www.amazon.co.jp/s?k=GES-31000%EF%BD%9E9%20%E3%82%A2%E3%83%8B%E3%83%A1%E4%B8%BB%E9%A1%8C%E6%AD%8C%E5%A4%A7%E5%85%A8%E9%9B%86%2810%E6%9E%9A%E7%B5%84%EF%BD%A5%E9%80%9A%E4%BF%A1%E8%B2%A9%E5%A3%B2%E3%81%AE%E3%81%BF%29,コロムビアファミリークラブ,GES-31000～9,---
赤き血のイレブン,1970/04/13,1971/04/05,初盤,"OP/赤き血のイレブン
ED/わが友 玉井真吾",https://www.amazon.co.jp/s?k=P-66%20%E5%88%9D%E7%9B%A4,朝日ソノラマ,P-66,---
赤き血のイレブン,1970/04/13,1971/04/05,初盤,"OP/赤き血のイレブン
ED/わが友 玉井真吾",https://www.amazon.co.jp/s?k=ES%28H%29-1003%20%E5%88%9D%E7%9B%A4,キングレコード,ES(H)-1003,---
赤き血のイレブン,1970/04/13,1971/04/05,アニメ主題歌メモリアル２(10枚組）,"OP/赤き血のイレブン
ED/わが友 玉井真吾",https://www.amazon.co.jp/s?k=COCC-13591%EF%BD%9E600%20%E3%82%A2%E3%83%8B%E3%83%A1%E4%B8%BB%E9%A1%8C%E6%AD%8C%E3%83%A1%E3%83%A2%E3%83%AA%E3%82%A2%E3%83%AB%EF%BC%92%2810%E6%9E%9A%E7%B5%84%EF%BC%89,日本コロムビア,COCC-13591～600,---
赤き血のイレブン,1970/04/13,1971/04/05,テレビまんが主題歌のあゆみ(2枚組),OP/赤き血のイレブン,https://www.amazon.co.jp/s?k=COCX-33498%EF%BD%9E9%20%E3%83%86%E3%83%AC%E3%83%93%E3%81%BE%E3%82%93%E3%81%8C%E4%B8%BB%E9%A1%8C%E6%AD%8C%E3%81%AE%E3%81%82%E3%82%86%E3%81%BF%282%E6%9E%9A%E7%B5%84%29,日本コロムビア,COCX-33498～9,---
赤き血のイレブン,1970/04/13,1971/04/05,テレビアニメ スーパーヒストリーvol.４,"OP/赤き血のイレブン
ED/わが友 玉井真吾",https://www.amazon.co.jp/s?k=COCC-70052%20%E3%83%86%E3%83%AC%E3%83%93%E3%82%A2%E3%83%8B%E3%83%A1%20%E3%82%B9%E3%83%BC%E3%83%91%E3%83%BC%E3%83%92%E3%82%B9%E3%83%88%E3%83%AA%E3%83%BCvol.%EF%BC%94,日本コロムビア,COCC-70052,---
赤き血のイレブン,1970/04/13,1971/04/05,テレビまんが懐かしのB面コレクション(2枚組),ED/わが友 玉井真吾,https://www.amazon.co.jp/s?k=COCX-33556%EF%BD%9E7%20%E3%83%86%E3%83%AC%E3%83%93%E3%81%BE%E3%82%93%E3%81%8C%E6%87%90%E3%81%8B%E3%81%97%E3%81%AEB%E9%9D%A2%E3%82%B3%E3%83%AC%E3%82%AF%E3%82%B7%E3%83%A7%E3%83%B3%282%E6%9E%9A%E7%B5%84%29,日本コロムビア,COCX-33556～7,---
赤き血のイレブン,1970/04/13,1971/04/05,オリジナル版懐かしのアニメソング大全[4] 1970～1973,"OP/赤き血のイレブン
ED/わが友 玉井真吾",https://www.amazon.co.jp/s?k=TOCT-8516%20%E3%82%AA%E3%83%AA%E3%82%B8%E3%83%8A%E3%83%AB%E7%89%88%E6%87%90%E3%81%8B%E3%81%97%E3%81%AE%E3%82%A2%E3%83%8B%E3%83%A1%E3%82%BD%E3%83%B3%E3%82%B0%E5%A4%A7%E5%85%A8%5B4%5D%201970%EF%BD%9E1973,東芝EMI,TOCT-8516,---
赤き血のイレブン,1970/04/13,1971/04/05,21世紀に遺したい アニメソング大全ミレニアムボックス（6枚組）,"OP/赤き血のイレブン
ED/わが友 玉井真吾",https://www.amazon.co.jp/s?k=TOCT-24381%EF%BD%9E6%2021%E4%B8%96%E7%B4%80%E3%81%AB%E9%81%BA%E3%81%97%E3%81%9F%E3%81%84%20%E3%82%A2%E3%83%8B%E3%83%A1%E3%82%BD%E3%83%B3%E3%82%B0%E5%A4%A7%E5%85%A8%E3%83%9F%E3%83%AC%E3%83%8B%E3%82%A2%E3%83%A0%E3%83%9C%E3%83%83%E3%82%AF%E3%82%B9%EF%BC%886%E6%9E%9A%E7%B5%84%EF%BC%89,東芝EMI,TOCT-24381～6,---
男どアホウ! 甲子園,1970/09/28,1971/03/27,初盤,"OP/男どアホウ! 甲子園
どアホウ賛歌",https://www.amazon.co.jp/s?k=AS-104%20%E5%88%9D%E7%9B%A4,朝日ソノラマ,AS-104,---
男どアホウ! 甲子園,1970/09/28,1971/03/27,テレビまんが主題歌のあゆみ(2枚組),OP/男どアホウ! 甲子園,https://www.amazon.co.jp/s?k=COCX-33498%EF%BD%9E9%20%E3%83%86%E3%83%AC%E3%83%93%E3%81%BE%E3%82%93%E3%81%8C%E4%B8%BB%E9%A1%8C%E6%AD%8C%E3%81%AE%E3%81%82%E3%82%86%E3%81%BF%282%E6%9E%9A%E7%B5%84%29,日本コロムビア,COCX-33498～9,---
男どアホウ! 甲子園,1970/09/28,1971/03/27,アニメ主題歌大全集(10枚組･通信販売のみ),"OP/男どアホウ! 甲子園
どアホウ賛歌",https://www.amazon.co.jp/s?k=GES-31000%EF%BD%9E9%20%E3%82%A2%E3%83%8B%E3%83%A1%E4%B8%BB%E9%A1%8C%E6%AD%8C%E5%A4%A7%E5%85%A8%E9%9B%86%2810%E6%9E%9A%E7%B5%84%EF%BD%A5%E9%80%9A%E4%BF%A1%E8%B2%A9%E5%A3%B2%E3%81%AE%E3%81%BF%29,コロムビアファミリークラブ,GES-31000～9,２は間奏に台詞が入っている。（テイチクVer）
男どアホウ! 甲子園,1970/09/28,1971/03/27,テレビまんが懐かしのB面コレクション(2枚組),どアホウ賛歌,https://www.amazon.co.jp/s?k=COCX-33556%EF%BD%9E7%20%E3%83%86%E3%83%AC%E3%83%93%E3%81%BE%E3%82%93%E3%81%8C%E6%87%90%E3%81%8B%E3%81%97%E3%81%AEB%E9%9D%A2%E3%82%B3%E3%83%AC%E3%82%AF%E3%82%B7%E3%83%A7%E3%83%B3%282%E6%9E%9A%E7%B5%84%29,日本コロムビア,COCX-33556～7,---
男どアホウ! 甲子園,1970/09/28,1971/03/27,オリジナル版懐かしのアニメソング大全[4] 1970～1973,OP/男どアホウ! 甲子園,https://www.amazon.co.jp/s?k=TOCT-8516%20%E3%82%AA%E3%83%AA%E3%82%B8%E3%83%8A%E3%83%AB%E7%89%88%E6%87%90%E3%81%8B%E3%81%97%E3%81%AE%E3%82%A2%E3%83%8B%E3%83%A1%E3%82%BD%E3%83%B3%E3%82%B0%E5%A4%A7%E5%85%A8%5B4%5D%201970%EF%BD%9E1973,東芝EMI,TOCT-8516,---
男どアホウ! 甲子園,1970/09/28,1971/03/27,21世紀に遺したい アニメソング大全ミレニアムボックス（6枚組）,OP/男どアホウ! 甲子園,https://www.amazon.co.jp/s?k=TOCT-24381%EF%BD%9E6%2021%E4%B8%96%E7%B4%80%E3%81%AB%E9%81%BA%E3%81%97%E3%81%9F%E3%81%84%20%E3%82%A2%E3%83%8B%E3%83%A1%E3%82%BD%E3%83%B3%E3%82%B0%E5%A4%A7%E5%85%A8%E3%83%9F%E3%83%AC%E3%83%8B%E3%82%A2%E3%83%A0%E3%83%9C%E3%83%83%E3%82%AF%E3%82%B9%EF%BC%886%E6%9E%9A%E7%B5%84%EF%BC%89,東芝EMI,TOCT-24381～6,---
男どアホウ! 甲子園,1970/09/28,1971/03/27,オリジナル版懐かしのアニメソング大全挿入歌編vol.２,どアホウ賛歌,https://www.amazon.co.jp/s?k=TOCT-9259%20%E3%82%AA%E3%83%AA%E3%82%B8%E3%83%8A%E3%83%AB%E7%89%88%E6%87%90%E3%81%8B%E3%81%97%E3%81%AE%E3%82%A2%E3%83%8B%E3%83%A1%E3%82%BD%E3%83%B3%E3%82%B0%E5%A4%A7%E5%85%A8%E6%8C%BF%E5%85%A5%E6%AD%8C%E7%B7%A8vol.%EF%BC%92,東芝EMI,TOCT-9259,---
キックの鬼,1970/10/02,1971/03/26,初盤,"OP/キックの鬼
ED/キックのあけぼの",https://www.amazon.co.jp/s?k=AS-105%20%E5%88%9D%E7%9B%A4,朝日ソノラマ,AS-105,---
キックの鬼,1970/10/02,1971/03/26,初盤,"OP/キックの鬼
ED/キックのあけぼの",https://www.amazon.co.jp/s?k=TC-1155%20%E5%88%9D%E7%9B%A4,東芝,TC-1155,---
キックの鬼,1970/10/02,1971/03/26,アニメ主題歌大全集(10枚組･通信販売のみ),"OP/キックの鬼
ED/キックのあけぼの",https://www.amazon.co.jp/s?k=GES-31000%EF%BD%9E9%20%E3%82%A2%E3%83%8B%E3%83%A1%E4%B8%BB%E9%A1%8C%E6%AD%8C%E5%A4%A7%E5%85%A8%E9%9B%86%2810%E6%9E%9A%E7%B5%84%EF%BD%A5%E9%80%9A%E4%BF%A1%E8%B2%A9%E5%A3%B2%E3%81%AE%E3%81%BF%29,コロムビアファミリークラブ,GES-31000～9,---
キックの鬼,1970/10/02,1971/03/26,オリジナル版懐かしのアニメソング大全[4] 1970～1973,"OP/キックの鬼
ED/キックのあけぼの",https://www.amazon.co.jp/s?k=TOCT-8516%20%E3%82%AA%E3%83%AA%E3%82%B8%E3%83%8A%E3%83%AB%E7%89%88%E6%87%90%E3%81%8B%E3%81%97%E3%81%AE%E3%82%A2%E3%83%8B%E3%83%A1%E3%82%BD%E3%83%B3%E3%82%B0%E5%A4%A7%E5%85%A8%5B4%5D%201970%EF%BD%9E1973,東芝EMI,TOCT-8516,---
キックの鬼,1970/10/02,1971/03/26,21世紀に遺したい アニメソング大全ミレニアムボックス（6枚組）,"OP/キックの鬼
ED/キックのあけぼの",https://www.amazon.co.jp/s?k=TOCT-24381%EF%BD%9E6%2021%E4%B8%96%E7%B4%80%E3%81%AB%E9%81%BA%E3%81%97%E3%81%9F%E3%81%84%20%E3%82%A2%E3%83%8B%E3%83%A1%E3%82%BD%E3%83%B3%E3%82%B0%E5%A4%A7%E5%85%A8%E3%83%9F%E3%83%AC%E3%83%8B%E3%82%A2%E3%83%A0%E3%83%9C%E3%83%83%E3%82%AF%E3%82%B9%EF%BC%886%E6%9E%9A%E7%B5%84%EF%BC%89,東芝EMI,TOCT-24381～6,---
キックの鬼,1970/10/02,1971/03/26,懐かしのミュージッククリップ27 「キックの鬼」,"OP/キックの鬼
ED/キックのあけぼの",https://www.amazon.co.jp/s?k=TOCT-9933%20%E6%87%90%E3%81%8B%E3%81%97%E3%81%AE%E3%83%9F%E3%83%A5%E3%83%BC%E3%82%B8%E3%83%83%E3%82%AF%E3%82%AF%E3%83%AA%E3%83%83%E3%83%9727%20%E3%80%8C%E3%82%AD%E3%83%83%E3%82%AF%E3%81%AE%E9%AC%BC%E3%80%8D,東芝EMI,TOCT-9933,---
いじわるばあさん,1970/10/03,1971/08/18,---,"ED/さすらいの“いじわるゲリラ” '
「ペケペケソング」",https://www.amazon.co.jp/s?k=FS-1158,フィリップス,FS-1158,２'はTV版とはかなり異なっているらしいが、現在唯一確認できる音源なので レコードオリジナルとして取り扱う。
いじわるばあさん,1970/10/03,1971/08/18,オリジナル版懐かしのアニメソング大全[4] 1970～1973,ED/さすらいの“いじわるゲリラ” ',https://www.amazon.co.jp/s?k=TOCT-8516%20%E3%82%AA%E3%83%AA%E3%82%B8%E3%83%8A%E3%83%AB%E7%89%88%E6%87%90%E3%81%8B%E3%81%97%E3%81%AE%E3%82%A2%E3%83%8B%E3%83%A1%E3%82%BD%E3%83%B3%E3%82%B0%E5%A4%A7%E5%85%A8%5B4%5D%201970%EF%BD%9E1973,東芝EMI,TOCT-8516,TV版とはかなり異なっているらしいが、現在唯一確認できる音源なので
いじわるばあさん,1970/10/03,1971/08/18,21世紀に遺したい アニメソング大全ミレニアムボックス（6枚組）,ED/さすらいの“いじわるゲリラ” ',https://www.amazon.co.jp/s?k=TOCT-24381%EF%BD%9E6%2021%E4%B8%96%E7%B4%80%E3%81%AB%E9%81%BA%E3%81%97%E3%81%9F%E3%81%84%20%E3%82%A2%E3%83%8B%E3%83%A1%E3%82%BD%E3%83%B3%E3%82%B0%E5%A4%A7%E5%85%A8%E3%83%9F%E3%83%AC%E3%83%8B%E3%82%A2%E3%83%A0%E3%83%9C%E3%83%83%E3%82%AF%E3%82%B9%EF%BC%886%E6%9E%9A%E7%B5%84%EF%BC%89,東芝EMI,TOCT-24381～6,レコードオリジナルとして取り扱う。
いなかっぺ大将,1970/10/04,1972/09/24,初盤,"OP/大ちゃん数え唄
ED/いなかっぺ大将",https://www.amazon.co.jp/s?k=SCS-114%20%E5%88%9D%E7%9B%A4,日本コロムビア,SCS-114,---
いなかっぺ大将,1970/10/04,1972/09/24,テレビまんが主題歌のあゆみ(2枚組),OP/大ちゃん数え唄,https://www.amazon.co.jp/s?k=COCX-33498%EF%BD%9E9%20%E3%83%86%E3%83%AC%E3%83%93%E3%81%BE%E3%82%93%E3%81%8C%E4%B8%BB%E9%A1%8C%E6%AD%8C%E3%81%AE%E3%81%82%E3%82%86%E3%81%BF%282%E6%9E%9A%E7%B5%84%29,日本コロムビア,COCX-33498～9,---
いなかっぺ大将,1970/10/04,1972/09/24,テレビアニメ スーパーヒストリーvol.５,"OP/大ちゃん数え唄
ED/いなかっぺ大将",https://www.amazon.co.jp/s?k=COCC-70053%20%E3%83%86%E3%83%AC%E3%83%93%E3%82%A2%E3%83%8B%E3%83%A1%20%E3%82%B9%E3%83%BC%E3%83%91%E3%83%BC%E3%83%92%E3%82%B9%E3%83%88%E3%83%AA%E3%83%BCvol.%EF%BC%95,日本コロムビア,COCC-70053,---
いなかっぺ大将,1970/10/04,1972/09/24,アニメ主題歌メモリアル(10枚組･通信販売）,"OP/大ちゃん数え唄
ED/いなかっぺ大将",https://www.amazon.co.jp/s?k=GES-30526%EF%BD%9E35%20%E3%82%A2%E3%83%8B%E3%83%A1%E4%B8%BB%E9%A1%8C%E6%AD%8C%E3%83%A1%E3%83%A2%E3%83%AA%E3%82%A2%E3%83%AB%2810%E6%9E%9A%E7%B5%84%EF%BD%A5%E9%80%9A%E4%BF%A1%E8%B2%A9%E5%A3%B2%EF%BC%89,コロムビアファミリークラブ,GES-30526～35,---
いなかっぺ大将,1970/10/04,1972/09/24,テレビまんが懐かしのB面コレクション(2枚組),ED/いなかっぺ大将,https://www.amazon.co.jp/s?k=COCX-33556%EF%BD%9E7%20%E3%83%86%E3%83%AC%E3%83%93%E3%81%BE%E3%82%93%E3%81%8C%E6%87%90%E3%81%8B%E3%81%97%E3%81%AEB%E9%9D%A2%E3%82%B3%E3%83%AC%E3%82%AF%E3%82%B7%E3%83%A7%E3%83%B3%282%E6%9E%9A%E7%B5%84%29,日本コロムビア,COCX-33556～7,---
いなかっぺ大将,1970/10/04,1972/09/24,アニメ主題歌大全集(10枚組･通信販売のみ),"OP/大ちゃん数え唄
ED/いなかっぺ大将",https://www.amazon.co.jp/s?k=GES-31000%EF%BD%9E9%20%E3%82%A2%E3%83%8B%E3%83%A1%E4%B8%BB%E9%A1%8C%E6%AD%8C%E5%A4%A7%E5%85%A8%E9%9B%86%2810%E6%9E%9A%E7%B5%84%EF%BD%A5%E9%80%9A%E4%BF%A1%E8%B2%A9%E5%A3%B2%E3%81%AE%E3%81%BF%29,コロムビアファミリークラブ,GES-31000～9,---
のらくろ,1970/10/05,1971/03/29,初盤,"OP/しっぽはぐぐんと
ED/アイアイミコちゃん
ED/どこからぼくは",https://www.amazon.co.jp/s?k=ES%28H%29-1008%20%E5%88%9D%E7%9B%A4,キングレコード,ES(H)-1008,---
のらくろ,1970/10/05,1971/03/29,アニメ主題歌大全集(10枚組･通信販売のみ),"OP/しっぽはぐぐんと
ED/アイアイミコちゃん
ED/どこからぼくは",https://www.amazon.co.jp/s?k=GES-31000%EF%BD%9E9%20%E3%82%A2%E3%83%8B%E3%83%A1%E4%B8%BB%E9%A1%8C%E6%AD%8C%E5%A4%A7%E5%85%A8%E9%9B%86%2810%E6%9E%9A%E7%B5%84%EF%BD%A5%E9%80%9A%E4%BF%A1%E8%B2%A9%E5%A3%B2%E3%81%AE%E3%81%BF%29,コロムビアファミリークラブ,GES-31000～9,---
のらくろ,1970/10/05,1971/03/29,テレビ主題歌黄金時代 アニメ＆バラエティ編,"OP/しっぽはぐぐんと
ED/アイアイミコちゃん",https://www.amazon.co.jp/s?k=KICS-2185%20%E3%83%86%E3%83%AC%E3%83%93%E4%B8%BB%E9%A1%8C%E6%AD%8C%E9%BB%84%E9%87%91%E6%99%82%E4%BB%A3%20%E3%82%A2%E3%83%8B%E3%83%A1%EF%BC%86%E3%83%90%E3%83%A9%E3%82%A8%E3%83%86%E3%82%A3%E7%B7%A8,キングレコード,KICS-2185,---
のらくろ,1970/10/05,1971/03/29,オリジナル版懐かしのアニメソング大全[4] 1970～1973,"OP/しっぽはぐぐんと
ED/アイアイミコちゃん",https://www.amazon.co.jp/s?k=TOCT-8516%20%E3%82%AA%E3%83%AA%E3%82%B8%E3%83%8A%E3%83%AB%E7%89%88%E6%87%90%E3%81%8B%E3%81%97%E3%81%AE%E3%82%A2%E3%83%8B%E3%83%A1%E3%82%BD%E3%83%B3%E3%82%B0%E5%A4%A7%E5%85%A8%5B4%5D%201970%EF%BD%9E1973,東芝EMI,TOCT-8516,---
のらくろ,1970/10/05,1971/03/29,21世紀に遺したい アニメソング大全ミレニアムボックス（6枚組）,"OP/しっぽはぐぐんと
ED/アイアイミコちゃん
ED/どこからぼくは",https://www.amazon.co.jp/s?k=TOCT-24381%EF%BD%9E6%2021%E4%B8%96%E7%B4%80%E3%81%AB%E9%81%BA%E3%81%97%E3%81%9F%E3%81%84%20%E3%82%A2%E3%83%8B%E3%83%A1%E3%82%BD%E3%83%B3%E3%82%B0%E5%A4%A7%E5%85%A8%E3%83%9F%E3%83%AC%E3%83%8B%E3%82%A2%E3%83%A0%E3%83%9C%E3%83%83%E3%82%AF%E3%82%B9%EF%BC%886%E6%9E%9A%E7%B5%84%EF%BC%89,東芝EMI,TOCT-24381～6,１は冒頭に起床ラッパのメロディが入る。(TV版は進軍ラッパ)
魔法のマコちゃん,1970/11/02,1971/09/27,初盤,"OP/魔法のマコちゃん
ED/ぼくはマコについてゆく",https://www.amazon.co.jp/s?k=AS-103%20%E5%88%9D%E7%9B%A4,朝日ソノラマ,AS-103,---
魔法のマコちゃん,1970/11/02,1971/09/27,初盤,"OP/魔法のマコちゃん
ED/ぼくはマコについてゆく",https://www.amazon.co.jp/s?k=SCS-118%20%E5%88%9D%E7%9B%A4,日本コロムビア,SCS-118,---
魔法のマコちゃん,1970/11/02,1971/09/27,テレビまんが主題歌のあゆみ(2枚組),OP/魔法のマコちゃん,https://www.amazon.co.jp/s?k=COCX-33498%EF%BD%9E9%20%E3%83%86%E3%83%AC%E3%83%93%E3%81%BE%E3%82%93%E3%81%8C%E4%B8%BB%E9%A1%8C%E6%AD%8C%E3%81%AE%E3%81%82%E3%82%86%E3%81%BF%282%E6%9E%9A%E7%B5%84%29,日本コロムビア,COCX-33498～9,---
魔法のマコちゃん,1970/11/02,1971/09/27,テレビアニメ スーパーヒストリーvol.５,"OP/魔法のマコちゃん
ED/ぼくはマコについてゆく",https://www.amazon.co.jp/s?k=COCC-70053%20%E3%83%86%E3%83%AC%E3%83%93%E3%82%A2%E3%83%8B%E3%83%A1%20%E3%82%B9%E3%83%BC%E3%83%91%E3%83%BC%E3%83%92%E3%82%B9%E3%83%88%E3%83%AA%E3%83%BCvol.%EF%BC%95,日本コロムビア,COCC-70053,---
魔法のマコちゃん,1970/11/02,1971/09/27,アニメ主題歌メモリアル(10枚組･通信販売）,"OP/魔法のマコちゃん
ED/ぼくはマコについてゆく",https://www.amazon.co.jp/s?k=GES-30526%EF%BD%9E35%20%E3%82%A2%E3%83%8B%E3%83%A1%E4%B8%BB%E9%A1%8C%E6%AD%8C%E3%83%A1%E3%83%A2%E3%83%AA%E3%82%A2%E3%83%AB%2810%E6%9E%9A%E7%B5%84%EF%BD%A5%E9%80%9A%E4%BF%A1%E8%B2%A9%E5%A3%B2%EF%BC%89,コロムビアファミリークラブ,GES-30526～35,---
魔法のマコちゃん,1970/11/02,1971/09/27,テレビまんが懐かしのB面コレクション(2枚組),ED/ぼくはマコについてゆく,https://www.amazon.co.jp/s?k=COCX-33556%EF%BD%9E7%20%E3%83%86%E3%83%AC%E3%83%93%E3%81%BE%E3%82%93%E3%81%8C%E6%87%90%E3%81%8B%E3%81%97%E3%81%AEB%E9%9D%A2%E3%82%B3%E3%83%AC%E3%82%AF%E3%82%B7%E3%83%A7%E3%83%B3%282%E6%9E%9A%E7%B5%84%29,日本コロムビア,COCX-33556～7,---
カバトット,1971/01/01,1972/09/30,初盤,"OP/カバトットのサンバ
カバトット",https://www.amazon.co.jp/s?k=SCS-125%20%E5%88%9D%E7%9B%A4,日本コロムビア,SCS-125,---
カバトット,1971/01/01,1972/09/30,続･テレビまんが主題歌のあゆみ(2枚組),OP/カバトットのサンバ,https://www.amazon.co.jp/s?k=COCX-33500%EF%BD%9E1%20%E7%B6%9A%EF%BD%A5%E3%83%86%E3%83%AC%E3%83%93%E3%81%BE%E3%82%93%E3%81%8C%E4%B8%BB%E9%A1%8C%E6%AD%8C%E3%81%AE%E3%81%82%E3%82%86%E3%81%BF%282%E6%9E%9A%E7%B5%84%29,日本コロムビア,COCX-33500～1,---
カバトット,1971/01/01,1972/09/30,テレビアニメ スーパーヒストリーvol.５,"OP/カバトットのサンバ
カバトット",https://www.amazon.co.jp/s?k=COCC-70053%20%E3%83%86%E3%83%AC%E3%83%93%E3%82%A2%E3%83%8B%E3%83%A1%20%E3%82%B9%E3%83%BC%E3%83%91%E3%83%BC%E3%83%92%E3%82%B9%E3%83%88%E3%83%AA%E3%83%BCvol.%EF%BC%95,日本コロムビア,COCC-70053,---
カバトット,1971/01/01,1972/09/30,アニメ主題歌メモリアル(10枚組･通信販売）,"OP/カバトットのサンバ
カバトット",https://www.amazon.co.jp/s?k=GES-30526%EF%BD%9E35%20%E3%82%A2%E3%83%8B%E3%83%A1%E4%B8%BB%E9%A1%8C%E6%AD%8C%E3%83%A1%E3%83%A2%E3%83%AA%E3%82%A2%E3%83%AB%2810%E6%9E%9A%E7%B5%84%EF%BD%A5%E9%80%9A%E4%BF%A1%E8%B2%A9%E5%A3%B2%EF%BC%89,コロムビアファミリークラブ,GES-30526～35,---
カバトット,1971/01/01,1972/09/30,続･テレビまんが懐かしのB面コレクション(2枚組),カバトット,https://www.amazon.co.jp/s?k=COCX-33558%EF%BD%9E9%20%E7%B6%9A%EF%BD%A5%E3%83%86%E3%83%AC%E3%83%93%E3%81%BE%E3%82%93%E3%81%8C%E6%87%90%E3%81%8B%E3%81%97%E3%81%AEB%E9%9D%A2%E3%82%B3%E3%83%AC%E3%82%AF%E3%82%B7%E3%83%A7%E3%83%B3%282%E6%9E%9A%E7%B5%84%29,日本コロムビア,COCX-33558～9,---
アンデルセン物語,1971/01/03,1971/12/26,初盤,"OP/ミスター･アンデルセン
ED/キャンティのうた",https://www.amazon.co.jp/s?k=AS-115%20%E5%88%9D%E7%9B%A4,朝日ソノラマ,AS-115,---
アンデルセン物語,1971/01/03,1971/12/26,初盤,"OP/ミスター･アンデルセン
ED/キャンティのうた
ED/ズッコのうた",https://www.amazon.co.jp/s?k=SCS-123%20%E5%88%9D%E7%9B%A4,日本コロムビア,SCS-123,---
アンデルセン物語,1971/01/03,1971/12/26,続･テレビまんが主題歌のあゆみ(2枚組),OP/ミスター･アンデルセン,https://www.amazon.co.jp/s?k=COCX-33500%EF%BD%9E1%20%E7%B6%9A%EF%BD%A5%E3%83%86%E3%83%AC%E3%83%93%E3%81%BE%E3%82%93%E3%81%8C%E4%B8%BB%E9%A1%8C%E6%AD%8C%E3%81%AE%E3%81%82%E3%82%86%E3%81%BF%282%E6%9E%9A%E7%B5%84%29,日本コロムビア,COCX-33500～1,---
アンデルセン物語,1971/01/03,1971/12/26,テレビアニメ スーパーヒストリーvol.５,"OP/ミスター･アンデルセン
ED/ズッコのうた",https://www.amazon.co.jp/s?k=COCC-70053%20%E3%83%86%E3%83%AC%E3%83%93%E3%82%A2%E3%83%8B%E3%83%A1%20%E3%82%B9%E3%83%BC%E3%83%91%E3%83%BC%E3%83%92%E3%82%B9%E3%83%88%E3%83%AA%E3%83%BCvol.%EF%BC%95,日本コロムビア,COCC-70053,---
アンデルセン物語,1971/01/03,1971/12/26,アニメ主題歌メモリアル(10枚組･通信販売）,"OP/ミスター･アンデルセン
ED/キャンティのうた
ED/ズッコのうた",https://www.amazon.co.jp/s?k=GES-30526%EF%BD%9E35%20%E3%82%A2%E3%83%8B%E3%83%A1%E4%B8%BB%E9%A1%8C%E6%AD%8C%E3%83%A1%E3%83%A2%E3%83%AA%E3%82%A2%E3%83%AB%2810%E6%9E%9A%E7%B5%84%EF%BD%A5%E9%80%9A%E4%BF%A1%E8%B2%A9%E5%A3%B2%EF%BC%89,コロムビアファミリークラブ,GES-30526～35,---
アンデルセン物語,1971/01/03,1971/12/26,続･テレビまんが懐かしのB面コレクション(2枚組),ED/キャンティのうた,https://www.amazon.co.jp/s?k=COCX-33558%EF%BD%9E9%20%E7%B6%9A%EF%BD%A5%E3%83%86%E3%83%AC%E3%83%93%E3%81%BE%E3%82%93%E3%81%8C%E6%87%90%E3%81%8B%E3%81%97%E3%81%AEB%E9%9D%A2%E3%82%B3%E3%83%AC%E3%82%AF%E3%82%B7%E3%83%A7%E3%83%B3%282%E6%9E%9A%E7%B5%84%29,日本コロムビア,COCX-33558～9,---
珍豪ムチャ兵衛,1971/02/15,1971/03/22,初盤,"OP/珍豪ムチャ兵衛
他作品曲",https://www.amazon.co.jp/s?k=45AH2174%EF%BD%9E5%20%E5%88%9D%E7%9B%A4,CBSソニー,45AH2174～5,オリジナル版懐かしのTVアニメ･テーマ大全集 昭和38年(1963)～昭和47年(1972)（混載盤）。 短期集中放送のためか､本放送当時はレコード未発売だったようである。
珍豪ムチャ兵衛,1971/02/15,1971/03/22,オリジナル版懐かしのアニメソング大全[4] 1970～1973,OP/珍豪ムチャ兵衛,https://www.amazon.co.jp/s?k=TOCT-8516%20%E3%82%AA%E3%83%AA%E3%82%B8%E3%83%8A%E3%83%AB%E7%89%88%E6%87%90%E3%81%8B%E3%81%97%E3%81%AE%E3%82%A2%E3%83%8B%E3%83%A1%E3%82%BD%E3%83%B3%E3%82%B0%E5%A4%A7%E5%85%A8%5B4%5D%201970%EF%BD%9E1973,東芝EMI,TOCT-8516,---
珍豪ムチャ兵衛,1971/02/15,1971/03/22,オリジナル版懐かしのアニメソング大全挿入歌編vol.２,ED/ボケ丸子守歌,https://www.amazon.co.jp/s?k=TOCT-9259%20%E3%82%AA%E3%83%AA%E3%82%B8%E3%83%8A%E3%83%AB%E7%89%88%E6%87%90%E3%81%8B%E3%81%97%E3%81%AE%E3%82%A2%E3%83%8B%E3%83%A1%E3%82%BD%E3%83%B3%E3%82%B0%E5%A4%A7%E5%85%A8%E6%8C%BF%E5%85%A5%E6%AD%8C%E7%B7%A8vol.%EF%BC%92,東芝EMI,TOCT-9259,---
決断,1971/04/03,1971/09/25,初盤,"OP/決断
ED/男ぶし",https://www.amazon.co.jp/s?k=SCS-127%20%E5%88%9D%E7%9B%A4,日本コロムビア,SCS-127,---
決断,1971/04/03,1971/09/25,続･テレビまんが主題歌のあゆみ(2枚組),OP/決断,https://www.amazon.co.jp/s?k=COCX-33500%EF%BD%9E1%20%E7%B6%9A%EF%BD%A5%E3%83%86%E3%83%AC%E3%83%93%E3%81%BE%E3%82%93%E3%81%8C%E4%B8%BB%E9%A1%8C%E6%AD%8C%E3%81%AE%E3%81%82%E3%82%86%E3%81%BF%282%E6%9E%9A%E7%B5%84%29,日本コロムビア,COCX-33500～1,---
決断,1971/04/03,1971/09/25,テレビアニメ スーパーヒストリーvol.５,"OP/決断
ED/男ぶし",https://www.amazon.co.jp/s?k=COCC-70053%20%E3%83%86%E3%83%AC%E3%83%93%E3%82%A2%E3%83%8B%E3%83%A1%20%E3%82%B9%E3%83%BC%E3%83%91%E3%83%BC%E3%83%92%E3%82%B9%E3%83%88%E3%83%AA%E3%83%BCvol.%EF%BC%95,日本コロムビア,COCC-70053,---
決断,1971/04/03,1971/09/25,アニメ主題歌メモリアル(10枚組･通信販売）,"OP/決断
ED/男ぶし",https://www.amazon.co.jp/s?k=GES-30526%EF%BD%9E35%20%E3%82%A2%E3%83%8B%E3%83%A1%E4%B8%BB%E9%A1%8C%E6%AD%8C%E3%83%A1%E3%83%A2%E3%83%AA%E3%82%A2%E3%83%AB%2810%E6%9E%9A%E7%B5%84%EF%BD%A5%E9%80%9A%E4%BF%A1%E8%B2%A9%E5%A3%B2%EF%BC%89,コロムビアファミリークラブ,GES-30526～35,---
決断,1971/04/03,1971/09/25,続･テレビまんが懐かしのB面コレクション(2枚組),ED/男ぶし,https://www.amazon.co.jp/s?k=COCX-33558%EF%BD%9E9%20%E7%B6%9A%EF%BD%A5%E3%83%86%E3%83%AC%E3%83%93%E3%81%BE%E3%82%93%E3%81%8C%E6%87%90%E3%81%8B%E3%81%97%E3%81%AEB%E9%9D%A2%E3%82%B3%E3%83%AC%E3%82%AF%E3%82%B7%E3%83%A7%E3%83%B3%282%E6%9E%9A%E7%B5%84%29,日本コロムビア,COCX-33558～9,---
さすらいの太陽,1971/04/08,1971/09/30,初盤,"OP/さすらいの太陽
ED/心のうた(歌/堀江美都子)",https://www.amazon.co.jp/s?k=AM-1%20%E5%88%9D%E7%9B%A4,朝日ソノラマ,AM-1,---
さすらいの太陽,1971/04/08,1971/09/30,初盤,"OP/さすらいの太陽
ED/心のうた (歌/藤山ジュンコ)",https://www.amazon.co.jp/s?k=SCS-129%20%E5%88%9D%E7%9B%A4,日本コロムビア,SCS-129,---
さすらいの太陽,1971/04/08,1971/09/30,続･テレビまんが主題歌のあゆみ(2枚組),OP/さすらいの太陽,https://www.amazon.co.jp/s?k=COCX-33500%EF%BD%9E1%20%E7%B6%9A%EF%BD%A5%E3%83%86%E3%83%AC%E3%83%93%E3%81%BE%E3%82%93%E3%81%8C%E4%B8%BB%E9%A1%8C%E6%AD%8C%E3%81%AE%E3%81%82%E3%82%86%E3%81%BF%282%E6%9E%9A%E7%B5%84%29,日本コロムビア,COCX-33500～1,---
さすらいの太陽,1971/04/08,1971/09/30,テレビアニメ スーパーヒストリーvol.５,"OP/さすらいの太陽
ED/心のうた(歌/堀江美都子)",https://www.amazon.co.jp/s?k=COCC-70053%20%E3%83%86%E3%83%AC%E3%83%93%E3%82%A2%E3%83%8B%E3%83%A1%20%E3%82%B9%E3%83%BC%E3%83%91%E3%83%BC%E3%83%92%E3%82%B9%E3%83%88%E3%83%AA%E3%83%BCvol.%EF%BC%95,日本コロムビア,COCC-70053,---
さすらいの太陽,1971/04/08,1971/09/30,アニメ主題歌メモリアル(10枚組･通信販売）,"OP/さすらいの太陽
ED/心のうた(歌/堀江美都子)",https://www.amazon.co.jp/s?k=GES-30526%EF%BD%9E35%20%E3%82%A2%E3%83%8B%E3%83%A1%E4%B8%BB%E9%A1%8C%E6%AD%8C%E3%83%A1%E3%83%A2%E3%83%AA%E3%82%A2%E3%83%AB%2810%E6%9E%9A%E7%B5%84%EF%BD%A5%E9%80%9A%E4%BF%A1%E8%B2%A9%E5%A3%B2%EF%BC%89,コロムビアファミリークラブ,GES-30526～35,---
さすらいの太陽,1971/04/08,1971/09/30,続･テレビまんが懐かしのB面コレクション(2枚組),ED/心のうた(歌/堀江美都子),https://www.amazon.co.jp/s?k=COCX-33558%EF%BD%9E9%20%E7%B6%9A%EF%BD%A5%E3%83%86%E3%83%AC%E3%83%93%E3%81%BE%E3%82%93%E3%81%8C%E6%87%90%E3%81%8B%E3%81%97%E3%81%AEB%E9%9D%A2%E3%82%B3%E3%83%AC%E3%82%AF%E3%82%B7%E3%83%A7%E3%83%B3%282%E6%9E%9A%E7%B5%84%29,日本コロムビア,COCX-33558～9,---
さすらいの太陽,1971/04/08,1971/09/30,虫プロ アンソロジー 1963～1971,ED/心のうた (歌/藤山ジュンコ),https://www.amazon.co.jp/s?k=MECB-2009%20%E8%99%AB%E3%83%97%E3%83%AD%20%E3%82%A2%E3%83%B3%E3%82%BD%E3%83%AD%E3%82%B8%E3%83%BC%201963%EF%BD%9E1971,トライエム,MECB-2009,TVサイズ収録。フルコーラス版は未CD化。 ３は「さすらいの太陽 DVD-BOX」(日本コロムビア・XT-2317～21)のDISK5で音楽特典としてフルコーラス版が収録されている。
新オバケのQ太郎,1971/09/01,1972/12/27,初盤,"OP/新オバケのQ太郎
ED/オバQえかきうた",https://www.amazon.co.jp/s?k=AM-24%20%E5%88%9D%E7%9B%A4,朝日ソノラマ,AM-24,---
新オバケのQ太郎,1971/09/01,1972/12/27,初盤,"OP/新オバケのQ太郎
ED/オバQえかきうた",https://www.amazon.co.jp/s?k=SCS-135%20%E5%88%9D%E7%9B%A4,日本コロムビア,SCS-135,---
新オバケのQ太郎,1971/09/01,1972/12/27,続･テレビまんが主題歌のあゆみ(2枚組),OP/新オバケのQ太郎,https://www.amazon.co.jp/s?k=COCX-33500%EF%BD%9E1%20%E7%B6%9A%EF%BD%A5%E3%83%86%E3%83%AC%E3%83%93%E3%81%BE%E3%82%93%E3%81%8C%E4%B8%BB%E9%A1%8C%E6%AD%8C%E3%81%AE%E3%81%82%E3%82%86%E3%81%BF%282%E6%9E%9A%E7%B5%84%29,日本コロムビア,COCX-33500～1,---
新オバケのQ太郎,1971/09/01,1972/12/27,テレビアニメ スーパーヒストリーvol.５,"OP/新オバケのQ太郎
ED/オバQえかきうた",https://www.amazon.co.jp/s?k=COCC-70053%20%E3%83%86%E3%83%AC%E3%83%93%E3%82%A2%E3%83%8B%E3%83%A1%20%E3%82%B9%E3%83%BC%E3%83%91%E3%83%BC%E3%83%92%E3%82%B9%E3%83%88%E3%83%AA%E3%83%BCvol.%EF%BC%95,日本コロムビア,COCC-70053,---
新オバケのQ太郎,1971/09/01,1972/12/27,アニメ主題歌大全集(10枚組･通信販売のみ),"OP/新オバケのQ太郎
ED/オバQえかきうた",https://www.amazon.co.jp/s?k=GES-31000%EF%BD%9E9%20%E3%82%A2%E3%83%8B%E3%83%A1%E4%B8%BB%E9%A1%8C%E6%AD%8C%E5%A4%A7%E5%85%A8%E9%9B%86%2810%E6%9E%9A%E7%B5%84%EF%BD%A5%E9%80%9A%E4%BF%A1%E8%B2%A9%E5%A3%B2%E3%81%AE%E3%81%BF%29,コロムビアファミリークラブ,GES-31000～9,---
新オバケのQ太郎,1971/09/01,1972/12/27,続･テレビまんが懐かしのB面コレクション(2枚組),ED/オバQえかきうた,https://www.amazon.co.jp/s?k=COCX-33558%EF%BD%9E9%20%E7%B6%9A%EF%BD%A5%E3%83%86%E3%83%AC%E3%83%93%E3%81%BE%E3%82%93%E3%81%8C%E6%87%90%E3%81%8B%E3%81%97%E3%81%AEB%E9%9D%A2%E3%82%B3%E3%83%AC%E3%82%AF%E3%82%B7%E3%83%A7%E3%83%B3%282%E6%9E%9A%E7%B5%84%29,日本コロムビア,COCX-33558～9,---
天才バカボン,1971/09/25,1972/06/24,初盤,"OP・ED/天才バカボン
バカボンのパパ",https://www.amazon.co.jp/s?k=AM-28%20%E5%88%9D%E7%9B%A4,朝日ソノラマ,AM-28,---
天才バカボン,1971/09/25,1972/06/24,初盤,"OP・ED/天才バカボン
バカボンのパパ",https://www.amazon.co.jp/s?k=KU-618%20%E5%88%9D%E7%9B%A4,テイチク,KU-618,---
天才バカボン,1971/09/25,1972/06/24,---,"OP・ED/天才バカボン
バカボンのパパ
他作品曲",https://www.amazon.co.jp/s?k=UKW-6511,テイチク,UKW-6511,テレビ人気番組主題歌集(混載盤)。１は「あっ、大変!」「いいのだ」等の台詞が入っていない。
天才バカボン,1971/09/25,1972/06/24,アニメ主題歌メモリアル２(10枚組）,OP・ED/天才バカボン,https://www.amazon.co.jp/s?k=COCC-13591%EF%BD%9E600%20%E3%82%A2%E3%83%8B%E3%83%A1%E4%B8%BB%E9%A1%8C%E6%AD%8C%E3%83%A1%E3%83%A2%E3%83%AA%E3%82%A2%E3%83%AB%EF%BC%92%2810%E6%9E%9A%E7%B5%84%EF%BC%89,日本コロムビア,COCC-13591～600,---
天才バカボン,1971/09/25,1972/06/24,テレビアニメ スーパーヒストリーvol.５,OP・ED/天才バカボン,https://www.amazon.co.jp/s?k=COCC-70053%20%E3%83%86%E3%83%AC%E3%83%93%E3%82%A2%E3%83%8B%E3%83%A1%20%E3%82%B9%E3%83%BC%E3%83%91%E3%83%BC%E3%83%92%E3%82%B9%E3%83%88%E3%83%AA%E3%83%BCvol.%EF%BC%95,日本コロムビア,COCC-70053,---
天才バカボン,1971/09/25,1972/06/24,続･テレビまんが主題歌のあゆみ(2枚組),OP・ED/天才バカボン,https://www.amazon.co.jp/s?k=COCX-33500%EF%BD%9E1%20%E7%B6%9A%EF%BD%A5%E3%83%86%E3%83%AC%E3%83%93%E3%81%BE%E3%82%93%E3%81%8C%E4%B8%BB%E9%A1%8C%E6%AD%8C%E3%81%AE%E3%81%82%E3%82%86%E3%81%BF%282%E6%9E%9A%E7%B5%84%29,日本コロムビア,COCX-33500～1,---
天才バカボン,1971/09/25,1972/06/24,続･テレビまんが懐かしのB面コレクション(2枚組),バカボンのパパ,https://www.amazon.co.jp/s?k=COCX-33558%EF%BD%9E9%20%E7%B6%9A%EF%BD%A5%E3%83%86%E3%83%AC%E3%83%93%E3%81%BE%E3%82%93%E3%81%8C%E6%87%90%E3%81%8B%E3%81%97%E3%81%AEB%E9%9D%A2%E3%82%B3%E3%83%AC%E3%82%AF%E3%82%B7%E3%83%A7%E3%83%B3%282%E6%9E%9A%E7%B5%84%29,日本コロムビア,COCX-33558～9,---
天才バカボン,1971/09/25,1972/06/24,アニメ主題歌大全集(10枚組･通信販売のみ),OP・ED/天才バカボン,https://www.amazon.co.jp/s?k=GES-31000%EF%BD%9E9%20%E3%82%A2%E3%83%8B%E3%83%A1%E4%B8%BB%E9%A1%8C%E6%AD%8C%E5%A4%A7%E5%85%A8%E9%9B%86%2810%E6%9E%9A%E7%B5%84%EF%BD%A5%E9%80%9A%E4%BF%A1%E8%B2%A9%E5%A3%B2%E3%81%AE%E3%81%BF%29,コロムビアファミリークラブ,GES-31000～9,---
天才バカボン,1971/09/25,1972/06/24,オリジナル版懐かしのアニメソング大全[4] 1970～1973,OP・ED/天才バカボン,https://www.amazon.co.jp/s?k=TOCT-8516%20%E3%82%AA%E3%83%AA%E3%82%B8%E3%83%8A%E3%83%AB%E7%89%88%E6%87%90%E3%81%8B%E3%81%97%E3%81%AE%E3%82%A2%E3%83%8B%E3%83%A1%E3%82%BD%E3%83%B3%E3%82%B0%E5%A4%A7%E5%85%A8%5B4%5D%201970%EF%BD%9E1973,東芝EMI,TOCT-8516,---
天才バカボン,1971/09/25,1972/06/24,オリジナル版懐かしのアニメソング大全挿入歌編vol.２,バカボンのパパ,https://www.amazon.co.jp/s?k=TOCT-9259%20%E3%82%AA%E3%83%AA%E3%82%B8%E3%83%8A%E3%83%AB%E7%89%88%E6%87%90%E3%81%8B%E3%81%97%E3%81%AE%E3%82%A2%E3%83%8B%E3%83%A1%E3%82%BD%E3%83%B3%E3%82%B0%E5%A4%A7%E5%85%A8%E6%8C%BF%E5%85%A5%E6%AD%8C%E7%B7%A8vol.%EF%BC%92,東芝EMI,TOCT-9259,---
天才バカボン,1971/09/25,1972/06/24,懐かしのミュージッククリップ９ 「天才バカボン」,"OP・ED/天才バカボン
バカボンのパパ",https://www.amazon.co.jp/s?k=TOCT-9546%20%E6%87%90%E3%81%8B%E3%81%97%E3%81%AE%E3%83%9F%E3%83%A5%E3%83%BC%E3%82%B8%E3%83%83%E3%82%AF%E3%82%AF%E3%83%AA%E3%83%83%E3%83%97%EF%BC%99%20%E3%80%8C%E5%A4%A9%E6%89%8D%E3%83%90%E3%82%AB%E3%83%9C%E3%83%B3%E3%80%8D,東芝EMI,TOCT-9546,１は上記の台詞無しVerと台詞有りの通常Verの2タイプを収録。 １のレコード(フルコーラス)版はTV版とアレンジが多少異なり、サビ部分に「いいのだ」の台詞(合いの手)が入る。→通常Ver
ふしぎなメルモ,1971/10/03,1972/03/26,初盤,"OP/ふしぎなメルモ
ED/幸わせをはこぶメルモ",https://www.amazon.co.jp/s?k=SCS-142%20%E5%88%9D%E7%9B%A4,日本コロムビア,SCS-142,---
ふしぎなメルモ,1971/10/03,1972/03/26,続･テレビまんが主題歌のあゆみ(2枚組),OP/ふしぎなメルモ,https://www.amazon.co.jp/s?k=COCX-33500%EF%BD%9E1%20%E7%B6%9A%EF%BD%A5%E3%83%86%E3%83%AC%E3%83%93%E3%81%BE%E3%82%93%E3%81%8C%E4%B8%BB%E9%A1%8C%E6%AD%8C%E3%81%AE%E3%81%82%E3%82%86%E3%81%BF%282%E6%9E%9A%E7%B5%84%29,日本コロムビア,COCX-33500～1,---
ふしぎなメルモ,1971/10/03,1972/03/26,テレビアニメ スーパーヒストリーvol.５,"OP/ふしぎなメルモ
ED/幸わせをはこぶメルモ",https://www.amazon.co.jp/s?k=COCC-70053%20%E3%83%86%E3%83%AC%E3%83%93%E3%82%A2%E3%83%8B%E3%83%A1%20%E3%82%B9%E3%83%BC%E3%83%91%E3%83%BC%E3%83%92%E3%82%B9%E3%83%88%E3%83%AA%E3%83%BCvol.%EF%BC%95,日本コロムビア,COCC-70053,---
ふしぎなメルモ,1971/10/03,1972/03/26,アニメ主題歌メモリアル(10枚組･通信販売）,"OP/ふしぎなメルモ
ED/幸わせをはこぶメルモ",https://www.amazon.co.jp/s?k=GES-30526%EF%BD%9E35%20%E3%82%A2%E3%83%8B%E3%83%A1%E4%B8%BB%E9%A1%8C%E6%AD%8C%E3%83%A1%E3%83%A2%E3%83%AA%E3%82%A2%E3%83%AB%2810%E6%9E%9A%E7%B5%84%EF%BD%A5%E9%80%9A%E4%BF%A1%E8%B2%A9%E5%A3%B2%EF%BC%89,コロムビアファミリークラブ,GES-30526～35,---
ふしぎなメルモ,1971/10/03,1972/03/26,続･テレビまんが懐かしのB面コレクション(2枚組),ED/幸わせをはこぶメルモ,https://www.amazon.co.jp/s?k=COCX-33558%EF%BD%9E9%20%E7%B6%9A%EF%BD%A5%E3%83%86%E3%83%AC%E3%83%93%E3%81%BE%E3%82%93%E3%81%8C%E6%87%90%E3%81%8B%E3%81%97%E3%81%AEB%E9%9D%A2%E3%82%B3%E3%83%AC%E3%82%AF%E3%82%B7%E3%83%A7%E3%83%B3%282%E6%9E%9A%E7%B5%84%29,日本コロムビア,COCX-33558～9,---
さるとびエッちゃん,1971/10/04,1972/03/27,初盤,"OP/エッちゃん
ED/エッちゃんが好きや",https://www.amazon.co.jp/s?k=SCS-134%20%E5%88%9D%E7%9B%A4,日本コロムビア,SCS-134,---
さるとびエッちゃん,1971/10/04,1972/03/27,続･テレビまんが主題歌のあゆみ(2枚組),OP/エッちゃん,https://www.amazon.co.jp/s?k=COCX-33500%EF%BD%9E1%20%E7%B6%9A%EF%BD%A5%E3%83%86%E3%83%AC%E3%83%93%E3%81%BE%E3%82%93%E3%81%8C%E4%B8%BB%E9%A1%8C%E6%AD%8C%E3%81%AE%E3%81%82%E3%82%86%E3%81%BF%282%E6%9E%9A%E7%B5%84%29,日本コロムビア,COCX-33500～1,---
さるとびエッちゃん,1971/10/04,1972/03/27,テレビアニメ スーパーヒストリーvol.６,"OP/エッちゃん
ED/エッちゃんが好きや",https://www.amazon.co.jp/s?k=COCC-70054%20%E3%83%86%E3%83%AC%E3%83%93%E3%82%A2%E3%83%8B%E3%83%A1%20%E3%82%B9%E3%83%BC%E3%83%91%E3%83%BC%E3%83%92%E3%82%B9%E3%83%88%E3%83%AA%E3%83%BCvol.%EF%BC%96,日本コロムビア,COCC-70054,---
さるとびエッちゃん,1971/10/04,1972/03/27,アニメ主題歌メモリアル(10枚組･通信販売）,"OP/エッちゃん
ED/エッちゃんが好きや",https://www.amazon.co.jp/s?k=GES-30526%EF%BD%9E35%20%E3%82%A2%E3%83%8B%E3%83%A1%E4%B8%BB%E9%A1%8C%E6%AD%8C%E3%83%A1%E3%83%A2%E3%83%AA%E3%82%A2%E3%83%AB%2810%E6%9E%9A%E7%B5%84%EF%BD%A5%E9%80%9A%E4%BF%A1%E8%B2%A9%E5%A3%B2%EF%BC%89,コロムビアファミリークラブ,GES-30526～35,---
さるとびエッちゃん,1971/10/04,1972/03/27,続･テレビまんが懐かしのB面コレクション(2枚組),ED/エッちゃんが好きや,https://www.amazon.co.jp/s?k=COCX-33558%EF%BD%9E9%20%E7%B6%9A%EF%BD%A5%E3%83%86%E3%83%AC%E3%83%93%E3%81%BE%E3%82%93%E3%81%8C%E6%87%90%E3%81%8B%E3%81%97%E3%81%AEB%E9%9D%A2%E3%82%B3%E3%83%AC%E3%82%AF%E3%82%B7%E3%83%A7%E3%83%B3%282%E6%9E%9A%E7%B5%84%29,日本コロムビア,COCX-33558～9,---
国松さまのお通りだい,1971/10/06,1972/09/25,初盤,"OP/国松さまのお通りだい
ED/逆転の応援歌",https://www.amazon.co.jp/s?k=SCS-138%20%E5%88%9D%E7%9B%A4,日本コロムビア,SCS-138,---
国松さまのお通りだい,1971/10/06,1972/09/25,続･テレビまんが主題歌のあゆみ(2枚組),OP/国松さまのお通りだい,https://www.amazon.co.jp/s?k=COCX-33500%EF%BD%9E1%20%E7%B6%9A%EF%BD%A5%E3%83%86%E3%83%AC%E3%83%93%E3%81%BE%E3%82%93%E3%81%8C%E4%B8%BB%E9%A1%8C%E6%AD%8C%E3%81%AE%E3%81%82%E3%82%86%E3%81%BF%282%E6%9E%9A%E7%B5%84%29,日本コロムビア,COCX-33500～1,---
国松さまのお通りだい,1971/10/06,1972/09/25,テレビアニメ スーパーヒストリーvol.６,"OP/国松さまのお通りだい
ED/逆転の応援歌",https://www.amazon.co.jp/s?k=COCC-70054%20%E3%83%86%E3%83%AC%E3%83%93%E3%82%A2%E3%83%8B%E3%83%A1%20%E3%82%B9%E3%83%BC%E3%83%91%E3%83%BC%E3%83%92%E3%82%B9%E3%83%88%E3%83%AA%E3%83%BCvol.%EF%BC%96,日本コロムビア,COCC-70054,---
国松さまのお通りだい,1971/10/06,1972/09/25,アニメ主題歌メモリアル(10枚組･通信販売）,"OP/国松さまのお通りだい
ED/逆転の応援歌",https://www.amazon.co.jp/s?k=GES-30526%EF%BD%9E35%20%E3%82%A2%E3%83%8B%E3%83%A1%E4%B8%BB%E9%A1%8C%E6%AD%8C%E3%83%A1%E3%83%A2%E3%83%AA%E3%82%A2%E3%83%AB%2810%E6%9E%9A%E7%B5%84%EF%BD%A5%E9%80%9A%E4%BF%A1%E8%B2%A9%E5%A3%B2%EF%BC%89,コロムビアファミリークラブ,GES-30526～35,---
国松さまのお通りだい,1971/10/06,1972/09/25,続･テレビまんが懐かしのB面コレクション(2枚組),ED/逆転の応援歌,https://www.amazon.co.jp/s?k=COCX-33558%EF%BD%9E9%20%E7%B6%9A%EF%BD%A5%E3%83%86%E3%83%AC%E3%83%93%E3%81%BE%E3%82%93%E3%81%8C%E6%87%90%E3%81%8B%E3%81%97%E3%81%AEB%E9%9D%A2%E3%82%B3%E3%83%AC%E3%82%AF%E3%82%B7%E3%83%A7%E3%83%B3%282%E6%9E%9A%E7%B5%84%29,日本コロムビア,COCX-33558～9,---
アパッチ野球軍,1971/10/06,1972/03/29,初盤,"OP/アッパッチ野球軍
ED/みんなみんな",https://www.amazon.co.jp/s?k=AM-20%20%E5%88%9D%E7%9B%A4,朝日ソノラマ,AM-20,---
アパッチ野球軍,1971/10/06,1972/03/29,続･テレビまんが主題歌のあゆみ(2枚組),OP/アッパッチ野球軍,https://www.amazon.co.jp/s?k=COCX-33500%EF%BD%9E1%20%E7%B6%9A%EF%BD%A5%E3%83%86%E3%83%AC%E3%83%93%E3%81%BE%E3%82%93%E3%81%8C%E4%B8%BB%E9%A1%8C%E6%AD%8C%E3%81%AE%E3%81%82%E3%82%86%E3%81%BF%282%E6%9E%9A%E7%B5%84%29,日本コロムビア,COCX-33500～1,---
アパッチ野球軍,1971/10/06,1972/03/29,テレビアニメ スーパーヒストリーvol.６,"OP/アッパッチ野球軍
ED/みんなみんな",https://www.amazon.co.jp/s?k=COCC-70054%20%E3%83%86%E3%83%AC%E3%83%93%E3%82%A2%E3%83%8B%E3%83%A1%20%E3%82%B9%E3%83%BC%E3%83%91%E3%83%BC%E3%83%92%E3%82%B9%E3%83%88%E3%83%AA%E3%83%BCvol.%EF%BC%96,日本コロムビア,COCC-70054,---
アパッチ野球軍,1971/10/06,1972/03/29,アニメ主題歌メモリアル(10枚組･通信販売）,"OP/アッパッチ野球軍
ED/みんなみんな",https://www.amazon.co.jp/s?k=GES-30526%EF%BD%9E35%20%E3%82%A2%E3%83%8B%E3%83%A1%E4%B8%BB%E9%A1%8C%E6%AD%8C%E3%83%A1%E3%83%A2%E3%83%AA%E3%82%A2%E3%83%AB%2810%E6%9E%9A%E7%B5%84%EF%BD%A5%E9%80%9A%E4%BF%A1%E8%B2%A9%E5%A3%B2%EF%BC%89,コロムビアファミリークラブ,GES-30526～35,---
アパッチ野球軍,1971/10/06,1972/03/29,続･テレビまんが懐かしのB面コレクション(2枚組),ED/みんなみんな,https://www.amazon.co.jp/s?k=COCX-33558%EF%BD%9E9%20%E7%B6%9A%EF%BD%A5%E3%83%86%E3%83%AC%E3%83%93%E3%81%BE%E3%82%93%E3%81%8C%E6%87%90%E3%81%8B%E3%81%97%E3%81%AEB%E9%9D%A2%E3%82%B3%E3%83%AC%E3%82%AF%E3%82%B7%E3%83%A7%E3%83%B3%282%E6%9E%9A%E7%B5%84%29,日本コロムビア,COCX-33558～9,---
ルパン三世,1971/10/24,1972/03/26,初盤,"OP/ルパン三世 その1 [ルパン三世主題歌Ⅰ]
ED/ルパン三世 その2 [ルパン三世主題歌Ⅱ]",https://www.amazon.co.jp/s?k=KU-620%20%E5%88%9D%E7%9B%A4,テイチク,KU-620,OP＝その2、ED＝その1で表示。
ルパン三世,1971/10/24,1972/03/26,続･テレビまんが主題歌のあゆみ(2枚組),ED/ルパン三世 その2 [ルパン三世主題歌Ⅱ],https://www.amazon.co.jp/s?k=COCX-33500%EF%BD%9E1%20%E7%B6%9A%EF%BD%A5%E3%83%86%E3%83%AC%E3%83%93%E3%81%BE%E3%82%93%E3%81%8C%E4%B8%BB%E9%A1%8C%E6%AD%8C%E3%81%AE%E3%81%82%E3%82%86%E3%81%BF%282%E6%9E%9A%E7%B5%84%29,日本コロムビア,COCX-33500～1,---
ルパン三世,1971/10/24,1972/03/26,続･テレビまんが懐かしのB面コレクション(2枚組),ED/ルパン三世 その2 [ルパン三世主題歌Ⅱ],https://www.amazon.co.jp/s?k=COCX-33558%EF%BD%9E9%20%E7%B6%9A%EF%BD%A5%E3%83%86%E3%83%AC%E3%83%93%E3%81%BE%E3%82%93%E3%81%8C%E6%87%90%E3%81%8B%E3%81%97%E3%81%AEB%E9%9D%A2%E3%82%B3%E3%83%AC%E3%82%AF%E3%82%B7%E3%83%A7%E3%83%B3%282%E6%9E%9A%E7%B5%84%29,日本コロムビア,COCX-33558～9,---
ルパン三世,1971/10/24,1972/03/26,アニメ主題歌メモリアル２(10枚組）,"OP/ルパン三世 その1 [ルパン三世主題歌Ⅰ]
ED/ルパン三世 その2 [ルパン三世主題歌Ⅱ]",https://www.amazon.co.jp/s?k=COCC-13591%EF%BD%9E600%20%E3%82%A2%E3%83%8B%E3%83%A1%E4%B8%BB%E9%A1%8C%E6%AD%8C%E3%83%A1%E3%83%A2%E3%83%AA%E3%82%A2%E3%83%AB%EF%BC%92%2810%E6%9E%9A%E7%B5%84%EF%BC%89,日本コロムビア,COCC-13591～600,---
ルパン三世,1971/10/24,1972/03/26,アニメ主題歌大全集(10枚組･通信販売のみ),"OP/ルパン三世 その1 [ルパン三世主題歌Ⅰ]
ED/ルパン三世 その2 [ルパン三世主題歌Ⅱ]",https://www.amazon.co.jp/s?k=GES-31000%EF%BD%9E9%20%E3%82%A2%E3%83%8B%E3%83%A1%E4%B8%BB%E9%A1%8C%E6%AD%8C%E5%A4%A7%E5%85%A8%E9%9B%86%2810%E6%9E%9A%E7%B5%84%EF%BD%A5%E9%80%9A%E4%BF%A1%E8%B2%A9%E5%A3%B2%E3%81%AE%E3%81%BF%29,コロムビアファミリークラブ,GES-31000～9,---
ルパン三世,1971/10/24,1972/03/26,オリジナル版懐かしのアニメソング大全[4] 1970～1973,"OP/ルパン三世 その1 [ルパン三世主題歌Ⅰ]
ED/ルパン三世 その2 [ルパン三世主題歌Ⅱ]",https://www.amazon.co.jp/s?k=TOCT-8516%20%E3%82%AA%E3%83%AA%E3%82%B8%E3%83%8A%E3%83%AB%E7%89%88%E6%87%90%E3%81%8B%E3%81%97%E3%81%AE%E3%82%A2%E3%83%8B%E3%83%A1%E3%82%BD%E3%83%B3%E3%82%B0%E5%A4%A7%E5%85%A8%5B4%5D%201970%EF%BD%9E1973,東芝EMI,TOCT-8516,---
ルパン三世,1971/10/24,1972/03/26,「ルパン三世」ザ･ファースト･シリーズ･アンソロジー,"OP/ルパン三世 その1 [ルパン三世主題歌Ⅰ]
ED/ルパン三世 その2 [ルパン三世主題歌Ⅱ]
OP/ルパン三世 その4 [AFRO“LUPIN'68”]
OP/ルパン三世 その4 [AFRO“LUPIN'68”](インスト)
OP/ルパン三世 その3 [ルパン三世主題歌3]",https://www.amazon.co.jp/s?k=COCX-32149%20%E3%80%8C%E3%83%AB%E3%83%91%E3%83%B3%E4%B8%89%E4%B8%96%E3%80%8D%E3%82%B6%EF%BD%A5%E3%83%95%E3%82%A1%E3%83%BC%E3%82%B9%E3%83%88%EF%BD%A5%E3%82%B7%E3%83%AA%E3%83%BC%E3%82%BA%EF%BD%A5%E3%82%A2%E3%83%B3%E3%82%BD%E3%83%AD%E3%82%B8%E3%83%BC,日本コロムビア,COCX-32149,１～５をTV音源（１、２はレコード・フルコーラス音源を含む)でSE・台詞の有無Verなど多数収録。
ルパン三世,1971/10/24,1972/03/26,「ルパン三世」～テーマ･ヒストリー(2枚組),"OP/ルパン三世 その1 [ルパン三世主題歌Ⅰ]
ED/ルパン三世 その2 [ルパン三世主題歌Ⅱ]
OP/ルパン三世 その4 [AFRO“LUPIN'68”]
OP/ルパン三世 その3 [ルパン三世主題歌3]",https://www.amazon.co.jp/s?k=COCC-14667%EF%BD%9E8%20%E3%80%8C%E3%83%AB%E3%83%91%E3%83%B3%E4%B8%89%E4%B8%96%E3%80%8D%EF%BD%9E%E3%83%86%E3%83%BC%E3%83%9E%EF%BD%A5%E3%83%92%E3%82%B9%E3%83%88%E3%83%AA%E3%83%BC%282%E6%9E%9A%E7%B5%84%29,日本コロムビア,COCC-14667～8,３、５はSE入り・台詞無しVer。 当時発売のシングルレコードが発売元（テイチク・朝日ソノラマ)により「その1」と「その2」の表記が逆になっていたため、 その後混乱を招いていたが、OP＝その1、ED＝その2が正式な表示として扱われるようになってきた。CD購入の際はその点の注意が必要。 ※[ ]はJASRAC登録名。 ３～５はTV用音源しか作られていない模様。 １、２は編曲/馬飼野康二（フルコーラス版のみ）。
原始少年リュウ,1971/10/30,1972/03/25,初盤,"OP/原始少年リュウが行く
ED/ランのうた",https://www.amazon.co.jp/s?k=SCS-141%20%E5%88%9D%E7%9B%A4,日本コロムビア,SCS-141,---
原始少年リュウ,1971/10/30,1972/03/25,続･テレビまんが主題歌のあゆみ(2枚組),OP/原始少年リュウが行く,https://www.amazon.co.jp/s?k=COCX-33500%EF%BD%9E1%20%E7%B6%9A%EF%BD%A5%E3%83%86%E3%83%AC%E3%83%93%E3%81%BE%E3%82%93%E3%81%8C%E4%B8%BB%E9%A1%8C%E6%AD%8C%E3%81%AE%E3%81%82%E3%82%86%E3%81%BF%282%E6%9E%9A%E7%B5%84%29,日本コロムビア,COCX-33500～1,---
原始少年リュウ,1971/10/30,1972/03/25,テレビアニメ スーパーヒストリーvol.６,"OP/原始少年リュウが行く
ED/ランのうた",https://www.amazon.co.jp/s?k=COCC-70054%20%E3%83%86%E3%83%AC%E3%83%93%E3%82%A2%E3%83%8B%E3%83%A1%20%E3%82%B9%E3%83%BC%E3%83%91%E3%83%BC%E3%83%92%E3%82%B9%E3%83%88%E3%83%AA%E3%83%BCvol.%EF%BC%96,日本コロムビア,COCC-70054,---
原始少年リュウ,1971/10/30,1972/03/25,アニメ主題歌メモリアル(10枚組･通信販売）,"OP/原始少年リュウが行く
ED/ランのうた",https://www.amazon.co.jp/s?k=GES-30526%EF%BD%9E35%20%E3%82%A2%E3%83%8B%E3%83%A1%E4%B8%BB%E9%A1%8C%E6%AD%8C%E3%83%A1%E3%83%A2%E3%83%AA%E3%82%A2%E3%83%AB%2810%E6%9E%9A%E7%B5%84%EF%BD%A5%E9%80%9A%E4%BF%A1%E8%B2%A9%E5%A3%B2%EF%BC%89,コロムビアファミリークラブ,GES-30526～35,---
原始少年リュウ,1971/10/30,1972/03/25,続･テレビまんが懐かしのB面コレクション(2枚組),ED/ランのうた,https://www.amazon.co.jp/s?k=COCX-33558%EF%BD%9E9%20%E7%B6%9A%EF%BD%A5%E3%83%86%E3%83%AC%E3%83%93%E3%81%BE%E3%82%93%E3%81%8C%E6%87%90%E3%81%8B%E3%81%97%E3%81%AEB%E9%9D%A2%E3%82%B3%E3%83%AC%E3%82%AF%E3%82%B7%E3%83%A7%E3%83%B3%282%E6%9E%9A%E7%B5%84%29,日本コロムビア,COCX-33558～9,---
樫の木モック,1972/01/04,1972/12/26,初盤,"OP・ED/樫の木モック
ぼくは悲しい木の人形",https://www.amazon.co.jp/s?k=SCS-151%20%E5%88%9D%E7%9B%A4,日本コロムビア,SCS-151,---
樫の木モック,1972/01/04,1972/12/26,続･テレビまんが主題歌のあゆみ(2枚組),OP・ED/樫の木モック,https://www.amazon.co.jp/s?k=COCX-33500%EF%BD%9E1%20%E7%B6%9A%EF%BD%A5%E3%83%86%E3%83%AC%E3%83%93%E3%81%BE%E3%82%93%E3%81%8C%E4%B8%BB%E9%A1%8C%E6%AD%8C%E3%81%AE%E3%81%82%E3%82%86%E3%81%BF%282%E6%9E%9A%E7%B5%84%29,日本コロムビア,COCX-33500～1,---
樫の木モック,1972/01/04,1972/12/26,テレビアニメ スーパーヒストリーvol.６,"OP・ED/樫の木モック
ぼくは悲しい木の人形",https://www.amazon.co.jp/s?k=COCC-70054%20%E3%83%86%E3%83%AC%E3%83%93%E3%82%A2%E3%83%8B%E3%83%A1%20%E3%82%B9%E3%83%BC%E3%83%91%E3%83%BC%E3%83%92%E3%82%B9%E3%83%88%E3%83%AA%E3%83%BCvol.%EF%BC%96,日本コロムビア,COCC-70054,---
樫の木モック,1972/01/04,1972/12/26,アニメ主題歌メモリアル(10枚組･通信販売）,"OP・ED/樫の木モック
ぼくは悲しい木の人形",https://www.amazon.co.jp/s?k=GES-30526%EF%BD%9E35%20%E3%82%A2%E3%83%8B%E3%83%A1%E4%B8%BB%E9%A1%8C%E6%AD%8C%E3%83%A1%E3%83%A2%E3%83%AA%E3%82%A2%E3%83%AB%2810%E6%9E%9A%E7%B5%84%EF%BD%A5%E9%80%9A%E4%BF%A1%E8%B2%A9%E5%A3%B2%EF%BC%89,コロムビアファミリークラブ,GES-30526～35,---
樫の木モック,1972/01/04,1972/12/26,続･テレビまんが懐かしのB面コレクション(2枚組),ぼくは悲しい木の人形,https://www.amazon.co.jp/s?k=COCX-33558%EF%BD%9E9%20%E7%B6%9A%EF%BD%A5%E3%83%86%E3%83%AC%E3%83%93%E3%81%BE%E3%82%93%E3%81%8C%E6%87%90%E3%81%8B%E3%81%97%E3%81%AEB%E9%9D%A2%E3%82%B3%E3%83%AC%E3%82%AF%E3%82%B7%E3%83%A7%E3%83%B3%282%E6%9E%9A%E7%B5%84%29,日本コロムビア,COCX-33558～9,---
ムーミン[新],1972/01/09,1972/12/31,初盤,"OP・ED/ねえ! ムーミン
「ムーミン谷のうた」",https://www.amazon.co.jp/s?k=SCS-152%20%E5%88%9D%E7%9B%A4,日本コロムビア,SCS-152,---
ムーミン[新],1972/01/09,1972/12/31,初盤,"ED/スノーク家のしつけ
ED/ちいさなミイ
ED/ムーミンは昨日",https://www.amazon.co.jp/s?k=DT-4001%20%E5%88%9D%E7%9B%A4,東宝,DT-4001,---
ムーミン[新],1972/01/09,1972/12/31,テレビアニメ スーパーヒストリーvol.６,OP・ED/ねえ! ムーミン,https://www.amazon.co.jp/s?k=COCC-70054%20%E3%83%86%E3%83%AC%E3%83%93%E3%82%A2%E3%83%8B%E3%83%A1%20%E3%82%B9%E3%83%BC%E3%83%91%E3%83%BC%E3%83%92%E3%82%B9%E3%83%88%E3%83%AA%E3%83%BCvol.%EF%BC%96,日本コロムビア,COCC-70054,---
ムーミン[新],1972/01/09,1972/12/31,テレビまんが主題歌のあゆみ(2枚組),OP・ED/ねえ! ムーミン,https://www.amazon.co.jp/s?k=COCX-33498%EF%BD%9E9%20%E3%83%86%E3%83%AC%E3%83%93%E3%81%BE%E3%82%93%E3%81%8C%E4%B8%BB%E9%A1%8C%E6%AD%8C%E3%81%AE%E3%81%82%E3%82%86%E3%81%BF%282%E6%9E%9A%E7%B5%84%29,日本コロムビア,COCX-33498～9,---
ムーミン[新],1972/01/09,1972/12/31,懐かしのミュージッククリップ20 「ムーミン」,"ED/スノーク家のしつけ
ED/ちいさなミイ
ED/ムーミンは昨日",https://www.amazon.co.jp/s?k=TOCT-9820%20%E6%87%90%E3%81%8B%E3%81%97%E3%81%AE%E3%83%9F%E3%83%A5%E3%83%BC%E3%82%B8%E3%83%83%E3%82%AF%E3%82%AF%E3%83%AA%E3%83%83%E3%83%9720%20%E3%80%8C%E3%83%A0%E3%83%BC%E3%83%9F%E3%83%B3%E3%80%8D,東芝EMI,TOCT-9820,前作のOP「ムーミンのテーマ」収録。
ムーミン[新],1972/01/09,1972/12/31,ZUIYO アンソロジー 1969～1983,"ED/スノーク家のしつけ
ED/ムーミンは昨日",https://www.amazon.co.jp/s?k=AYCM-656%20ZUIYO%20%E3%82%A2%E3%83%B3%E3%82%BD%E3%83%AD%E3%82%B8%E3%83%BC%201969%EF%BD%9E1983,エアーズ,AYCM-656,１は前作のOPと同曲であるが､今回のシリーズに対して作られた新録音版である。
正義を愛する者 月光仮面,1972/01/10,1972/10/02,初盤,"OP/月光仮面は誰でしょう
ED/月光仮面の歌",https://www.amazon.co.jp/s?k=ES%28H%29-1025%20%E5%88%9D%E7%9B%A4,キングレコード,ES(H)-1025,---
正義を愛する者 月光仮面,1972/01/10,1972/10/02,アニメ主題歌大全集(10枚組･通信販売のみ),"OP/月光仮面は誰でしょう
ED/月光仮面の歌",https://www.amazon.co.jp/s?k=GES-31000%EF%BD%9E9%20%E3%82%A2%E3%83%8B%E3%83%A1%E4%B8%BB%E9%A1%8C%E6%AD%8C%E5%A4%A7%E5%85%A8%E9%9B%86%2810%E6%9E%9A%E7%B5%84%EF%BD%A5%E9%80%9A%E4%BF%A1%E8%B2%A9%E5%A3%B2%E3%81%AE%E3%81%BF%29,コロムビアファミリークラブ,GES-31000～9,---
正義を愛する者 月光仮面,1972/01/10,1972/10/02,懐かしのテレビまんが主題歌大全集 アニメ編・Ⅱ,"OP/月光仮面は誰でしょう
ED/月光仮面の歌",https://www.amazon.co.jp/s?k=VPCG-84221%20%E6%87%90%E3%81%8B%E3%81%97%E3%81%AE%E3%83%86%E3%83%AC%E3%83%93%E3%81%BE%E3%82%93%E3%81%8C%E4%B8%BB%E9%A1%8C%E6%AD%8C%E5%A4%A7%E5%85%A8%E9%9B%86%20%E3%82%A2%E3%83%8B%E3%83%A1%E7%B7%A8%E3%83%BB%E2%85%A1,バップ,VPCG-84221,---
海のトリトン,1972/04/01,1972/09/30,初盤,"OP・ED/海のトリトン
「海のファンタジー」",https://www.amazon.co.jp/s?k=MW-1002%20%E5%88%9D%E7%9B%A4,クラウン,MW-1002,---
海のトリトン,1972/04/01,1972/09/30,初盤,"ED・OP/海のトリトン[GoGoトリトン]
「ピピのうた」",https://www.amazon.co.jp/s?k=SCS-162%20%E5%88%9D%E7%9B%A4,日本コロムビア,SCS-162,---
海のトリトン,1972/04/01,1972/09/30,懐かしのテレビまんが主題歌大全集 アニメ編,OP・ED/海のトリトン,https://www.amazon.co.jp/s?k=VPCG-83210%20%E6%87%90%E3%81%8B%E3%81%97%E3%81%AE%E3%83%86%E3%83%AC%E3%83%93%E3%81%BE%E3%82%93%E3%81%8C%E4%B8%BB%E9%A1%8C%E6%AD%8C%E5%A4%A7%E5%85%A8%E9%9B%86%20%E3%82%A2%E3%83%8B%E3%83%A1%E7%B7%A8,バップ,VPCG-83210,---
海のトリトン,1972/04/01,1972/09/30,オリジナル版懐かしのアニメソング大全[4] 1970～1973,OP・ED/海のトリトン,https://www.amazon.co.jp/s?k=TOCT-8516%20%E3%82%AA%E3%83%AA%E3%82%B8%E3%83%8A%E3%83%AB%E7%89%88%E6%87%90%E3%81%8B%E3%81%97%E3%81%AE%E3%82%A2%E3%83%8B%E3%83%A1%E3%82%BD%E3%83%B3%E3%82%B0%E5%A4%A7%E5%85%A8%5B4%5D%201970%EF%BD%9E1973,東芝EMI,TOCT-8516,---
海のトリトン,1972/04/01,1972/09/30,続･テレビまんが主題歌のあゆみ(2枚組),ED・OP/海のトリトン[GoGoトリトン],https://www.amazon.co.jp/s?k=COCX-33500%EF%BD%9E1%20%E7%B6%9A%EF%BD%A5%E3%83%86%E3%83%AC%E3%83%93%E3%81%BE%E3%82%93%E3%81%8C%E4%B8%BB%E9%A1%8C%E6%AD%8C%E3%81%AE%E3%81%82%E3%82%86%E3%81%BF%282%E6%9E%9A%E7%B5%84%29,日本コロムビア,COCX-33500～1,---
海のトリトン,1972/04/01,1972/09/30,テレビアニメ スーパーヒストリーvol.６,ED・OP/海のトリトン[GoGoトリトン],https://www.amazon.co.jp/s?k=COCC-70054%20%E3%83%86%E3%83%AC%E3%83%93%E3%82%A2%E3%83%8B%E3%83%A1%20%E3%82%B9%E3%83%BC%E3%83%91%E3%83%BC%E3%83%92%E3%82%B9%E3%83%88%E3%83%AA%E3%83%BCvol.%EF%BC%96,日本コロムビア,COCC-70054,---
海のトリトン,1972/04/01,1972/09/30,アニメ主題歌メモリアル(10枚組･通信販売）,ED・OP/海のトリトン[GoGoトリトン],https://www.amazon.co.jp/s?k=GES-30526%EF%BD%9E35%20%E3%82%A2%E3%83%8B%E3%83%A1%E4%B8%BB%E9%A1%8C%E6%AD%8C%E3%83%A1%E3%83%A2%E3%83%AA%E3%82%A2%E3%83%AB%2810%E6%9E%9A%E7%B5%84%EF%BD%A5%E9%80%9A%E4%BF%A1%E8%B2%A9%E5%A3%B2%EF%BC%89,コロムビアファミリークラブ,GES-30526～35,---
海のトリトン,1972/04/01,1972/09/30,アニメ主題歌大全集(10枚組･通信販売のみ),ED・OP/海のトリトン[GoGoトリトン],https://www.amazon.co.jp/s?k=GES-31000%EF%BD%9E9%20%E3%82%A2%E3%83%8B%E3%83%A1%E4%B8%BB%E9%A1%8C%E6%AD%8C%E5%A4%A7%E5%85%A8%E9%9B%86%2810%E6%9E%9A%E7%B5%84%EF%BD%A5%E9%80%9A%E4%BF%A1%E8%B2%A9%E5%A3%B2%E3%81%AE%E3%81%BF%29,コロムビアファミリークラブ,GES-31000～9,---
魔法使いチャッピー,1972/04/03,1972/12/25,初盤,"OP/魔法使いチャッピー
ED/ドンちゃんのうた",https://www.amazon.co.jp/s?k=APM-4005%20%E5%88%9D%E7%9B%A4,朝日ソノラマ,APM-4005,---
魔法使いチャッピー,1972/04/03,1972/12/25,続･テレビまんが主題歌のあゆみ(2枚組),OP/魔法使いチャッピー,https://www.amazon.co.jp/s?k=COCX-33500%EF%BD%9E1%20%E7%B6%9A%EF%BD%A5%E3%83%86%E3%83%AC%E3%83%93%E3%81%BE%E3%82%93%E3%81%8C%E4%B8%BB%E9%A1%8C%E6%AD%8C%E3%81%AE%E3%81%82%E3%82%86%E3%81%BF%282%E6%9E%9A%E7%B5%84%29,日本コロムビア,COCX-33500～1,---
魔法使いチャッピー,1972/04/03,1972/12/25,テレビアニメ スーパーヒストリーvol.６,"OP/魔法使いチャッピー
ED/ドンちゃんのうた",https://www.amazon.co.jp/s?k=COCC-70054%20%E3%83%86%E3%83%AC%E3%83%93%E3%82%A2%E3%83%8B%E3%83%A1%20%E3%82%B9%E3%83%BC%E3%83%91%E3%83%BC%E3%83%92%E3%82%B9%E3%83%88%E3%83%AA%E3%83%BCvol.%EF%BC%96,日本コロムビア,COCC-70054,---
魔法使いチャッピー,1972/04/03,1972/12/25,アニメ主題歌メモリアル(10枚組･通信販売）,"OP/魔法使いチャッピー
ED/ドンちゃんのうた",https://www.amazon.co.jp/s?k=GES-30526%EF%BD%9E35%20%E3%82%A2%E3%83%8B%E3%83%A1%E4%B8%BB%E9%A1%8C%E6%AD%8C%E3%83%A1%E3%83%A2%E3%83%AA%E3%82%A2%E3%83%AB%2810%E6%9E%9A%E7%B5%84%EF%BD%A5%E9%80%9A%E4%BF%A1%E8%B2%A9%E5%A3%B2%EF%BC%89,コロムビアファミリークラブ,GES-30526～35,---
魔法使いチャッピー,1972/04/03,1972/12/25,続･テレビまんが懐かしのB面コレクション(2枚組),ED/ドンちゃんのうた,https://www.amazon.co.jp/s?k=COCX-33558%EF%BD%9E9%20%E7%B6%9A%EF%BD%A5%E3%83%86%E3%83%AC%E3%83%93%E3%81%BE%E3%82%93%E3%81%8C%E6%87%90%E3%81%8B%E3%81%97%E3%81%AEB%E9%9D%A2%E3%82%B3%E3%83%AC%E3%82%AF%E3%82%B7%E3%83%A7%E3%83%B3%282%E6%9E%9A%E7%B5%84%29,日本コロムビア,COCX-33558～9,---
赤胴鈴之助,1972/04/05,1973/03/28,初盤,"OP/がんばれ! 赤胴鈴之助
ED/赤胴音頭",https://www.amazon.co.jp/s?k=SCS-154%20%E5%88%9D%E7%9B%A4,日本コロムビア,SCS-154,---
赤胴鈴之助,1972/04/05,1973/03/28,初盤,"OP/がんばれ! 赤胴鈴之助
ED/赤胴音頭
ED/赤胴真空斬り
「さゆりちゃん」",https://www.amazon.co.jp/s?k=C-107%20%E5%88%9D%E7%9B%A4,日本コロムビア,C-107,---
赤胴鈴之助,1972/04/05,1973/03/28,続･テレビまんが主題歌のあゆみ(2枚組),OP/がんばれ! 赤胴鈴之助,https://www.amazon.co.jp/s?k=COCX-33500%EF%BD%9E1%20%E7%B6%9A%EF%BD%A5%E3%83%86%E3%83%AC%E3%83%93%E3%81%BE%E3%82%93%E3%81%8C%E4%B8%BB%E9%A1%8C%E6%AD%8C%E3%81%AE%E3%81%82%E3%82%86%E3%81%BF%282%E6%9E%9A%E7%B5%84%29,日本コロムビア,COCX-33500～1,---
赤胴鈴之助,1972/04/05,1973/03/28,テレビアニメ スーパーヒストリーvol.７,"OP/がんばれ! 赤胴鈴之助
ED/赤胴真空斬り",https://www.amazon.co.jp/s?k=COCC-70055%20%E3%83%86%E3%83%AC%E3%83%93%E3%82%A2%E3%83%8B%E3%83%A1%20%E3%82%B9%E3%83%BC%E3%83%91%E3%83%BC%E3%83%92%E3%82%B9%E3%83%88%E3%83%AA%E3%83%BCvol.%EF%BC%97,日本コロムビア,COCC-70055,---
赤胴鈴之助,1972/04/05,1973/03/28,アニメ主題歌メモリアル(10枚組･通信販売）,"OP/がんばれ! 赤胴鈴之助
ED/赤胴音頭",https://www.amazon.co.jp/s?k=GES-30526%EF%BD%9E35%20%E3%82%A2%E3%83%8B%E3%83%A1%E4%B8%BB%E9%A1%8C%E6%AD%8C%E3%83%A1%E3%83%A2%E3%83%AA%E3%82%A2%E3%83%AB%2810%E6%9E%9A%E7%B5%84%EF%BD%A5%E9%80%9A%E4%BF%A1%E8%B2%A9%E5%A3%B2%EF%BC%89,コロムビアファミリークラブ,GES-30526～35,---
赤胴鈴之助,1972/04/05,1973/03/28,続･テレビまんが懐かしのB面コレクション(2枚組),ED/赤胴音頭,https://www.amazon.co.jp/s?k=COCX-33558%EF%BD%9E9%20%E7%B6%9A%EF%BD%A5%E3%83%86%E3%83%AC%E3%83%93%E3%81%BE%E3%82%93%E3%81%8C%E6%87%90%E3%81%8B%E3%81%97%E3%81%AEB%E9%9D%A2%E3%82%B3%E3%83%AC%E3%82%AF%E3%82%B7%E3%83%A7%E3%83%B3%282%E6%9E%9A%E7%B5%84%29,日本コロムビア,COCX-33558～9,---
ミュンヘンへの道,1972/04/23,1972/08/20,初盤,"OP/ミュンヘンへの道
燃える青春",https://www.amazon.co.jp/s?k=KV-542%20%E5%88%9D%E7%9B%A4,ビクター,KV-542,---
ミュンヘンへの道,1972/04/23,1972/08/20,決定版 懐かしのテレビアニメ･特撮主題歌大全集（2枚組）,"OP/ミュンヘンへの道
燃える青春",https://www.amazon.co.jp/s?k=VICL-40091%EF%BD%9E2%20%E6%B1%BA%E5%AE%9A%E7%89%88%20%E6%87%90%E3%81%8B%E3%81%97%E3%81%AE%E3%83%86%E3%83%AC%E3%83%93%E3%82%A2%E3%83%8B%E3%83%A1%EF%BD%A5%E7%89%B9%E6%92%AE%E4%B8%BB%E9%A1%8C%E6%AD%8C%E5%A4%A7%E5%85%A8%E9%9B%86%EF%BC%882%E6%9E%9A%E7%B5%84%EF%BC%89,ビクター,VICL-40091～2,---
デビルマン,1972/07/08,1973/04/07,初盤,"OP/デビルマンのうた
(ED)/今日もどこかでデビルマン",https://www.amazon.co.jp/s?k=SCS-502%20%E5%88%9D%E7%9B%A4,日本コロムビア,SCS-502,---
デビルマン,1972/07/08,1973/04/07,初盤,"OP/デビルマンのうた
(ED)/今日もどこかでデビルマン",https://www.amazon.co.jp/s?k=APM-4016%20%E5%88%9D%E7%9B%A4,朝日ソノラマ,APM-4016,---
デビルマン,1972/07/08,1973/04/07,続･テレビまんが主題歌のあゆみ(2枚組),OP/デビルマンのうた,https://www.amazon.co.jp/s?k=COCX-33500%EF%BD%9E1%20%E7%B6%9A%EF%BD%A5%E3%83%86%E3%83%AC%E3%83%93%E3%81%BE%E3%82%93%E3%81%8C%E4%B8%BB%E9%A1%8C%E6%AD%8C%E3%81%AE%E3%81%82%E3%82%86%E3%81%BF%282%E6%9E%9A%E7%B5%84%29,日本コロムビア,COCX-33500～1,---
デビルマン,1972/07/08,1973/04/07,テレビアニメ スーパーヒストリーvol.７,"OP/デビルマンのうた
(ED)/今日もどこかでデビルマン",https://www.amazon.co.jp/s?k=COCC-70055%20%E3%83%86%E3%83%AC%E3%83%93%E3%82%A2%E3%83%8B%E3%83%A1%20%E3%82%B9%E3%83%BC%E3%83%91%E3%83%BC%E3%83%92%E3%82%B9%E3%83%88%E3%83%AA%E3%83%BCvol.%EF%BC%97,日本コロムビア,COCC-70055,---
デビルマン,1972/07/08,1973/04/07,アニメ主題歌メモリアル(10枚組･通信販売）,"OP/デビルマンのうた
(ED)/今日もどこかでデビルマン",https://www.amazon.co.jp/s?k=GES-30526%EF%BD%9E35%20%E3%82%A2%E3%83%8B%E3%83%A1%E4%B8%BB%E9%A1%8C%E6%AD%8C%E3%83%A1%E3%83%A2%E3%83%AA%E3%82%A2%E3%83%AB%2810%E6%9E%9A%E7%B5%84%EF%BD%A5%E9%80%9A%E4%BF%A1%E8%B2%A9%E5%A3%B2%EF%BC%89,コロムビアファミリークラブ,GES-30526～35,---
デビルマン,1972/07/08,1973/04/07,アニメ主題歌大全集(10枚組･通信販売のみ),"OP/デビルマンのうた
(ED)/今日もどこかでデビルマン",https://www.amazon.co.jp/s?k=GES-31000%EF%BD%9E9%20%E3%82%A2%E3%83%8B%E3%83%A1%E4%B8%BB%E9%A1%8C%E6%AD%8C%E5%A4%A7%E5%85%A8%E9%9B%86%2810%E6%9E%9A%E7%B5%84%EF%BD%A5%E9%80%9A%E4%BF%A1%E8%B2%A9%E5%A3%B2%E3%81%AE%E3%81%BF%29,コロムビアファミリークラブ,GES-31000～9,---
デビルマン,1972/07/08,1973/04/07,続･テレビまんが懐かしのB面コレクション(2枚組),(ED)/今日もどこかでデビルマン,https://www.amazon.co.jp/s?k=COCX-33558%EF%BD%9E9%20%E7%B6%9A%EF%BD%A5%E3%83%86%E3%83%AC%E3%83%93%E3%81%BE%E3%82%93%E3%81%8C%E6%87%90%E3%81%8B%E3%81%97%E3%81%AEB%E9%9D%A2%E3%82%B3%E3%83%AC%E3%82%AF%E3%82%B7%E3%83%A7%E3%83%B3%282%E6%9E%9A%E7%B5%84%29,日本コロムビア,COCX-33558～9,---
モンシェリCoCo,1972/08/27,1972/11/26,初盤,"OP/モンシェリ ココ
まごころ",https://www.amazon.co.jp/s?k=ECLA-6%20%E5%88%9D%E7%9B%A4,CBSソニー,ECLA-6,---
モンシェリCoCo,1972/08/27,1972/11/26,〈オリジナル版〉懐かしのＴＶアニメ・テーマ大全集(2枚組),OP/モンシェリ ココ,https://www.amazon.co.jp/s?k=52DH-660%EF%BD%9E1%20%E3%80%88%E3%82%AA%E3%83%AA%E3%82%B8%E3%83%8A%E3%83%AB%E7%89%88%E3%80%89%E6%87%90%E3%81%8B%E3%81%97%E3%81%AE%EF%BC%B4%EF%BC%B6%E3%82%A2%E3%83%8B%E3%83%A1%E3%83%BB%E3%83%86%E3%83%BC%E3%83%9E%E5%A4%A7%E5%85%A8%E9%9B%86%282%E6%9E%9A%E7%B5%84%29,CBSソニー,52DH-660～1,---
モンシェリCoCo,1972/08/27,1972/11/26,アイドル･ミラクルバイブルシリーズ 69～71Girls/中島まゆこ･北野ルミ,"OP/モンシェリ ココ
まごころ",https://www.amazon.co.jp/s?k=DYCL-427%20%E3%82%A2%E3%82%A4%E3%83%89%E3%83%AB%EF%BD%A5%E3%83%9F%E3%83%A9%E3%82%AF%E3%83%AB%E3%83%90%E3%82%A4%E3%83%96%E3%83%AB%E3%82%B7%E3%83%AA%E3%83%BC%E3%82%BA%2069%EF%BD%9E71Girls/%E4%B8%AD%E5%B3%B6%E3%81%BE%E3%82%86%E3%81%93%EF%BD%A5%E5%8C%97%E9%87%8E%E3%83%AB%E3%83%9F,ソニーミュージック,DYCL-427,---
科学忍者隊ガッチャマン,1972/10/01,1974/09/29,初盤,"OP・ED/倒せ! ギャラクター
ED・OP/ガッチャマンの歌",https://www.amazon.co.jp/s?k=SCS-505%20%E5%88%9D%E7%9B%A4,日本コロムビア,SCS-505,---
科学忍者隊ガッチャマン,1972/10/01,1974/09/29,続･テレビまんが主題歌のあゆみ(2枚組),OP・ED/倒せ! ギャラクター,https://www.amazon.co.jp/s?k=COCX-33500%EF%BD%9E1%20%E7%B6%9A%EF%BD%A5%E3%83%86%E3%83%AC%E3%83%93%E3%81%BE%E3%82%93%E3%81%8C%E4%B8%BB%E9%A1%8C%E6%AD%8C%E3%81%AE%E3%81%82%E3%82%86%E3%81%BF%282%E6%9E%9A%E7%B5%84%29,日本コロムビア,COCX-33500～1,---
科学忍者隊ガッチャマン,1972/10/01,1974/09/29,テレビアニメ スーパーヒストリーvol.７,"OP・ED/倒せ! ギャラクター
ED・OP/ガッチャマンの歌",https://www.amazon.co.jp/s?k=COCC-70055%20%E3%83%86%E3%83%AC%E3%83%93%E3%82%A2%E3%83%8B%E3%83%A1%20%E3%82%B9%E3%83%BC%E3%83%91%E3%83%BC%E3%83%92%E3%82%B9%E3%83%88%E3%83%AA%E3%83%BCvol.%EF%BC%97,日本コロムビア,COCC-70055,---
科学忍者隊ガッチャマン,1972/10/01,1974/09/29,アニメ主題歌メモリアル(10枚組･通信販売）,"OP・ED/倒せ! ギャラクター
ED・OP/ガッチャマンの歌",https://www.amazon.co.jp/s?k=GES-30526%EF%BD%9E35%20%E3%82%A2%E3%83%8B%E3%83%A1%E4%B8%BB%E9%A1%8C%E6%AD%8C%E3%83%A1%E3%83%A2%E3%83%AA%E3%82%A2%E3%83%AB%2810%E6%9E%9A%E7%B5%84%EF%BD%A5%E9%80%9A%E4%BF%A1%E8%B2%A9%E5%A3%B2%EF%BC%89,コロムビアファミリークラブ,GES-30526～35,---
科学忍者隊ガッチャマン,1972/10/01,1974/09/29,アニメ主題歌大全集(10枚組･通信販売のみ),"OP・ED/倒せ! ギャラクター
ED・OP/ガッチャマンの歌",https://www.amazon.co.jp/s?k=GES-31000%EF%BD%9E9%20%E3%82%A2%E3%83%8B%E3%83%A1%E4%B8%BB%E9%A1%8C%E6%AD%8C%E5%A4%A7%E5%85%A8%E9%9B%86%2810%E6%9E%9A%E7%B5%84%EF%BD%A5%E9%80%9A%E4%BF%A1%E8%B2%A9%E5%A3%B2%E3%81%AE%E3%81%BF%29,コロムビアファミリークラブ,GES-31000～9,---
科学忍者隊ガッチャマン,1972/10/01,1974/09/29,続･テレビまんが懐かしのB面コレクション(2枚組),ED・OP/ガッチャマンの歌,https://www.amazon.co.jp/s?k=COCX-33558%EF%BD%9E9%20%E7%B6%9A%EF%BD%A5%E3%83%86%E3%83%AC%E3%83%93%E3%81%BE%E3%82%93%E3%81%8C%E6%87%90%E3%81%8B%E3%81%97%E3%81%AEB%E9%9D%A2%E3%82%B3%E3%83%AC%E3%82%AF%E3%82%B7%E3%83%A7%E3%83%B3%282%E6%9E%9A%E7%B5%84%29,日本コロムビア,COCX-33558～9,---
アストロガンガー,1972/10/04,1973/03/28,初盤,"OP/アストロガンガー
ED/進め! アストロガンガー",https://www.amazon.co.jp/s?k=SCS-504%20%E5%88%9D%E7%9B%A4,日本コロムビア,SCS-504,---
アストロガンガー,1972/10/04,1973/03/28,続･テレビまんが主題歌のあゆみ(2枚組),OP/アストロガンガー,https://www.amazon.co.jp/s?k=COCX-33500%EF%BD%9E1%20%E7%B6%9A%EF%BD%A5%E3%83%86%E3%83%AC%E3%83%93%E3%81%BE%E3%82%93%E3%81%8C%E4%B8%BB%E9%A1%8C%E6%AD%8C%E3%81%AE%E3%81%82%E3%82%86%E3%81%BF%282%E6%9E%9A%E7%B5%84%29,日本コロムビア,COCX-33500～1,---
アストロガンガー,1972/10/04,1973/03/28,テレビアニメ スーパーヒストリーvol.７,"OP/アストロガンガー
ED/進め! アストロガンガー",https://www.amazon.co.jp/s?k=COCC-70055%20%E3%83%86%E3%83%AC%E3%83%93%E3%82%A2%E3%83%8B%E3%83%A1%20%E3%82%B9%E3%83%BC%E3%83%91%E3%83%BC%E3%83%92%E3%82%B9%E3%83%88%E3%83%AA%E3%83%BCvol.%EF%BC%97,日本コロムビア,COCC-70055,---
アストロガンガー,1972/10/04,1973/03/28,アニメ主題歌メモリアル(10枚組･通信販売）,"OP/アストロガンガー
ED/進め! アストロガンガー",https://www.amazon.co.jp/s?k=GES-30526%EF%BD%9E35%20%E3%82%A2%E3%83%8B%E3%83%A1%E4%B8%BB%E9%A1%8C%E6%AD%8C%E3%83%A1%E3%83%A2%E3%83%AA%E3%82%A2%E3%83%AB%2810%E6%9E%9A%E7%B5%84%EF%BD%A5%E9%80%9A%E4%BF%A1%E8%B2%A9%E5%A3%B2%EF%BC%89,コロムビアファミリークラブ,GES-30526～35,---
アストロガンガー,1972/10/04,1973/03/28,続･テレビまんが懐かしのB面コレクション(2枚組),ED/進め! アストロガンガー,https://www.amazon.co.jp/s?k=COCX-33558%EF%BD%9E9%20%E7%B6%9A%EF%BD%A5%E3%83%86%E3%83%AC%E3%83%93%E3%81%BE%E3%82%93%E3%81%8C%E6%87%90%E3%81%8B%E3%81%97%E3%81%AEB%E9%9D%A2%E3%82%B3%E3%83%AC%E3%82%AF%E3%82%B7%E3%83%A7%E3%83%B3%282%E6%9E%9A%E7%B5%84%29,日本コロムビア,COCX-33558～9,---
かいけつタマゴン,1972/10/05,1973/09/28,初盤,"OP/かいけつタマゴン
タマゴンだよん",https://www.amazon.co.jp/s?k=SCS-509%20%E5%88%9D%E7%9B%A4,日本コロムビア,SCS-509,---
かいけつタマゴン,1972/10/05,1973/09/28,続･テレビまんが主題歌のあゆみ(2枚組),OP/かいけつタマゴン,https://www.amazon.co.jp/s?k=COCX-33500%EF%BD%9E1%20%E7%B6%9A%EF%BD%A5%E3%83%86%E3%83%AC%E3%83%93%E3%81%BE%E3%82%93%E3%81%8C%E4%B8%BB%E9%A1%8C%E6%AD%8C%E3%81%AE%E3%81%82%E3%82%86%E3%81%BF%282%E6%9E%9A%E7%B5%84%29,日本コロムビア,COCX-33500～1,---
かいけつタマゴン,1972/10/05,1973/09/28,テレビアニメ スーパーヒストリーvol.７,"OP/かいけつタマゴン
タマゴンだよん",https://www.amazon.co.jp/s?k=COCC-70055%20%E3%83%86%E3%83%AC%E3%83%93%E3%82%A2%E3%83%8B%E3%83%A1%20%E3%82%B9%E3%83%BC%E3%83%91%E3%83%BC%E3%83%92%E3%82%B9%E3%83%88%E3%83%AA%E3%83%BCvol.%EF%BC%97,日本コロムビア,COCC-70055,---
かいけつタマゴン,1972/10/05,1973/09/28,アニメ主題歌メモリアル(10枚組･通信販売）,"OP/かいけつタマゴン
タマゴンだよん",https://www.amazon.co.jp/s?k=GES-30526%EF%BD%9E35%20%E3%82%A2%E3%83%8B%E3%83%A1%E4%B8%BB%E9%A1%8C%E6%AD%8C%E3%83%A1%E3%83%A2%E3%83%AA%E3%82%A2%E3%83%AB%2810%E6%9E%9A%E7%B5%84%EF%BD%A5%E9%80%9A%E4%BF%A1%E8%B2%A9%E5%A3%B2%EF%BC%89,コロムビアファミリークラブ,GES-30526～35,---
かいけつタマゴン,1972/10/05,1973/09/28,続･テレビまんが懐かしのB面コレクション(2枚組),タマゴンだよん,https://www.amazon.co.jp/s?k=COCX-33558%EF%BD%9E9%20%E7%B6%9A%EF%BD%A5%E3%83%86%E3%83%AC%E3%83%93%E3%81%BE%E3%82%93%E3%81%8C%E6%87%90%E3%81%8B%E3%81%97%E3%81%AEB%E9%9D%A2%E3%82%B3%E3%83%AC%E3%82%AF%E3%82%B7%E3%83%A7%E3%83%B3%282%E6%9E%9A%E7%B5%84%29,日本コロムビア,COCX-33558～9,---
ハゼドン,1972/10/05,1973/03/29,初盤,"OP・ED/ぼくはハゼドン
ED・OP/ハゼドン音頭 (歌は「和泉常寛とザ・フィッシャーズ」表記)",https://www.amazon.co.jp/s?k=CX-11%20%E5%88%9D%E7%9B%A4,キャニオン,CX-11,---
ハゼドン,1972/10/05,1973/03/29,初盤,"OP・ED/ぼくはハゼドン
ED・OP/ハゼドン音頭",https://www.amazon.co.jp/s?k=SCS-510%20%E5%88%9D%E7%9B%A4,日本コロムビア,SCS-510,---
ハゼドン,1972/10/05,1973/03/29,続･テレビまんが主題歌のあゆみ(2枚組),ED・OP/ハゼドン音頭,https://www.amazon.co.jp/s?k=COCX-33500%EF%BD%9E1%20%E7%B6%9A%EF%BD%A5%E3%83%86%E3%83%AC%E3%83%93%E3%81%BE%E3%82%93%E3%81%8C%E4%B8%BB%E9%A1%8C%E6%AD%8C%E3%81%AE%E3%81%82%E3%82%86%E3%81%BF%282%E6%9E%9A%E7%B5%84%29,日本コロムビア,COCX-33500～1,---
ハゼドン,1972/10/05,1973/03/29,テレビアニメ スーパーヒストリーvol.７,"OP・ED/ぼくはハゼドン
ED・OP/ハゼドン音頭",https://www.amazon.co.jp/s?k=COCC-70055%20%E3%83%86%E3%83%AC%E3%83%93%E3%82%A2%E3%83%8B%E3%83%A1%20%E3%82%B9%E3%83%BC%E3%83%91%E3%83%BC%E3%83%92%E3%82%B9%E3%83%88%E3%83%AA%E3%83%BCvol.%EF%BC%97,日本コロムビア,COCC-70055,---
ハゼドン,1972/10/05,1973/03/29,アニメ主題歌メモリアル(10枚組･通信販売）,"OP・ED/ぼくはハゼドン
ED・OP/ハゼドン音頭",https://www.amazon.co.jp/s?k=GES-30526%EF%BD%9E35%20%E3%82%A2%E3%83%8B%E3%83%A1%E4%B8%BB%E9%A1%8C%E6%AD%8C%E3%83%A1%E3%83%A2%E3%83%AA%E3%82%A2%E3%83%AB%2810%E6%9E%9A%E7%B5%84%EF%BD%A5%E9%80%9A%E4%BF%A1%E8%B2%A9%E5%A3%B2%EF%BC%89,コロムビアファミリークラブ,GES-30526～35,---
ハゼドン,1972/10/05,1973/03/29,続･テレビまんが懐かしのB面コレクション(2枚組),OP・ED/ぼくはハゼドン,https://www.amazon.co.jp/s?k=COCX-33558%EF%BD%9E9%20%E7%B6%9A%EF%BD%A5%E3%83%86%E3%83%AC%E3%83%93%E3%81%BE%E3%82%93%E3%81%8C%E6%87%90%E3%81%8B%E3%81%97%E3%81%AEB%E9%9D%A2%E3%82%B3%E3%83%AC%E3%82%AF%E3%82%B7%E3%83%A7%E3%83%B3%282%E6%9E%9A%E7%B5%84%29,日本コロムビア,COCX-33558～9,---
ハゼドン,1972/10/05,1973/03/29,オリジナル版懐かしのアニメソング大全 補遺編,OP・ED/ぼくはハゼドン,https://www.amazon.co.jp/s?k=TOCT-9257%20%E3%82%AA%E3%83%AA%E3%82%B8%E3%83%8A%E3%83%AB%E7%89%88%E6%87%90%E3%81%8B%E3%81%97%E3%81%AE%E3%82%A2%E3%83%8B%E3%83%A1%E3%82%BD%E3%83%B3%E3%82%B0%E5%A4%A7%E5%85%A8%20%E8%A3%9C%E9%81%BA%E7%B7%A8,東芝EMI,TOCT-9257,---
ハゼドン,1972/10/05,1973/03/29,オリジナル版懐かしのアニメソング大全挿入歌編vol.２,ED・OP/ハゼドン音頭,https://www.amazon.co.jp/s?k=TOCT-9259%20%E3%82%AA%E3%83%AA%E3%82%B8%E3%83%8A%E3%83%AB%E7%89%88%E6%87%90%E3%81%8B%E3%81%97%E3%81%AE%E3%82%A2%E3%83%8B%E3%83%A1%E3%82%BD%E3%83%B3%E3%82%B0%E5%A4%A7%E5%85%A8%E6%8C%BF%E5%85%A5%E6%AD%8C%E7%B7%A8vol.%EF%BC%92,東芝EMI,TOCT-9259,---
おんぶおばけ,1972/10/07,1973/09/29,初盤,"OP/おんぶおばけの歌
ED/おんぶはネ",https://www.amazon.co.jp/s?k=TV%28H%29-4%20%E5%88%9D%E7%9B%A4,キングレコード,TV(H)-4,---
おんぶおばけ,1972/10/07,1973/09/29,オリジナル版懐かしのアニメソング大全 補遺編,"OP/おんぶおばけの歌
ED/おんぶはネ",https://www.amazon.co.jp/s?k=TOCT-9257%20%E3%82%AA%E3%83%AA%E3%82%B8%E3%83%8A%E3%83%AB%E7%89%88%E6%87%90%E3%81%8B%E3%81%97%E3%81%AE%E3%82%A2%E3%83%8B%E3%83%A1%E3%82%BD%E3%83%B3%E3%82%B0%E5%A4%A7%E5%85%A8%20%E8%A3%9C%E9%81%BA%E7%B7%A8,東芝EMI,TOCT-9257,---
おんぶおばけ,1972/10/07,1973/09/29,懐かしのテレビまんが主題歌大全集 アニメ編,"OP/おんぶおばけの歌
ED/おんぶはネ",https://www.amazon.co.jp/s?k=VPCG-83210%20%E6%87%90%E3%81%8B%E3%81%97%E3%81%AE%E3%83%86%E3%83%AC%E3%83%93%E3%81%BE%E3%82%93%E3%81%8C%E4%B8%BB%E9%A1%8C%E6%AD%8C%E5%A4%A7%E5%85%A8%E9%9B%86%20%E3%82%A2%E3%83%8B%E3%83%A1%E7%B7%A8,バップ,VPCG-83210,---
おんぶおばけ,1972/10/07,1973/09/29,テレビ主題歌黄金時代 アニメ＆バラエティ編,OP/おんぶおばけの歌,https://www.amazon.co.jp/s?k=KICS-2185%20%E3%83%86%E3%83%AC%E3%83%93%E4%B8%BB%E9%A1%8C%E6%AD%8C%E9%BB%84%E9%87%91%E6%99%82%E4%BB%A3%20%E3%82%A2%E3%83%8B%E3%83%A1%EF%BC%86%E3%83%90%E3%83%A9%E3%82%A8%E3%83%86%E3%82%A3%E7%B7%A8,キングレコード,KICS-2185,---
ど根性ガエル,1972/10/07,1974/09/28,初盤,"OP/ど根性ガエル
ED/ど根性でヤンス",https://www.amazon.co.jp/s?k=SCS-507%20%E5%88%9D%E7%9B%A4,日本コロムビア,SCS-507,---
ど根性ガエル,1972/10/07,1974/09/28,初盤,"ED/ど根性ガエル音頭
ED/ど根性ガエルマーチ",https://www.amazon.co.jp/s?k=SCS-204%20%E5%88%9D%E7%9B%A4,日本コロムビア,SCS-204,---
ど根性ガエル,1972/10/07,1974/09/28,続･テレビまんが主題歌のあゆみ(2枚組),OP/ど根性ガエル,https://www.amazon.co.jp/s?k=COCX-33500%EF%BD%9E1%20%E7%B6%9A%EF%BD%A5%E3%83%86%E3%83%AC%E3%83%93%E3%81%BE%E3%82%93%E3%81%8C%E4%B8%BB%E9%A1%8C%E6%AD%8C%E3%81%AE%E3%81%82%E3%82%86%E3%81%BF%282%E6%9E%9A%E7%B5%84%29,日本コロムビア,COCX-33500～1,---
ど根性ガエル,1972/10/07,1974/09/28,テレビアニメ スーパーヒストリーvol.７,"OP/ど根性ガエル
ED/ど根性でヤンス",https://www.amazon.co.jp/s?k=COCC-70055%20%E3%83%86%E3%83%AC%E3%83%93%E3%82%A2%E3%83%8B%E3%83%A1%20%E3%82%B9%E3%83%BC%E3%83%91%E3%83%BC%E3%83%92%E3%82%B9%E3%83%88%E3%83%AA%E3%83%BCvol.%EF%BC%97,日本コロムビア,COCC-70055,---
ど根性ガエル,1972/10/07,1974/09/28,アニメ主題歌メモリアル(10枚組･通信販売）,"OP/ど根性ガエル
ED/ど根性でヤンス
ED/ど根性ガエル音頭
ED/ど根性ガエルマーチ",https://www.amazon.co.jp/s?k=GES-30526%EF%BD%9E35%20%E3%82%A2%E3%83%8B%E3%83%A1%E4%B8%BB%E9%A1%8C%E6%AD%8C%E3%83%A1%E3%83%A2%E3%83%AA%E3%82%A2%E3%83%AB%2810%E6%9E%9A%E7%B5%84%EF%BD%A5%E9%80%9A%E4%BF%A1%E8%B2%A9%E5%A3%B2%EF%BC%89,コロムビアファミリークラブ,GES-30526～35,---
ど根性ガエル,1972/10/07,1974/09/28,続･テレビまんが懐かしのB面コレクション(2枚組),ED/ど根性でヤンス,https://www.amazon.co.jp/s?k=COCX-33558%EF%BD%9E9%20%E7%B6%9A%EF%BD%A5%E3%83%86%E3%83%AC%E3%83%93%E3%81%BE%E3%82%93%E3%81%8C%E6%87%90%E3%81%8B%E3%81%97%E3%81%AEB%E9%9D%A2%E3%82%B3%E3%83%AC%E3%82%AF%E3%82%B7%E3%83%A7%E3%83%B3%282%E6%9E%9A%E7%B5%84%29,日本コロムビア,COCX-33558～9,---
マジンガーZ,1972/12/03,1974/09/01,初盤,"OP/マジンガーZ
ED/ぼくらのマジンガーZ
「Zのテーマ」",https://www.amazon.co.jp/s?k=SCS-511%20%E5%88%9D%E7%9B%A4,日本コロムビア,SCS-511,---
マジンガーZ,1972/12/03,1974/09/01,初盤,"OP/マジンガーZ
ED/ぼくらのマジンガーZ",https://www.amazon.co.jp/s?k=APM-4029%20%E5%88%9D%E7%9B%A4,朝日ソノラマ,APM-4029,---
マジンガーZ,1972/12/03,1974/09/01,続･テレビまんが主題歌のあゆみ(2枚組),OP/マジンガーZ,https://www.amazon.co.jp/s?k=COCX-33500%EF%BD%9E1%20%E7%B6%9A%EF%BD%A5%E3%83%86%E3%83%AC%E3%83%93%E3%81%BE%E3%82%93%E3%81%8C%E4%B8%BB%E9%A1%8C%E6%AD%8C%E3%81%AE%E3%81%82%E3%82%86%E3%81%BF%282%E6%9E%9A%E7%B5%84%29,日本コロムビア,COCX-33500～1,---
マジンガーZ,1972/12/03,1974/09/01,テレビアニメ スーパーヒストリーvol.７,"OP/マジンガーZ
ED/ぼくらのマジンガーZ",https://www.amazon.co.jp/s?k=COCC-70055%20%E3%83%86%E3%83%AC%E3%83%93%E3%82%A2%E3%83%8B%E3%83%A1%20%E3%82%B9%E3%83%BC%E3%83%91%E3%83%BC%E3%83%92%E3%82%B9%E3%83%88%E3%83%AA%E3%83%BCvol.%EF%BC%97,日本コロムビア,COCC-70055,---
マジンガーZ,1972/12/03,1974/09/01,アニメ主題歌メモリアル(10枚組･通信販売）,"OP/マジンガーZ
ED/ぼくらのマジンガーZ",https://www.amazon.co.jp/s?k=GES-30526%EF%BD%9E35%20%E3%82%A2%E3%83%8B%E3%83%A1%E4%B8%BB%E9%A1%8C%E6%AD%8C%E3%83%A1%E3%83%A2%E3%83%AA%E3%82%A2%E3%83%AB%2810%E6%9E%9A%E7%B5%84%EF%BD%A5%E9%80%9A%E4%BF%A1%E8%B2%A9%E5%A3%B2%EF%BC%89,コロムビアファミリークラブ,GES-30526～35,---
マジンガーZ,1972/12/03,1974/09/01,アニメ主題歌大全集(10枚組･通信販売のみ),"OP/マジンガーZ
ED/ぼくらのマジンガーZ",https://www.amazon.co.jp/s?k=GES-31000%EF%BD%9E9%20%E3%82%A2%E3%83%8B%E3%83%A1%E4%B8%BB%E9%A1%8C%E6%AD%8C%E5%A4%A7%E5%85%A8%E9%9B%86%2810%E6%9E%9A%E7%B5%84%EF%BD%A5%E9%80%9A%E4%BF%A1%E8%B2%A9%E5%A3%B2%E3%81%AE%E3%81%BF%29,コロムビアファミリークラブ,GES-31000～9,---
マジンガーZ,1972/12/03,1974/09/01,続･テレビまんが懐かしのB面コレクション(2枚組),ED/ぼくらのマジンガーZ,https://www.amazon.co.jp/s?k=COCX-33558%EF%BD%9E9%20%E7%B6%9A%EF%BD%A5%E3%83%86%E3%83%AC%E3%83%93%E3%81%BE%E3%82%93%E3%81%8C%E6%87%90%E3%81%8B%E3%81%97%E3%81%AEB%E9%9D%A2%E3%82%B3%E3%83%AC%E3%82%AF%E3%82%B7%E3%83%A7%E3%83%B3%282%E6%9E%9A%E7%B5%84%29,日本コロムビア,COCX-33558～9,---
バビル2世,1973/01/01,1973/09/24,初盤,"OP/バビル2世
ED/正義の超能力少年",https://www.amazon.co.jp/s?k=APM-4034%20%E5%88%9D%E7%9B%A4,朝日ソノラマ,APM-4034,---
バビル2世,1973/01/01,1973/09/24,続･テレビまんが主題歌のあゆみ(2枚組),OP/バビル2世,https://www.amazon.co.jp/s?k=COCX-33500%EF%BD%9E1%20%E7%B6%9A%EF%BD%A5%E3%83%86%E3%83%AC%E3%83%93%E3%81%BE%E3%82%93%E3%81%8C%E4%B8%BB%E9%A1%8C%E6%AD%8C%E3%81%AE%E3%81%82%E3%82%86%E3%81%BF%282%E6%9E%9A%E7%B5%84%29,日本コロムビア,COCX-33500～1,---
バビル2世,1973/01/01,1973/09/24,テレビアニメ スーパーヒストリーvol.７,"OP/バビル2世
ED/正義の超能力少年",https://www.amazon.co.jp/s?k=COCC-70055%20%E3%83%86%E3%83%AC%E3%83%93%E3%82%A2%E3%83%8B%E3%83%A1%20%E3%82%B9%E3%83%BC%E3%83%91%E3%83%BC%E3%83%92%E3%82%B9%E3%83%88%E3%83%AA%E3%83%BCvol.%EF%BC%97,日本コロムビア,COCC-70055,---
バビル2世,1973/01/01,1973/09/24,アニメ主題歌メモリアル(10枚組･通信販売）,"OP/バビル2世
ED/正義の超能力少年",https://www.amazon.co.jp/s?k=GES-30526%EF%BD%9E35%20%E3%82%A2%E3%83%8B%E3%83%A1%E4%B8%BB%E9%A1%8C%E6%AD%8C%E3%83%A1%E3%83%A2%E3%83%AA%E3%82%A2%E3%83%AB%2810%E6%9E%9A%E7%B5%84%EF%BD%A5%E9%80%9A%E4%BF%A1%E8%B2%A9%E5%A3%B2%EF%BC%89,コロムビアファミリークラブ,GES-30526～35,---
バビル2世,1973/01/01,1973/09/24,続･テレビまんが懐かしのB面コレクション(2枚組),ED/正義の超能力少年,https://www.amazon.co.jp/s?k=COCX-33558%EF%BD%9E9%20%E7%B6%9A%EF%BD%A5%E3%83%86%E3%83%AC%E3%83%93%E3%81%BE%E3%82%93%E3%81%8C%E6%87%90%E3%81%8B%E3%81%97%E3%81%AEB%E9%9D%A2%E3%82%B3%E3%83%AC%E3%82%AF%E3%82%B7%E3%83%A7%E3%83%B3%282%E6%9E%9A%E7%B5%84%29,日本コロムビア,COCX-33558～9,---
けろっこデメタン,1973/01/02,1973/09/25,初盤,"OP/けろっこデメタン
ED/まけるなデメタン",https://www.amazon.co.jp/s?k=SCS-186%20%E5%88%9D%E7%9B%A4,日本コロムビア,SCS-186,---
けろっこデメタン,1973/01/02,1973/09/25,続･テレビまんが主題歌のあゆみ(2枚組),OP/けろっこデメタン,https://www.amazon.co.jp/s?k=COCX-33500%EF%BD%9E1%20%E7%B6%9A%EF%BD%A5%E3%83%86%E3%83%AC%E3%83%93%E3%81%BE%E3%82%93%E3%81%8C%E4%B8%BB%E9%A1%8C%E6%AD%8C%E3%81%AE%E3%81%82%E3%82%86%E3%81%BF%282%E6%9E%9A%E7%B5%84%29,日本コロムビア,COCX-33500～1,---
けろっこデメタン,1973/01/02,1973/09/25,テレビアニメ スーパーヒストリーvol.８,"OP/けろっこデメタン
ED/まけるなデメタン",https://www.amazon.co.jp/s?k=COCC-70056%20%E3%83%86%E3%83%AC%E3%83%93%E3%82%A2%E3%83%8B%E3%83%A1%20%E3%82%B9%E3%83%BC%E3%83%91%E3%83%BC%E3%83%92%E3%82%B9%E3%83%88%E3%83%AA%E3%83%BCvol.%EF%BC%98,日本コロムビア,COCC-70056,---
けろっこデメタン,1973/01/02,1973/09/25,アニメ主題歌メモリアル(10枚組･通信販売）,"OP/けろっこデメタン
ED/まけるなデメタン",https://www.amazon.co.jp/s?k=GES-30526%EF%BD%9E35%20%E3%82%A2%E3%83%8B%E3%83%A1%E4%B8%BB%E9%A1%8C%E6%AD%8C%E3%83%A1%E3%83%A2%E3%83%AA%E3%82%A2%E3%83%AB%2810%E6%9E%9A%E7%B5%84%EF%BD%A5%E9%80%9A%E4%BF%A1%E8%B2%A9%E5%A3%B2%EF%BC%89,コロムビアファミリークラブ,GES-30526～35,---
けろっこデメタン,1973/01/02,1973/09/25,続･テレビまんが懐かしのB面コレクション(2枚組),ED/まけるなデメタン,https://www.amazon.co.jp/s?k=COCX-33558%EF%BD%9E9%20%E7%B6%9A%EF%BD%A5%E3%83%86%E3%83%AC%E3%83%93%E3%81%BE%E3%82%93%E3%81%8C%E6%87%90%E3%81%8B%E3%81%97%E3%81%AEB%E9%9D%A2%E3%82%B3%E3%83%AC%E3%82%AF%E3%82%B7%E3%83%A7%E3%83%B3%282%E6%9E%9A%E7%B5%84%29,日本コロムビア,COCX-33558～9,---
山ねずみロッキーチャック,1973/01/07,1973/12/30,初盤,"OP/緑の陽だまり
ED/ロッキーとポリー",https://www.amazon.co.jp/s?k=SCS-188%20%E5%88%9D%E7%9B%A4,日本コロムビア,SCS-188,---
山ねずみロッキーチャック,1973/01/07,1973/12/30,続･テレビまんが主題歌のあゆみ(2枚組),OP/緑の陽だまり,https://www.amazon.co.jp/s?k=COCX-33500%EF%BD%9E1%20%E7%B6%9A%EF%BD%A5%E3%83%86%E3%83%AC%E3%83%93%E3%81%BE%E3%82%93%E3%81%8C%E4%B8%BB%E9%A1%8C%E6%AD%8C%E3%81%AE%E3%81%82%E3%82%86%E3%81%BF%282%E6%9E%9A%E7%B5%84%29,日本コロムビア,COCX-33500～1,---
山ねずみロッキーチャック,1973/01/07,1973/12/30,テレビアニメ スーパーヒストリーvol.８,"OP/緑の陽だまり
ED/ロッキーとポリー",https://www.amazon.co.jp/s?k=COCC-70056%20%E3%83%86%E3%83%AC%E3%83%93%E3%82%A2%E3%83%8B%E3%83%A1%20%E3%82%B9%E3%83%BC%E3%83%91%E3%83%BC%E3%83%92%E3%82%B9%E3%83%88%E3%83%AA%E3%83%BCvol.%EF%BC%98,日本コロムビア,COCC-70056,---
山ねずみロッキーチャック,1973/01/07,1973/12/30,アニメ主題歌メモリアル(10枚組･通信販売）,"OP/緑の陽だまり
ED/ロッキーとポリー",https://www.amazon.co.jp/s?k=GES-30526%EF%BD%9E35%20%E3%82%A2%E3%83%8B%E3%83%A1%E4%B8%BB%E9%A1%8C%E6%AD%8C%E3%83%A1%E3%83%A2%E3%83%AA%E3%82%A2%E3%83%AB%2810%E6%9E%9A%E7%B5%84%EF%BD%A5%E9%80%9A%E4%BF%A1%E8%B2%A9%E5%A3%B2%EF%BC%89,コロムビアファミリークラブ,GES-30526～35,---
山ねずみロッキーチャック,1973/01/07,1973/12/30,続･テレビまんが懐かしのB面コレクション(2枚組),ED/ロッキーとポリー,https://www.amazon.co.jp/s?k=COCX-33558%EF%BD%9E9%20%E7%B6%9A%EF%BD%A5%E3%83%86%E3%83%AC%E3%83%93%E3%81%BE%E3%82%93%E3%81%8C%E6%87%90%E3%81%8B%E3%81%97%E3%81%AEB%E9%9D%A2%E3%82%B3%E3%83%AC%E3%82%AF%E3%82%B7%E3%83%A7%E3%83%B3%282%E6%9E%9A%E7%B5%84%29,日本コロムビア,COCX-33558～9,---
山ねずみロッキーチャック,1973/01/07,1973/12/30,オリジナル版懐かしのアニメソング大全 補遺編,"OP/緑の陽だまり
ED/ロッキーとポリー",https://www.amazon.co.jp/s?k=TOCT-9257%20%E3%82%AA%E3%83%AA%E3%82%B8%E3%83%8A%E3%83%AB%E7%89%88%E6%87%90%E3%81%8B%E3%81%97%E3%81%AE%E3%82%A2%E3%83%8B%E3%83%A1%E3%82%BD%E3%83%B3%E3%82%B0%E5%A4%A7%E5%85%A8%20%E8%A3%9C%E9%81%BA%E7%B7%A8,東芝EMI,TOCT-9257,---
山ねずみロッキーチャック,1973/01/07,1973/12/30,懐かしのミュージッククリップ２ 「山ねずみロッキーチャック」,"OP/緑の陽だまり
ED/ロッキーとポリー",https://www.amazon.co.jp/s?k=TOCT-9357%20%E6%87%90%E3%81%8B%E3%81%97%E3%81%AE%E3%83%9F%E3%83%A5%E3%83%BC%E3%82%B8%E3%83%83%E3%82%AF%E3%82%AF%E3%83%AA%E3%83%83%E3%83%97%EF%BC%92%20%E3%80%8C%E5%B1%B1%E3%81%AD%E3%81%9A%E3%81%BF%E3%83%AD%E3%83%83%E3%82%AD%E3%83%BC%E3%83%81%E3%83%A3%E3%83%83%E3%82%AF%E3%80%8D,東芝EMI,TOCT-9357,---
山ねずみロッキーチャック,1973/01/07,1973/12/30,ZUIYO アンソロジー 1969～1983,"OP/緑の陽だまり
ED/ロッキーとポリー",https://www.amazon.co.jp/s?k=AYCM-656%20ZUIYO%20%E3%82%A2%E3%83%B3%E3%82%BD%E3%83%AD%E3%82%B8%E3%83%BC%201969%EF%BD%9E1983,エアーズ,AYCM-656,---
魔人ハンター ミツルギ,1973/01/08,1973/03/26,初盤,"OP/走れ! 嵐の中を
風のうわさ",https://www.amazon.co.jp/s?k=SCS-187%20%E5%88%9D%E7%9B%A4,日本コロムビア,SCS-187,---
魔人ハンター ミツルギ,1973/01/08,1973/03/26,コロムビア アニメ･特撮主題歌全集８ 1972-1973,"OP/走れ! 嵐の中を
風のうわさ",https://www.amazon.co.jp/s?k=COCX-36103%20%E3%82%B3%E3%83%AD%E3%83%A0%E3%83%93%E3%82%A2%20%E3%82%A2%E3%83%8B%E3%83%A1%EF%BD%A5%E7%89%B9%E6%92%AE%E4%B8%BB%E9%A1%8C%E6%AD%8C%E5%85%A8%E9%9B%86%EF%BC%98%201972-1973,日本コロムビア,COCX-36103,---
ジャングル黒べえ,1973/03/02,1973/09/28,初盤,"OP/ジャングル黒べえの歌
ED/ウラウラタムタム・ベッカンコ?",https://www.amazon.co.jp/s?k=SCS-194%20%E5%88%9D%E7%9B%A4,日本コロムビア,SCS-194,---
ジャングル黒べえ,1973/03/02,1973/09/28,初盤,"OP/ジャングル黒べえの歌
ED/ウラウラタムタム・ベッカンコ?",https://www.amazon.co.jp/s?k=APM-4045%20%E5%88%9D%E7%9B%A4,朝日ソノラマ,APM-4045,---
ジャングル黒べえ,1973/03/02,1973/09/28,続･テレビまんが主題歌のあゆみ(2枚組),OP/ジャングル黒べえの歌,https://www.amazon.co.jp/s?k=COCX-33500%EF%BD%9E1%20%E7%B6%9A%EF%BD%A5%E3%83%86%E3%83%AC%E3%83%93%E3%81%BE%E3%82%93%E3%81%8C%E4%B8%BB%E9%A1%8C%E6%AD%8C%E3%81%AE%E3%81%82%E3%82%86%E3%81%BF%282%E6%9E%9A%E7%B5%84%29,日本コロムビア,COCX-33500～1,---
ジャングル黒べえ,1973/03/02,1973/09/28,テレビアニメ スーパーヒストリーvol.８,"OP/ジャングル黒べえの歌
ED/ウラウラタムタム・ベッカンコ?",https://www.amazon.co.jp/s?k=COCC-70056%20%E3%83%86%E3%83%AC%E3%83%93%E3%82%A2%E3%83%8B%E3%83%A1%20%E3%82%B9%E3%83%BC%E3%83%91%E3%83%BC%E3%83%92%E3%82%B9%E3%83%88%E3%83%AA%E3%83%BCvol.%EF%BC%98,日本コロムビア,COCC-70056,---
ジャングル黒べえ,1973/03/02,1973/09/28,続･テレビまんが懐かしのB面コレクション(2枚組),ED/ウラウラタムタム・ベッカンコ?,https://www.amazon.co.jp/s?k=COCX-33558%EF%BD%9E9%20%E7%B6%9A%EF%BD%A5%E3%83%86%E3%83%AC%E3%83%93%E3%81%BE%E3%82%93%E3%81%8C%E6%87%90%E3%81%8B%E3%81%97%E3%81%AEB%E9%9D%A2%E3%82%B3%E3%83%AC%E3%82%AF%E3%82%B7%E3%83%A7%E3%83%B3%282%E6%9E%9A%E7%B5%84%29,日本コロムビア,COCX-33558～9,---
ドラえもん,1973/04/01,1973/09/30,初盤,"OP/ドラえもん
ED/ドラえもんのルンバ
「あいしゅうのドラえもん」
「ドラえもん いん できしいらんど」",https://www.amazon.co.jp/s?k=C-112%20%E5%88%9D%E7%9B%A4,日本コロムビア,C-112,---
ドラえもん,1973/04/01,1973/09/30,続･テレビまんが主題歌のあゆみ(2枚組),OP/ドラえもん,https://www.amazon.co.jp/s?k=COCX-33500%EF%BD%9E1%20%E7%B6%9A%EF%BD%A5%E3%83%86%E3%83%AC%E3%83%93%E3%81%BE%E3%82%93%E3%81%8C%E4%B8%BB%E9%A1%8C%E6%AD%8C%E3%81%AE%E3%81%82%E3%82%86%E3%81%BF%282%E6%9E%9A%E7%B5%84%29,日本コロムビア,COCX-33500～1,---
ドラえもん,1973/04/01,1973/09/30,テレビアニメ スーパーヒストリーvol.８,"OP/ドラえもん
ED/ドラえもんのルンバ",https://www.amazon.co.jp/s?k=COCC-70056%20%E3%83%86%E3%83%AC%E3%83%93%E3%82%A2%E3%83%8B%E3%83%A1%20%E3%82%B9%E3%83%BC%E3%83%91%E3%83%BC%E3%83%92%E3%82%B9%E3%83%88%E3%83%AA%E3%83%BCvol.%EF%BC%98,日本コロムビア,COCC-70056,---
ドラえもん,1973/04/01,1973/09/30,アニメ主題歌大全集(10枚組･通信販売のみ),"OP/ドラえもん
ED/ドラえもんのルンバ",https://www.amazon.co.jp/s?k=GES-31000%EF%BD%9E9%20%E3%82%A2%E3%83%8B%E3%83%A1%E4%B8%BB%E9%A1%8C%E6%AD%8C%E5%A4%A7%E5%85%A8%E9%9B%86%2810%E6%9E%9A%E7%B5%84%EF%BD%A5%E9%80%9A%E4%BF%A1%E8%B2%A9%E5%A3%B2%E3%81%AE%E3%81%BF%29,コロムビアファミリークラブ,GES-31000～9,---
ドラえもん,1973/04/01,1973/09/30,続･テレビまんが懐かしのB面コレクション(2枚組),ED/ドラえもんのルンバ,https://www.amazon.co.jp/s?k=COCX-33558%EF%BD%9E9%20%E7%B6%9A%EF%BD%A5%E3%83%86%E3%83%AC%E3%83%93%E3%81%BE%E3%82%93%E3%81%8C%E6%87%90%E3%81%8B%E3%81%97%E3%81%AEB%E9%9D%A2%E3%82%B3%E3%83%AC%E3%82%AF%E3%82%B7%E3%83%A7%E3%83%B3%282%E6%9E%9A%E7%B5%84%29,日本コロムビア,COCX-33558～9,---
ワンサくん,1973/04/02,1973/09/24,初盤,"OP/ワンサカ・ワンサくん
ED/ピンコラ音頭
「ワンサくんのママ」",https://www.amazon.co.jp/s?k=SCS-197%20%E5%88%9D%E7%9B%A4,日本コロムビア,SCS-197,---
ワンサくん,1973/04/02,1973/09/24,続･テレビまんが主題歌のあゆみ(2枚組),OP/ワンサカ・ワンサくん,https://www.amazon.co.jp/s?k=COCX-33500%EF%BD%9E1%20%E7%B6%9A%EF%BD%A5%E3%83%86%E3%83%AC%E3%83%93%E3%81%BE%E3%82%93%E3%81%8C%E4%B8%BB%E9%A1%8C%E6%AD%8C%E3%81%AE%E3%81%82%E3%82%86%E3%81%BF%282%E6%9E%9A%E7%B5%84%29,日本コロムビア,COCX-33500～1,---
ワンサくん,1973/04/02,1973/09/24,テレビアニメ スーパーヒストリーvol.８,"OP/ワンサカ・ワンサくん
ED/ピンコラ音頭",https://www.amazon.co.jp/s?k=COCC-70056%20%E3%83%86%E3%83%AC%E3%83%93%E3%82%A2%E3%83%8B%E3%83%A1%20%E3%82%B9%E3%83%BC%E3%83%91%E3%83%BC%E3%83%92%E3%82%B9%E3%83%88%E3%83%AA%E3%83%BCvol.%EF%BC%98,日本コロムビア,COCC-70056,---
ワンサくん,1973/04/02,1973/09/24,アニメ主題歌メモリアル(10枚組･通信販売）,"OP/ワンサカ・ワンサくん
ED/ピンコラ音頭",https://www.amazon.co.jp/s?k=GES-30526%EF%BD%9E35%20%E3%82%A2%E3%83%8B%E3%83%A1%E4%B8%BB%E9%A1%8C%E6%AD%8C%E3%83%A1%E3%83%A2%E3%83%AA%E3%82%A2%E3%83%AB%2810%E6%9E%9A%E7%B5%84%EF%BD%A5%E9%80%9A%E4%BF%A1%E8%B2%A9%E5%A3%B2%EF%BC%89,コロムビアファミリークラブ,GES-30526～35,---
ワンサくん,1973/04/02,1973/09/24,続･テレビまんが懐かしのB面コレクション(2枚組),ED/ピンコラ音頭,https://www.amazon.co.jp/s?k=COCX-33558%EF%BD%9E9%20%E7%B6%9A%EF%BD%A5%E3%83%86%E3%83%AC%E3%83%93%E3%81%BE%E3%82%93%E3%81%8C%E6%87%90%E3%81%8B%E3%81%97%E3%81%AEB%E9%9D%A2%E3%82%B3%E3%83%AC%E3%82%AF%E3%82%B7%E3%83%A7%E3%83%B3%282%E6%9E%9A%E7%B5%84%29,日本コロムビア,COCX-33558～9,---
荒野の少年イサム,1973/04/04,1974/03/27,初盤,"OP/荒野の少年イサム
ED/オー サンボーイ",https://www.amazon.co.jp/s?k=APM-4053%20%E5%88%9D%E7%9B%A4,朝日ソノラマ,APM-4053,---
荒野の少年イサム,1973/04/04,1974/03/27,懐かしのテレビまんが主題歌大全集 アニメ編・Ⅱ,OP/荒野の少年イサム,https://www.amazon.co.jp/s?k=VPCG-84221%20%E6%87%90%E3%81%8B%E3%81%97%E3%81%AE%E3%83%86%E3%83%AC%E3%83%93%E3%81%BE%E3%82%93%E3%81%8C%E4%B8%BB%E9%A1%8C%E6%AD%8C%E5%A4%A7%E5%85%A8%E9%9B%86%20%E3%82%A2%E3%83%8B%E3%83%A1%E7%B7%A8%E3%83%BB%E2%85%A1,バップ,VPCG-84221,２はTVサイズを収録。
荒野の少年イサム,1973/04/04,1974/03/27,オリジナル版懐かしのアニメソング大全[4] 1970～1973,OP/荒野の少年イサム,https://www.amazon.co.jp/s?k=TOCT-8516%20%E3%82%AA%E3%83%AA%E3%82%B8%E3%83%8A%E3%83%AB%E7%89%88%E6%87%90%E3%81%8B%E3%81%97%E3%81%AE%E3%82%A2%E3%83%8B%E3%83%A1%E3%82%BD%E3%83%B3%E3%82%B0%E5%A4%A7%E5%85%A8%5B4%5D%201970%EF%BD%9E1973,東芝EMI,TOCT-8516,２のフルコーラス音源は未CD化。マスター音源が紛失中との情報有り。
ミクロイドS,1973/04/07,1973/10/06,初盤,"OP/ミクロイドS
OP/ヤンマだアゲハだマメゾウだ",https://www.amazon.co.jp/s?k=SCS-513%20%E5%88%9D%E7%9B%A4,日本コロムビア,SCS-513,２は初期はスロー､後期発売分はアップテンポVer。
ミクロイドS,1973/04/07,1973/10/06,初盤,"OP/ミクロイドS
OP/ヤンマだアゲハだマメゾウだ",https://www.amazon.co.jp/s?k=APM-4044%20%E5%88%9D%E7%9B%A4,朝日ソノラマ,APM-4044,２はスローVer。
ミクロイドS,1973/04/07,1973/10/06,続･テレビまんが主題歌のあゆみ(2枚組),OP/ミクロイドS,https://www.amazon.co.jp/s?k=COCX-33500%EF%BD%9E1%20%E7%B6%9A%EF%BD%A5%E3%83%86%E3%83%AC%E3%83%93%E3%81%BE%E3%82%93%E3%81%8C%E4%B8%BB%E9%A1%8C%E6%AD%8C%E3%81%AE%E3%81%82%E3%82%86%E3%81%BF%282%E6%9E%9A%E7%B5%84%29,日本コロムビア,COCX-33500～1,---
ミクロイドS,1973/04/07,1973/10/06,テレビアニメ スーパーヒストリーvol.８,"OP/ミクロイドS
OP/ヤンマだアゲハだマメゾウだ",https://www.amazon.co.jp/s?k=COCC-70056%20%E3%83%86%E3%83%AC%E3%83%93%E3%82%A2%E3%83%8B%E3%83%A1%20%E3%82%B9%E3%83%BC%E3%83%91%E3%83%BC%E3%83%92%E3%82%B9%E3%83%88%E3%83%AA%E3%83%BCvol.%EF%BC%98,日本コロムビア,COCC-70056,２はアップテンポVer。「メモリアル(1)」収録の２は
ミクロイドS,1973/04/07,1973/10/06,アニメ主題歌メモリアル(10枚組･通信販売）,"OP/ミクロイドS
OP/ヤンマだアゲハだマメゾウだ",https://www.amazon.co.jp/s?k=GES-30526%EF%BD%9E35%20%E3%82%A2%E3%83%8B%E3%83%A1%E4%B8%BB%E9%A1%8C%E6%AD%8C%E3%83%A1%E3%83%A2%E3%83%AA%E3%82%A2%E3%83%AB%2810%E6%9E%9A%E7%B5%84%EF%BD%A5%E9%80%9A%E4%BF%A1%E8%B2%A9%E5%A3%B2%EF%BC%89,コロムビアファミリークラブ,GES-30526～35,"解説書には初期(スロー)Ver(2'40"")とあるが､"
ミクロイドS,1973/04/07,1973/10/06,続･テレビまんが懐かしのB面コレクション(2枚組),OP/ヤンマだアゲハだマメゾウだ,https://www.amazon.co.jp/s?k=COCX-33558%EF%BD%9E9%20%E7%B6%9A%EF%BD%A5%E3%83%86%E3%83%AC%E3%83%93%E3%81%BE%E3%82%93%E3%81%8C%E6%87%90%E3%81%8B%E3%81%97%E3%81%AEB%E9%9D%A2%E3%82%B3%E3%83%AC%E3%82%AF%E3%82%B7%E3%83%A7%E3%83%B3%282%E6%9E%9A%E7%B5%84%29,日本コロムビア,COCX-33558～9,"実際はアップテンポVer(2'18"")。誤収録だと思われる。"
ミクロイドS,1973/04/07,1973/10/06,アニメ主題歌メモリアル２(10枚組）,OP/ヤンマだアゲハだマメゾウだ,https://www.amazon.co.jp/s?k=COCC-13591%EF%BD%9E600%20%E3%82%A2%E3%83%8B%E3%83%A1%E4%B8%BB%E9%A1%8C%E6%AD%8C%E3%83%A1%E3%83%A2%E3%83%AA%E3%82%A2%E3%83%AB%EF%BC%92%2810%E6%9E%9A%E7%B5%84%EF%BC%89,日本コロムビア,COCC-13591～600,---
ミクロイドS,1973/04/07,1973/10/06,コロムビア アニメ･特撮主題歌全集８ 1972-1973,"OP/ミクロイドS
OP/ヤンマだアゲハだマメゾウだ",https://www.amazon.co.jp/s?k=COCX-36103%20%E3%82%B3%E3%83%AD%E3%83%A0%E3%83%93%E3%82%A2%20%E3%82%A2%E3%83%8B%E3%83%A1%EF%BD%A5%E7%89%B9%E6%92%AE%E4%B8%BB%E9%A1%8C%E6%AD%8C%E5%85%A8%E9%9B%86%EF%BC%98%201972-1973,日本コロムビア,COCX-36103,２はスロー、アップテンポVerの両方を収録。
チャージマン研!,1973/07/02,1973/09/28,初盤,"OP/チャージマン研
研とキャロンの歌",https://www.amazon.co.jp/s?k=TV%28H%29-16%20%E5%88%9D%E7%9B%A4,キングレコード,TV(H)-16,---
チャージマン研!,1973/07/02,1973/09/28,懐かしのテレビまんが主題歌大全集 アニメ編,OP/チャージマン研,https://www.amazon.co.jp/s?k=VPCG-83210%20%E6%87%90%E3%81%8B%E3%81%97%E3%81%AE%E3%83%86%E3%83%AC%E3%83%93%E3%81%BE%E3%82%93%E3%81%8C%E4%B8%BB%E9%A1%8C%E6%AD%8C%E5%A4%A7%E5%85%A8%E9%9B%86%20%E3%82%A2%E3%83%8B%E3%83%A1%E7%B7%A8,バップ,VPCG-83210,---
チャージマン研!,1973/07/02,1973/09/28,懐かしのテレビまんが主題歌大全集 アニメ編・Ⅱ,研とキャロンの歌,https://www.amazon.co.jp/s?k=VPCG-84221%20%E6%87%90%E3%81%8B%E3%81%97%E3%81%AE%E3%83%86%E3%83%AC%E3%83%93%E3%81%BE%E3%82%93%E3%81%8C%E4%B8%BB%E9%A1%8C%E6%AD%8C%E5%A4%A7%E5%85%A8%E9%9B%86%20%E3%82%A2%E3%83%8B%E3%83%A1%E7%B7%A8%E3%83%BB%E2%85%A1,バップ,VPCG-84221,---
ゼロテスター,1973/10/01,1974/06/17,初盤,"OP/ゼロテスター
ED/愛する大地",https://www.amazon.co.jp/s?k=L-2501P%20%E5%88%9D%E7%9B%A4,ワーナー・パイオニア,L-2501P,---
ゼロテスター,1973/10/01,1974/06/17,オリジナル版懐かしのアニメソング大全 補遺編,"OP/ゼロテスター
ED/愛する大地",https://www.amazon.co.jp/s?k=TOCT-9257%20%E3%82%AA%E3%83%AA%E3%82%B8%E3%83%8A%E3%83%AB%E7%89%88%E6%87%90%E3%81%8B%E3%81%97%E3%81%AE%E3%82%A2%E3%83%8B%E3%83%A1%E3%82%BD%E3%83%B3%E3%82%B0%E5%A4%A7%E5%85%A8%20%E8%A3%9C%E9%81%BA%E7%B7%A8,東芝EMI,TOCT-9257,---
ゼロテスター,1973/10/01,1974/06/17,懐かしのテレビまんが主題歌大全集 アニメ編,OP/ゼロテスター,https://www.amazon.co.jp/s?k=VPCG-83210%20%E6%87%90%E3%81%8B%E3%81%97%E3%81%AE%E3%83%86%E3%83%AC%E3%83%93%E3%81%BE%E3%82%93%E3%81%8C%E4%B8%BB%E9%A1%8C%E6%AD%8C%E5%A4%A7%E5%85%A8%E9%9B%86%20%E3%82%A2%E3%83%8B%E3%83%A1%E7%B7%A8,バップ,VPCG-83210,---
ゼロテスター,1973/10/01,1974/06/17,懐かしのテレビまんが主題歌大全集 アニメ編・Ⅱ,ED/愛する大地,https://www.amazon.co.jp/s?k=VPCG-84221%20%E6%87%90%E3%81%8B%E3%81%97%E3%81%AE%E3%83%86%E3%83%AC%E3%83%93%E3%81%BE%E3%82%93%E3%81%8C%E4%B8%BB%E9%A1%8C%E6%AD%8C%E5%A4%A7%E5%85%A8%E9%9B%86%20%E3%82%A2%E3%83%8B%E3%83%A1%E7%B7%A8%E3%83%BB%E2%85%A1,バップ,VPCG-84221,---
ミラクル少女リミットちゃん,1973/10/01,1974/03/25,初盤,"OP/幸わせを呼ぶリミットちゃん
ED/センチなリミットちゃん",https://www.amazon.co.jp/s?k=SCS-517%20%E5%88%9D%E7%9B%A4,日本コロムビア,SCS-517,---
ミラクル少女リミットちゃん,1973/10/01,1974/03/25,続･テレビまんが主題歌のあゆみ(2枚組),OP/幸わせを呼ぶリミットちゃん,https://www.amazon.co.jp/s?k=COCX-33500%EF%BD%9E1%20%E7%B6%9A%EF%BD%A5%E3%83%86%E3%83%AC%E3%83%93%E3%81%BE%E3%82%93%E3%81%8C%E4%B8%BB%E9%A1%8C%E6%AD%8C%E3%81%AE%E3%81%82%E3%82%86%E3%81%BF%282%E6%9E%9A%E7%B5%84%29,日本コロムビア,COCX-33500～1,---
ミラクル少女リミットちゃん,1973/10/01,1974/03/25,テレビアニメ スーパーヒストリーvol.８,"OP/幸わせを呼ぶリミットちゃん
ED/センチなリミットちゃん",https://www.amazon.co.jp/s?k=COCC-70056%20%E3%83%86%E3%83%AC%E3%83%93%E3%82%A2%E3%83%8B%E3%83%A1%20%E3%82%B9%E3%83%BC%E3%83%91%E3%83%BC%E3%83%92%E3%82%B9%E3%83%88%E3%83%AA%E3%83%BCvol.%EF%BC%98,日本コロムビア,COCC-70056,---
ミラクル少女リミットちゃん,1973/10/01,1974/03/25,アニメ主題歌メモリアル(10枚組･通信販売）,"OP/幸わせを呼ぶリミットちゃん
ED/センチなリミットちゃん",https://www.amazon.co.jp/s?k=GES-30526%EF%BD%9E35%20%E3%82%A2%E3%83%8B%E3%83%A1%E4%B8%BB%E9%A1%8C%E6%AD%8C%E3%83%A1%E3%83%A2%E3%83%AA%E3%82%A2%E3%83%AB%2810%E6%9E%9A%E7%B5%84%EF%BD%A5%E9%80%9A%E4%BF%A1%E8%B2%A9%E5%A3%B2%EF%BC%89,コロムビアファミリークラブ,GES-30526～35,---
ミラクル少女リミットちゃん,1973/10/01,1974/03/25,続･テレビまんが懐かしのB面コレクション(2枚組),ED/センチなリミットちゃん,https://www.amazon.co.jp/s?k=COCX-33558%EF%BD%9E9%20%E7%B6%9A%EF%BD%A5%E3%83%86%E3%83%AC%E3%83%93%E3%81%BE%E3%82%93%E3%81%8C%E6%87%90%E3%81%8B%E3%81%97%E3%81%AEB%E9%9D%A2%E3%82%B3%E3%83%AC%E3%82%AF%E3%82%B7%E3%83%A7%E3%83%B3%282%E6%9E%9A%E7%B5%84%29,日本コロムビア,COCX-33558～9,---
新造人間キャシャーン,1973/10/02,1974/06/25,初盤,"OP/たたかえ! キャシャーン
ED/おれは新造人間",https://www.amazon.co.jp/s?k=SCS-516%20%E5%88%9D%E7%9B%A4,日本コロムビア,SCS-516,---
新造人間キャシャーン,1973/10/02,1974/06/25,続･テレビまんが主題歌のあゆみ(2枚組),OP/たたかえ! キャシャーン,https://www.amazon.co.jp/s?k=COCX-33500%EF%BD%9E1%20%E7%B6%9A%EF%BD%A5%E3%83%86%E3%83%AC%E3%83%93%E3%81%BE%E3%82%93%E3%81%8C%E4%B8%BB%E9%A1%8C%E6%AD%8C%E3%81%AE%E3%81%82%E3%82%86%E3%81%BF%282%E6%9E%9A%E7%B5%84%29,日本コロムビア,COCX-33500～1,---
新造人間キャシャーン,1973/10/02,1974/06/25,テレビアニメ スーパーヒストリーvol.８,"OP/たたかえ! キャシャーン
ED/おれは新造人間",https://www.amazon.co.jp/s?k=COCC-70056%20%E3%83%86%E3%83%AC%E3%83%93%E3%82%A2%E3%83%8B%E3%83%A1%20%E3%82%B9%E3%83%BC%E3%83%91%E3%83%BC%E3%83%92%E3%82%B9%E3%83%88%E3%83%AA%E3%83%BCvol.%EF%BC%98,日本コロムビア,COCC-70056,---
新造人間キャシャーン,1973/10/02,1974/06/25,アニメ主題歌メモリアル(10枚組･通信販売）,"OP/たたかえ! キャシャーン
ED/おれは新造人間",https://www.amazon.co.jp/s?k=GES-30526%EF%BD%9E35%20%E3%82%A2%E3%83%8B%E3%83%A1%E4%B8%BB%E9%A1%8C%E6%AD%8C%E3%83%A1%E3%83%A2%E3%83%AA%E3%82%A2%E3%83%AB%2810%E6%9E%9A%E7%B5%84%EF%BD%A5%E9%80%9A%E4%BF%A1%E8%B2%A9%E5%A3%B2%EF%BC%89,コロムビアファミリークラブ,GES-30526～35,---
新造人間キャシャーン,1973/10/02,1974/06/25,続･テレビまんが懐かしのB面コレクション(2枚組),ED/おれは新造人間,https://www.amazon.co.jp/s?k=COCX-33558%EF%BD%9E9%20%E7%B6%9A%EF%BD%A5%E3%83%86%E3%83%AC%E3%83%93%E3%81%BE%E3%82%93%E3%81%8C%E6%87%90%E3%81%8B%E3%81%97%E3%81%AEB%E9%9D%A2%E3%82%B3%E3%83%AC%E3%82%AF%E3%82%B7%E3%83%A7%E3%83%B3%282%E6%9E%9A%E7%B5%84%29,日本コロムビア,COCX-33558～9,---
空手バカ一代,1973/10/03,1974/09/25,初盤,"OP/空手バカ一代
ED/空手道おとこ道",https://www.amazon.co.jp/s?k=L-2503P%20%E5%88%9D%E7%9B%A4,ワーナー・パイオニア,L-2503P,---
空手バカ一代,1973/10/03,1974/09/25,懐かしのテレビまんが主題歌大全集 アニメ編,"OP/空手バカ一代
ED/空手道おとこ道",https://www.amazon.co.jp/s?k=VPCG-83210%20%E6%87%90%E3%81%8B%E3%81%97%E3%81%AE%E3%83%86%E3%83%AC%E3%83%93%E3%81%BE%E3%82%93%E3%81%8C%E4%B8%BB%E9%A1%8C%E6%AD%8C%E5%A4%A7%E5%85%A8%E9%9B%86%20%E3%82%A2%E3%83%8B%E3%83%A1%E7%B7%A8,バップ,VPCG-83210,---
空手バカ一代,1973/10/03,1974/09/25,オリジナル版懐かしのアニメソング大全[4] 1970～1973,"OP/空手バカ一代
ED/空手道おとこ道",https://www.amazon.co.jp/s?k=TOCT-8516%20%E3%82%AA%E3%83%AA%E3%82%B8%E3%83%8A%E3%83%AB%E7%89%88%E6%87%90%E3%81%8B%E3%81%97%E3%81%AE%E3%82%A2%E3%83%8B%E3%83%A1%E3%82%BD%E3%83%B3%E3%82%B0%E5%A4%A7%E5%85%A8%5B4%5D%201970%EF%BD%9E1973,東芝EMI,TOCT-8516,---
ドロロンえん魔くん,1973/10/04,1973/03/28,初盤,"OP/ドロロンえん魔くん
ED/妖怪にご用心",https://www.amazon.co.jp/s?k=SCS-521%20%E5%88%9D%E7%9B%A4,日本コロムビア,SCS-521,---
ドロロンえん魔くん,1973/10/04,1973/03/28,初盤,"OP/ドロロンえん魔くん
ED/妖怪にご用心",https://www.amazon.co.jp/s?k=APM-4560%20%E5%88%9D%E7%9B%A4,朝日ソノラマ,APM-4560,---
ドロロンえん魔くん,1973/10/04,1973/03/28,続･テレビまんが主題歌のあゆみ(2枚組),OP/ドロロンえん魔くん,https://www.amazon.co.jp/s?k=COCX-33500%EF%BD%9E1%20%E7%B6%9A%EF%BD%A5%E3%83%86%E3%83%AC%E3%83%93%E3%81%BE%E3%82%93%E3%81%8C%E4%B8%BB%E9%A1%8C%E6%AD%8C%E3%81%AE%E3%81%82%E3%82%86%E3%81%BF%282%E6%9E%9A%E7%B5%84%29,日本コロムビア,COCX-33500～1,---
ドロロンえん魔くん,1973/10/04,1973/03/28,テレビアニメ スーパーヒストリーvol.９,"OP/ドロロンえん魔くん
ED/妖怪にご用心",https://www.amazon.co.jp/s?k=COCC-70057%20%E3%83%86%E3%83%AC%E3%83%93%E3%82%A2%E3%83%8B%E3%83%A1%20%E3%82%B9%E3%83%BC%E3%83%91%E3%83%BC%E3%83%92%E3%82%B9%E3%83%88%E3%83%AA%E3%83%BCvol.%EF%BC%99,日本コロムビア,COCC-70057,---
ドロロンえん魔くん,1973/10/04,1973/03/28,アニメ主題歌メモリアル(10枚組･通信販売）,"OP/ドロロンえん魔くん
ED/妖怪にご用心",https://www.amazon.co.jp/s?k=GES-30526%EF%BD%9E35%20%E3%82%A2%E3%83%8B%E3%83%A1%E4%B8%BB%E9%A1%8C%E6%AD%8C%E3%83%A1%E3%83%A2%E3%83%AA%E3%82%A2%E3%83%AB%2810%E6%9E%9A%E7%B5%84%EF%BD%A5%E9%80%9A%E4%BF%A1%E8%B2%A9%E5%A3%B2%EF%BC%89,コロムビアファミリークラブ,GES-30526～35,---
ドロロンえん魔くん,1973/10/04,1973/03/28,続･テレビまんが懐かしのB面コレクション(2枚組),ED/妖怪にご用心,https://www.amazon.co.jp/s?k=COCX-33558%EF%BD%9E9%20%E7%B6%9A%EF%BD%A5%E3%83%86%E3%83%AC%E3%83%93%E3%81%BE%E3%82%93%E3%81%8C%E6%87%90%E3%81%8B%E3%81%97%E3%81%AEB%E9%9D%A2%E3%82%B3%E3%83%AC%E3%82%AF%E3%82%B7%E3%83%A7%E3%83%B3%282%E6%9E%9A%E7%B5%84%29,日本コロムビア,COCX-33558～9,---
ドロロンえん魔くん,1973/10/04,1973/03/28,オリジナル版懐かしのアニメソング大全 補遺編,"OP/ドロロンえん魔くん
ED/妖怪にご用心",https://www.amazon.co.jp/s?k=TOCT-9257%20%E3%82%AA%E3%83%AA%E3%82%B8%E3%83%8A%E3%83%AB%E7%89%88%E6%87%90%E3%81%8B%E3%81%97%E3%81%AE%E3%82%A2%E3%83%8B%E3%83%A1%E3%82%BD%E3%83%B3%E3%82%B0%E5%A4%A7%E5%85%A8%20%E8%A3%9C%E9%81%BA%E7%B7%A8,東芝EMI,TOCT-9257,---
ドロロンえん魔くん,1973/10/04,1973/03/28,懐かしのミュージッククリップ33 「ドロロンえん魔くん」,"OP/ドロロンえん魔くん
ED/妖怪にご用心",https://www.amazon.co.jp/s?k=TOCT-10156%20%E6%87%90%E3%81%8B%E3%81%97%E3%81%AE%E3%83%9F%E3%83%A5%E3%83%BC%E3%82%B8%E3%83%83%E3%82%AF%E3%82%AF%E3%83%AA%E3%83%83%E3%83%9733%20%E3%80%8C%E3%83%89%E3%83%AD%E3%83%AD%E3%83%B3%E3%81%88%E3%82%93%E9%AD%94%E3%81%8F%E3%82%93%E3%80%8D,東芝EMI,TOCT-10156,---
エースをねらえ!,1973/10/05,1974/03/29,初盤,"OP/エースをねらえ!
ED/白いテニスコートで",https://www.amazon.co.jp/s?k=DT-1013%20%E5%88%9D%E7%9B%A4,東宝,DT-1013,---
エースをねらえ!,1973/10/05,1974/03/29,初盤,"OP/エースをねらえ!
ED/白いテニスコートで",https://www.amazon.co.jp/s?k=STLC-003%EF%BD%9E4%20%E5%88%9D%E7%9B%A4,SOUNDTRACK PUB,STLC-003～4,「エースをねらえ! オリジナル･サウンドトラック」２はTVオリジナル･フルコーラスVer。 (NKCD-6630～1)
エースをねらえ!,1973/10/05,1974/03/29,懐かしのテレビまんが主題歌大全集 アニメ編,"OP/エースをねらえ!
ED/白いテニスコートで",https://www.amazon.co.jp/s?k=VPCG-83210%20%E6%87%90%E3%81%8B%E3%81%97%E3%81%AE%E3%83%86%E3%83%AC%E3%83%93%E3%81%BE%E3%82%93%E3%81%8C%E4%B8%BB%E9%A1%8C%E6%AD%8C%E5%A4%A7%E5%85%A8%E9%9B%86%20%E3%82%A2%E3%83%8B%E3%83%A1%E7%B7%A8,バップ,VPCG-83210,２はサビ部分がTV版と異なる(レコードVer)。
エースをねらえ!,1973/10/05,1974/03/29,オリジナル版懐かしのアニメソング大全[4] 1970～1973,"OP/エースをねらえ!
ED/白いテニスコートで",https://www.amazon.co.jp/s?k=TOCT-8516%20%E3%82%AA%E3%83%AA%E3%82%B8%E3%83%8A%E3%83%AB%E7%89%88%E6%87%90%E3%81%8B%E3%81%97%E3%81%AE%E3%82%A2%E3%83%8B%E3%83%A1%E3%82%BD%E3%83%B3%E3%82%B0%E5%A4%A7%E5%85%A8%5B4%5D%201970%EF%BD%9E1973,東芝EMI,TOCT-8516,---
エースをねらえ!,1973/10/05,1974/03/29,懐かしのミュージッククリップ３ 「エースをねらえ!」,"OP/エースをねらえ!
ED/白いテニスコートで",https://www.amazon.co.jp/s?k=TOCT-9358%20%E6%87%90%E3%81%8B%E3%81%97%E3%81%AE%E3%83%9F%E3%83%A5%E3%83%BC%E3%82%B8%E3%83%83%E3%82%AF%E3%82%AF%E3%83%AA%E3%83%83%E3%83%97%EF%BC%93%20%E3%80%8C%E3%82%A8%E3%83%BC%E3%82%B9%E3%82%92%E3%81%AD%E3%82%89%E3%81%88%21%E3%80%8D,東芝EMI,TOCT-9358,---
エースをねらえ!,1973/10/05,1974/03/29,エースをねらえ! 総音楽集,"OP/エースをねらえ!
ED/白いテニスコートで",https://www.amazon.co.jp/s?k=KICA-2120%20%E3%82%A8%E3%83%BC%E3%82%B9%E3%82%92%E3%81%AD%E3%82%89%E3%81%88%21%20%E7%B7%8F%E9%9F%B3%E6%A5%BD%E9%9B%86,キングレコード,KICA-2120,---
エースをねらえ!,1973/10/05,1974/03/29,エースをねらえ! オリジナル･サウンドトラック,"OP/エースをねらえ!
ED/白いテニスコートで",https://www.amazon.co.jp/s?k=STLC-003%EF%BD%9E4%20%E3%82%A8%E3%83%BC%E3%82%B9%E3%82%92%E3%81%AD%E3%82%89%E3%81%88%21%20%E3%82%AA%E3%83%AA%E3%82%B8%E3%83%8A%E3%83%AB%EF%BD%A5%E3%82%B5%E3%82%A6%E3%83%B3%E3%83%89%E3%83%88%E3%83%A9%E3%83%83%E3%82%AF,SOUNDTRACK PUB,STLC-003～4,２はTVオリジナル･フルコーラスVerだが、
エースをねらえ!,1973/10/05,1974/03/29,---,---,https://www.amazon.co.jp/s?k=%28NKCD-6630%EF%BD%9E1%29,---,(NKCD-6630～1),TV版と比べるとイントロ部分がスローになっている。 ２は最近になってTVオリジナル・フルコーラス音源が発見されたため、これまでのタイプをレコードオリジナルVerとして取り扱う。
冒険コロボックル,1973/10/06,1974/03/30,初盤,"OP/白い風にのって
ED/冒険コロボックル",https://www.amazon.co.jp/s?k=TV%28H%29-12%20%E5%88%9D%E7%9B%A4,キングレコード,TV(H)-12,---
冒険コロボックル,1973/10/06,1974/03/30,懐かしのテレビまんが主題歌大全集 アニメ編,"OP/白い風にのって
ED/冒険コロボックル",https://www.amazon.co.jp/s?k=VPCG-83210%20%E6%87%90%E3%81%8B%E3%81%97%E3%81%AE%E3%83%86%E3%83%AC%E3%83%93%E3%81%BE%E3%82%93%E3%81%8C%E4%B8%BB%E9%A1%8C%E6%AD%8C%E5%A4%A7%E5%85%A8%E9%9B%86%20%E3%82%A2%E3%83%8B%E3%83%A1%E7%B7%A8,バップ,VPCG-83210,---
侍ジャイアンツ,1973/10/07,1974/09/29,初盤,"OP/侍ジャイアンツ
ED/サムライ番場蛮",https://www.amazon.co.jp/s?k=L-2502P%20%E5%88%9D%E7%9B%A4,ワーナー・パイオニア,L-2502P,---
侍ジャイアンツ,1973/10/07,1974/09/29,初盤,"OP/王者・侍ジャイアンツ
ED/ゆけ! バンババン",https://www.amazon.co.jp/s?k=L-2505P%20%E5%88%9D%E7%9B%A4,ワーナー・パイオニア,L-2505P,---
侍ジャイアンツ,1973/10/07,1974/09/29,懐かしのテレビまんが主題歌大全集 アニメ編,"OP/侍ジャイアンツ
ED/サムライ番場蛮
OP/王者・侍ジャイアンツ
ED/ゆけ! バンババン",https://www.amazon.co.jp/s?k=VPCG-83210%20%E6%87%90%E3%81%8B%E3%81%97%E3%81%AE%E3%83%86%E3%83%AC%E3%83%93%E3%81%BE%E3%82%93%E3%81%8C%E4%B8%BB%E9%A1%8C%E6%AD%8C%E5%A4%A7%E5%85%A8%E9%9B%86%20%E3%82%A2%E3%83%8B%E3%83%A1%E7%B7%A8,バップ,VPCG-83210,---
侍ジャイアンツ,1973/10/07,1974/09/29,オリジナル版懐かしのアニメソング大全[4] 1970～1973,"OP/侍ジャイアンツ
ED/サムライ番場蛮",https://www.amazon.co.jp/s?k=TOCT-8516%20%E3%82%AA%E3%83%AA%E3%82%B8%E3%83%8A%E3%83%AB%E7%89%88%E6%87%90%E3%81%8B%E3%81%97%E3%81%AE%E3%82%A2%E3%83%8B%E3%83%A1%E3%82%BD%E3%83%B3%E3%82%B0%E5%A4%A7%E5%85%A8%5B4%5D%201970%EF%BD%9E1973,東芝EMI,TOCT-8516,---
キューティーハニー,1973/10/13,1974/03/30,初盤,"OP/キューティーハニー
(ED)/夜霧のハニー",https://www.amazon.co.jp/s?k=SCS-519%20%E5%88%9D%E7%9B%A4,日本コロムビア,SCS-519,---
キューティーハニー,1973/10/13,1974/03/30,続･テレビまんが主題歌のあゆみ(2枚組),OP/キューティーハニー,https://www.amazon.co.jp/s?k=COCX-33500%EF%BD%9E1%20%E7%B6%9A%EF%BD%A5%E3%83%86%E3%83%AC%E3%83%93%E3%81%BE%E3%82%93%E3%81%8C%E4%B8%BB%E9%A1%8C%E6%AD%8C%E3%81%AE%E3%81%82%E3%82%86%E3%81%BF%282%E6%9E%9A%E7%B5%84%29,日本コロムビア,COCX-33500～1,---
キューティーハニー,1973/10/13,1974/03/30,テレビアニメ スーパーヒストリーvol.９,"OP/キューティーハニー
(ED)/夜霧のハニー",https://www.amazon.co.jp/s?k=COCC-70057%20%E3%83%86%E3%83%AC%E3%83%93%E3%82%A2%E3%83%8B%E3%83%A1%20%E3%82%B9%E3%83%BC%E3%83%91%E3%83%BC%E3%83%92%E3%82%B9%E3%83%88%E3%83%AA%E3%83%BCvol.%EF%BC%99,日本コロムビア,COCC-70057,---
キューティーハニー,1973/10/13,1974/03/30,アニメ主題歌メモリアル(10枚組･通信販売）,"OP/キューティーハニー
(ED)/夜霧のハニー",https://www.amazon.co.jp/s?k=GES-30526%EF%BD%9E35%20%E3%82%A2%E3%83%8B%E3%83%A1%E4%B8%BB%E9%A1%8C%E6%AD%8C%E3%83%A1%E3%83%A2%E3%83%AA%E3%82%A2%E3%83%AB%2810%E6%9E%9A%E7%B5%84%EF%BD%A5%E9%80%9A%E4%BF%A1%E8%B2%A9%E5%A3%B2%EF%BC%89,コロムビアファミリークラブ,GES-30526～35,---
キューティーハニー,1973/10/13,1974/03/30,続･テレビまんが懐かしのB面コレクション(2枚組),(ED)/夜霧のハニー,https://www.amazon.co.jp/s?k=COCX-33558%EF%BD%9E9%20%E7%B6%9A%EF%BD%A5%E3%83%86%E3%83%AC%E3%83%93%E3%81%BE%E3%82%93%E3%81%8C%E6%87%90%E3%81%8B%E3%81%97%E3%81%AEB%E9%9D%A2%E3%82%B3%E3%83%AC%E3%82%AF%E3%82%B7%E3%83%A7%E3%83%B3%282%E6%9E%9A%E7%B5%84%29,日本コロムビア,COCX-33558～9,---
